staffing,open_at_ship
0.75,313
0.75,296
0.75,295
0.75,285
0.75,292
0.75,295
0.75,277
0.75,289
0.75,274
0.75,296
0.75,311
0.75,270
0.75,266
0.75,266
0.75,293
0.75,294
0.75,308
0.75,278
0.75,290
0.75,309
0.75,283
0.75,297
0.75,268
0.75,304
0.75,294
0.75,306
0.75,287
0.75,307
0.75,303
0.75,312
0.75,269
0.75,287
0.75,303
0.75,278
0.75,308
0.75,267
0.75,285
0.75,300
0.75,296
0.75,256
0.75,268
0.75,284
0.75,289
0.75,261
0.75,341
0.75,296
0.75,281
0.75,293
0.75,286
0.75,303
0.75,265
0.75,296
0.75,299
0.75,293
0.75,279
0.75,279
0.75,301
0.75,296
0.75,281
0.75,293
0.75,326
0.75,317
0.75,291
0.75,268
0.75,327
0.75,292
0.75,286
0.75,280
0.75,275
0.75,254
0.75,261
0.75,296
0.75,320
0.75,295
0.75,290
0.75,309
0.75,306
0.75,298
0.75,296
0.75,300
0.75,288
0.75,283
0.75,300
0.75,320
0.75,297
0.75,319
0.75,280
0.75,314
0.75,295
0.75,298
0.75,275
0.75,281
0.75,285
0.75,301
0.75,276
0.75,264
0.75,308
0.75,290
0.75,295
0.75,282
0.75,351
0.75,300
0.75,293
0.75,267
0.75,287
0.75,295
0.75,310
0.75,302
0.75,288
0.75,277
0.75,294
0.75,287
0.75,289
0.75,292
0.75,285
0.75,316
0.75,303
0.75,283
0.75,248
0.75,265
0.75,315
0.75,290
0.75,267
0.75,277
0.75,267
0.75,311
0.75,278
0.75,314
0.75,273
0.75,287
0.75,277
0.75,268
0.75,278
0.75,306
0.75,307
0.75,300
0.75,302
0.75,332
0.75,303
0.75,306
0.75,289
0.75,288
0.75,292
0.75,285
0.75,299
0.75,292
0.75,264
0.75,322
0.75,285
0.75,291
0.75,298
0.75,295
0.75,272
0.75,307
0.75,292
0.75,301
0.75,276
0.75,282
0.75,312
0.75,280
0.75,273
0.75,293
0.75,303
0.75,284
0.75,316
0.75,294
0.75,307
0.75,288
0.75,294
0.75,311
0.75,284
0.75,285
0.75,293
0.75,287
0.75,329
0.75,276
0.75,290
0.75,288
0.75,271
0.75,291
0.75,310
0.75,307
0.75,279
0.75,276
0.75,292
0.75,268
0.75,293
0.75,281
0.75,269
0.75,284
0.75,301
0.75,277
0.75,272
0.75,333
0.75,313
0.75,264
0.75,285
0.75,290
0.75,321
0.75,284
0.75,266
0.75,237
0.75,287
0.75,273
0.75,291
0.75,317
0.75,316
0.75,293
0.75,293
0.75,276
0.75,290
0.75,291
0.75,255
0.75,280
0.75,292
0.75,303
0.75,307
0.75,315
0.75,306
0.75,277
0.75,299
0.75,281
0.75,278
0.75,306
0.75,299
0.75,320
0.75,338
0.75,284
0.75,266
0.75,282
0.75,271
0.75,297
0.75,285
0.75,319
0.75,264
0.75,274
0.75,303
0.75,293
0.75,302
0.75,279
0.75,282
0.75,292
0.75,286
0.75,315
0.75,307
0.75,288
0.75,274
0.75,318
0.75,302
0.75,281
0.75,300
0.75,277
0.75,280
0.75,292
0.75,291
0.75,277
0.75,292
0.75,321
0.75,315
0.75,296
0.75,283
0.75,293
0.75,283
0.75,288
0.75,306
0.75,275
0.75,309
0.75,311
0.75,291
0.75,297
0.75,305
0.75,297
0.75,266
0.75,284
0.75,289
0.75,325
0.75,265
0.75,310
0.75,320
0.75,264
0.75,300
0.75,305
0.75,290
0.75,289
0.75,281
0.75,289
0.75,298
0.75,265
0.75,305
0.75,299
0.75,300
0.75,285
0.75,272
0.75,277
0.75,285
0.75,302
0.75,242
0.75,298
0.75,332
0.75,284
0.75,260
0.75,296
0.75,279
0.75,296
0.75,284
0.75,293
0.75,278
0.75,322
0.75,302
0.75,269
0.75,270
0.75,272
0.75,295
0.75,287
0.75,299
0.75,278
0.75,283
0.75,313
0.75,279
0.75,267
0.75,281
0.75,258
0.75,283
0.75,282
0.75,257
0.75,273
0.75,313
0.75,292
0.75,308
0.75,275
0.75,298
0.75,275
0.75,278
0.75,319
0.75,291
0.75,287
0.75,298
0.75,283
0.75,314
0.75,287
0.75,267
0.75,298
0.75,287
0.75,297
0.75,297
0.75,272
0.75,303
0.75,293
0.75,300
0.75,267
0.75,279
0.75,309
0.75,289
0.75,309
0.75,295
0.75,321
0.75,292
0.75,306
0.75,290
0.75,259
0.75,306
0.75,275
0.75,306
0.75,334
0.75,276
0.75,284
0.75,299
0.75,284
0.75,286
0.75,290
0.75,279
0.75,287
0.75,296
0.75,279
0.75,298
0.75,288
0.75,290
0.75,272
0.75,284
0.75,310
0.75,272
0.75,299
0.75,310
0.75,314
0.75,298
0.75,258
0.75,298
0.75,267
0.75,293
0.75,285
0.75,276
0.75,272
0.75,306
0.75,271
0.75,277
0.75,279
0.75,288
0.75,297
0.75,300
0.75,286
0.75,262
0.75,281
0.75,284
0.75,304
0.75,278
0.75,272
0.75,265
0.75,294
0.75,280
0.75,287
0.75,317
0.75,300
0.75,288
0.75,274
0.75,289
0.75,319
0.75,312
0.75,292
0.75,277
0.75,292
0.75,298
0.75,276
0.75,295
0.75,321
0.75,332
0.75,294
0.75,267
0.75,275
0.75,305
0.75,297
0.75,279
0.75,284
0.75,255
0.75,294
0.75,277
0.75,305
0.75,347
0.75,298
0.75,249
0.75,279
0.75,287
0.75,308
0.75,302
0.75,296
0.75,291
0.75,292
0.75,306
0.75,269
0.75,308
0.75,314
0.75,325
0.75,289
0.75,307
0.75,291
0.75,296
0.75,290
0.75,315
0.75,293
0.75,291
0.75,285
0.75,304
0.75,276
0.75,306
0.75,296
0.75,300
0.75,275
0.75,307
0.75,286
0.75,289
0.75,288
0.75,283
0.75,308
0.75,286
0.75,303
0.75,290
0.75,303
0.75,294
0.75,311
0.75,298
0.75,301
0.75,276
0.75,290
0.75,313
0.75,296
0.75,281
0.75,268
0.75,281
0.75,294
0.75,297
0.75,287
0.75,295
0.75,308
0.75,274
0.75,306
0.75,281
0.75,304
0.75,266
0.75,288
0.75,313
0.75,301
0.75,282
0.75,315
0.75,279
0.75,277
0.75,284
0.75,278
0.75,301
0.75,286
0.75,273
0.75,288
0.75,286
0.75,263
0.75,283
0.75,274
0.75,303
0.75,270
0.75,281
0.75,255
0.75,271
0.75,291
0.75,261
0.75,298
0.75,302
0.75,304
0.75,289
0.75,320
0.75,246
0.75,299
0.75,283
0.75,301
0.75,282
0.75,281
0.75,280
0.75,325
0.75,317
0.75,254
0.75,304
0.75,314
0.75,265
0.75,269
0.75,297
0.75,289
0.75,280
0.75,324
0.75,294
0.75,297
0.75,284
0.75,296
0.75,267
0.75,299
0.75,305
0.75,247
0.75,282
0.75,297
0.75,297
0.75,290
0.75,278
0.75,319
0.75,302
0.75,303
0.75,298
0.75,320
0.75,283
0.75,282
0.75,295
0.75,298
0.75,307
0.75,296
0.75,300
0.75,272
0.75,286
0.75,298
0.75,265
0.75,299
0.75,276
0.75,290
0.75,290
0.75,315
0.75,279
0.75,280
0.75,295
0.75,290
0.75,296
0.75,306
0.75,255
0.75,265
0.75,292
0.75,266
0.75,306
0.75,280
0.75,299
0.75,294
0.75,287
0.75,295
0.75,280
0.75,279
0.75,257
0.75,307
0.75,292
0.75,264
0.75,334
0.75,305
0.75,290
0.75,269
0.75,323
0.75,279
0.75,289
0.75,318
0.75,272
0.75,313
0.75,288
0.75,296
0.75,283
0.75,273
0.75,322
0.75,317
0.75,289
0.75,305
0.75,284
0.75,288
0.75,275
0.75,273
0.75,270
0.75,297
0.75,283
0.75,287
0.75,274
0.75,266
0.75,290
0.75,283
0.75,305
0.75,295
0.75,276
0.75,262
0.75,333
0.75,309
0.75,284
0.75,294
0.75,320
0.75,300
0.75,334
0.75,300
0.75,301
0.75,287
0.75,254
0.75,281
0.75,269
0.75,294
0.75,318
0.75,259
0.75,301
0.75,304
0.75,302
0.75,315
0.75,290
0.75,277
0.75,293
0.75,283
0.75,276
0.75,291
0.75,307
0.75,304
0.75,270
0.75,296
0.75,348
0.75,317
0.75,294
0.75,266
0.75,282
0.75,266
0.75,294
0.75,300
0.75,299
0.75,268
0.75,316
0.75,272
0.75,315
0.75,298
0.75,289
0.75,290
0.75,304
0.75,294
0.75,324
0.75,319
0.75,289
0.75,274
0.75,294
0.75,292
0.75,331
0.75,270
0.75,279
0.75,301
0.75,297
0.75,315
0.75,297
0.75,291
0.75,258
0.75,302
0.75,304
0.75,281
0.75,291
0.75,316
0.75,283
0.75,297
0.75,319
0.75,267
0.75,304
0.75,272
0.75,326
0.75,278
0.75,270
0.75,290
0.75,289
0.75,287
0.75,286
0.75,306
0.75,297
0.75,283
0.75,313
0.75,301
0.75,299
0.75,279
0.75,325
0.75,291
0.75,289
0.75,303
0.75,274
0.75,282
0.75,270
0.75,302
0.75,315
0.75,281
0.75,275
0.75,285
0.75,314
0.75,305
0.75,288
0.75,326
0.75,278
0.75,306
0.75,288
0.75,294
0.75,300
0.75,267
0.75,269
0.75,291
0.75,266
0.75,306
0.75,322
0.75,302
0.75,273
0.75,295
0.75,305
0.75,281
0.75,295
0.75,298
0.75,301
0.75,296
0.75,312
0.75,296
0.75,299
0.75,313
0.75,294
0.75,293
0.75,257
0.75,310
0.75,293
0.75,294
0.75,301
0.75,282
0.75,258
0.75,263
0.75,300
0.75,296
0.75,298
0.75,299
0.75,317
0.75,264
0.75,287
0.75,270
0.75,283
0.75,287
0.75,298
0.75,283
0.75,304
0.75,311
0.75,278
0.75,301
0.75,280
0.75,303
0.75,291
0.75,269
0.75,269
0.75,325
0.75,301
0.75,294
0.75,291
0.75,310
0.75,289
0.75,282
0.75,277
0.75,313
0.75,294
0.75,280
0.75,271
0.75,309
0.75,272
0.75,277
0.75,277
0.75,277
0.75,295
0.75,318
0.75,287
0.75,285
0.75,337
0.75,293
0.75,276
0.75,301
0.75,298
0.75,292
0.75,281
0.75,274
0.75,297
0.75,268
0.75,287
0.75,268
0.75,289
0.75,307
0.75,291
0.75,269
0.75,289
0.75,287
0.75,315
0.75,289
0.75,310
0.75,288
0.75,292
0.75,294
0.75,272
0.75,286
0.75,291
0.75,282
0.75,283
0.75,307
0.75,314
0.75,312
0.75,327
0.75,259
0.75,269
0.75,268
0.75,316
0.75,293
0.75,309
0.75,301
0.75,272
0.75,294
0.75,328
0.75,280
0.75,289
0.75,292
0.75,279
0.75,331
0.75,277
0.75,320
0.75,299
0.75,300
0.75,304
0.75,285
0.75,325
0.75,296
0.75,298
0.75,281
0.75,327
0.75,322
0.75,284
0.75,286
0.75,267
0.75,283
0.75,295
0.75,295
0.75,289
0.75,321
0.75,295
0.75,288
0.75,306
0.75,282
0.75,290
0.75,272
0.75,307
0.75,293
0.75,271
0.75,289
0.75,283
0.75,262
0.75,311
0.75,291
0.75,245
0.75,299
0.75,323
0.75,298
0.75,305
0.75,281
0.75,302
0.75,294
0.75,273
0.75,262
0.75,275
0.75,302
0.75,308
0.75,283
0.75,317
0.75,284
0.75,281
0.75,303
0.75,273
0.75,281
0.75,285
0.75,294
0.75,284
0.75,302
0.75,313
0.75,277
0.75,287
0.75,280
0.75,292
0.75,283
0.75,271
0.75,282
0.75,280
0.75,273
0.75,307
0.75,297
0.75,297
0.75,300
0.75,288
0.75,308
0.75,275
0.75,279
0.75,271
0.75,293
0.75,286
0.75,294
0.75,280
0.75,335
0.75,306
0.75,295
0.75,283
0.75,300
0.75,259
0.75,286
0.75,264
0.75,302
0.75,275
0.75,284
0.75,292
0.75,296
0.75,271
0.75,287
0.75,265
0.75,298
0.75,278
0.75,274
0.75,265
0.75,300
0.75,288
0.75,272
0.75,317
0.75,302
0.75,273
0.75,306
0.75,302
0.75,299
0.75,321
0.75,304
0.75,270
0.75,275
0.75,257
0.75,319
0.75,311
0.75,281
0.75,294
0.75,284
0.75,283
0.75,304
0.75,272
0.75,287
0.75,308
0.75,312
0.75,286
0.75,279
0.75,270
0.75,294
0.75,296
0.75,303
0.75,253
0.75,285
0.75,277
0.75,291
0.75,293
0.75,316
0.75,284
0.75,288
0.75,294
0.75,287
0.75,283
0.75,301
0.75,290
0.75,290
0.75,301
0.75,283
0.75,278
0.75,266
0.75,307
0.75,285
0.75,312
0.75,318
0.75,290
0.75,260
0.75,295
0.75,272
0.75,283
0.75,305
0.75,289
0.75,308
0.75,261
0.75,254
0.75,284
0.75,284
0.75,289
0.75,311
0.75,307
0.75,270
0.75,294
0.75,303
0.75,298
0.75,309
0.75,298
0.75,276
0.75,309
0.75,283
0.75,299
0.75,323
0.75,302
0.75,273
0.75,287
0.75,304
0.75,291
0.75,317
0.75,297
0.75,260
0.75,283
0.75,291
0.75,277
0.75,267
0.75,315
0.75,280
0.75,291
0.75,273
0.75,276
0.75,301
0.75,304
0.75,272
0.75,296
0.75,306
0.75,278
0.75,277
0.75,315
0.75,310
0.75,306
0.75,300
0.75,292
0.75,296
0.75,268
0.75,295
0.75,308
0.75,304
0.75,286
0.75,276
0.75,286
0.75,281
0.75,285
0.75,286
0.75,256
0.75,294
0.75,269
0.75,255
0.75,302
0.75,290
0.75,305
0.75,313
0.75,301
0.75,299
0.75,319
0.75,281
0.75,282
0.75,288
0.75,263
0.75,296
0.75,262
0.75,283
0.75,292
0.75,283
0.75,292
0.75,303
0.75,320
0.75,309
0.75,279
0.75,288
0.75,303
0.75,317
0.75,303
0.75,308
0.75,298
0.75,297
0.75,292
0.75,282
0.75,297
0.75,295
0.75,253
0.75,311
0.75,300
0.75,313
0.75,263
0.75,286
0.75,291
0.75,275
0.75,305
0.75,295
0.75,304
0.75,283
0.75,274
0.75,255
0.75,246
0.75,301
0.75,293
0.75,296
0.75,289
0.75,308
0.75,267
0.75,278
0.75,312
0.75,293
0.75,278
0.75,285
0.75,319
0.75,295
0.75,270
0.75,282
0.75,313
0.75,289
0.75,289
0.75,300
0.75,305
0.75,327
0.75,312
0.75,284
0.75,291
0.75,290
0.75,274
0.75,285
0.75,293
0.75,282
0.75,328
0.75,303
0.75,282
0.75,296
0.75,280
0.75,298
0.75,289
0.75,286
0.75,280
0.75,268
0.75,328
0.75,293
0.75,285
0.75,293
0.75,271
0.75,298
0.75,291
0.75,307
0.75,276
0.75,297
0.75,319
0.75,292
0.75,258
0.75,267
0.75,280
0.75,282
0.75,300
0.75,280
0.75,273
0.75,308
0.75,252
0.75,298
0.75,316
0.75,295
0.75,315
0.75,261
0.75,287
0.75,304
0.75,293
0.75,293
0.75,286
0.75,280
0.75,258
0.75,298
0.75,273
0.75,298
0.75,302
0.75,292
0.75,289
0.75,296
0.75,289
0.75,286
0.75,289
0.75,311
0.75,290
0.75,332
0.75,282
0.75,314
0.75,264
0.75,289
0.75,284
0.75,285
0.75,283
0.75,279
0.75,272
0.75,280
0.75,291
0.75,300
0.75,300
0.75,285
0.75,283
0.75,261
0.75,294
0.75,285
0.75,292
0.75,296
0.75,285
0.75,297
0.75,269
0.75,314
0.75,289
0.75,276
0.75,282
0.75,286
0.75,278
0.75,285
0.75,301
0.75,286
0.75,279
0.75,253
0.75,299
0.75,291
0.75,302
0.75,296
0.75,272
0.75,302
0.75,298
0.75,305
0.75,301
0.75,312
0.75,304
0.75,295
0.75,287
0.75,304
0.75,274
0.75,267
0.75,263
0.75,290
0.75,289
0.75,293
0.75,296
0.75,287
0.75,300
0.75,267
0.75,313
0.75,268
0.75,285
0.75,276
0.75,283
0.75,284
0.75,284
0.75,256
0.75,274
0.75,285
0.75,321
0.75,282
0.75,263
0.75,269
0.75,295
0.75,287
0.75,305
0.75,305
0.75,272
0.75,236
0.75,291
0.75,303
0.75,279
0.75,293
0.75,283
0.75,295
0.75,308
0.75,282
0.75,315
0.75,264
0.75,281
0.75,319
0.75,283
0.75,305
0.75,275
0.75,279
0.75,294
0.75,275
0.75,287
0.75,294
0.75,305
0.75,283
0.75,295
0.75,274
0.75,316
0.75,317
0.75,285
0.75,293
0.75,294
0.75,278
0.75,295
0.75,285
0.75,288
0.75,291
0.75,278
0.75,294
0.75,323
0.75,304
0.75,303
0.75,321
0.75,279
0.75,289
0.75,288
0.75,309
0.75,287
0.75,271
0.75,290
0.75,299
0.75,269
0.75,275
0.75,273
0.75,316
0.75,272
0.75,308
0.75,260
0.75,309
0.75,267
0.75,255
0.75,256
0.75,260
0.75,288
0.75,261
0.75,323
0.75,287
0.75,259
0.75,281
0.75,324
0.75,323
0.75,277
0.75,278
0.75,313
0.75,285
0.75,310
0.75,288
0.75,289
0.75,263
0.75,322
0.75,297
0.75,314
0.75,272
0.75,254
0.75,288
0.75,294
0.75,295
0.75,260
0.75,277
0.75,280
0.75,268
0.75,298
0.75,322
0.75,315
0.75,307
0.75,307
0.75,323
0.75,260
0.75,314
0.75,312
0.75,267
0.75,292
0.75,273
0.75,277
0.75,273
0.75,302
0.75,335
0.75,292
0.75,296
0.75,286
0.75,292
0.75,329
0.75,277
0.75,320
0.75,284
0.75,285
0.75,289
0.75,322
0.75,296
0.75,256
0.75,293
0.75,268
0.75,259
0.75,275
0.75,284
0.75,331
0.75,306
0.75,298
0.75,286
0.75,287
0.75,271
0.75,288
0.75,251
0.75,296
0.75,262
0.75,279
0.75,280
0.75,282
0.75,339
0.75,305
0.75,311
0.75,288
0.75,260
0.75,303
0.75,315
0.75,313
0.75,295
0.75,271
0.75,267
0.75,298
0.75,272
0.75,295
0.75,281
0.75,292
0.75,281
0.75,288
0.75,293
0.75,309
0.75,288
0.75,291
0.75,307
0.75,310
0.75,242
0.75,265
0.75,317
0.75,301
0.75,293
0.75,285
0.75,279
0.75,293
0.75,283
0.75,282
0.75,295
0.75,319
0.75,278
0.75,298
0.75,281
0.75,290
0.75,274
0.75,281
0.75,298
0.75,272
0.75,319
0.75,259
0.75,298
0.75,294
0.75,292
0.75,321
0.75,280
0.75,290
0.75,301
0.75,306
0.75,286
0.75,291
0.75,299
0.75,300
0.75,306
0.75,277
0.75,300
0.75,284
0.75,274
0.75,277
0.75,262
0.75,290
0.75,327
0.75,316
0.75,290
0.75,303
0.75,293
0.75,300
0.75,302
0.75,276
0.75,295
0.75,284
0.75,326
0.75,297
0.75,293
0.75,305
0.75,284
0.75,306
0.75,295
0.75,281
0.75,308
0.75,287
0.75,301
0.75,277
0.75,297
0.75,321
0.75,310
0.75,284
0.75,308
0.75,310
0.75,297
0.75,308
0.75,289
0.75,282
0.75,264
0.75,294
0.75,261
0.75,313
0.75,304
0.75,293
0.75,278
0.75,307
0.75,298
0.75,304
0.75,270
0.75,297
0.75,285
0.75,279
0.75,290
0.75,286
0.75,301
0.75,328
0.75,312
0.75,309
0.75,307
0.75,308
0.75,296
0.75,293
0.75,272
0.75,303
0.75,296
0.75,323
0.75,291
0.75,284
0.75,278
0.75,266
0.75,306
0.75,314
0.75,270
0.75,305
0.75,317
0.75,298
0.75,277
0.75,308
0.75,312
0.75,295
0.75,285
0.75,304
0.75,288
0.75,290
0.75,317
0.75,300
0.75,309
0.75,310
0.75,298
0.75,295
0.75,288
0.75,290
0.75,281
0.75,310
0.75,275
0.75,288
0.75,304
0.75,313
0.75,278
0.75,296
0.75,303
0.75,271
0.75,278
0.75,281
0.75,292
0.75,272
0.75,311
0.75,274
0.75,271
0.75,294
0.75,271
0.75,252
0.75,283
0.75,301
0.75,283
0.75,312
0.75,285
0.75,284
0.75,309
0.75,263
0.75,290
0.75,276
0.75,288
0.75,303
0.75,306
0.75,298
0.75,289
0.75,312
0.75,305
0.75,298
0.75,299
0.75,297
0.75,290
0.75,307
0.75,275
0.75,344
0.75,255
0.75,289
0.75,286
0.75,274
0.75,309
0.75,305
0.75,276
0.75,314
0.75,278
0.75,267
0.75,292
0.75,292
0.75,292
0.75,305
0.75,304
0.75,273
0.75,285
0.75,300
0.75,306
0.75,293
0.75,281
0.75,328
0.75,287
0.75,289
0.75,260
0.75,286
0.75,294
0.75,288
0.75,301
0.75,314
0.75,277
0.75,305
0.75,282
0.75,304
0.75,293
0.75,283
0.75,312
0.75,277
0.75,272
0.75,284
0.75,299
0.75,290
0.75,280
0.75,313
0.75,297
0.75,311
0.75,277
0.75,295
0.75,266
0.75,327
0.75,305
0.75,308
0.75,284
0.75,300
0.75,298
0.75,314
0.75,285
0.75,271
0.75,271
0.75,290
0.75,288
0.75,335
0.75,319
0.75,297
0.75,284
0.75,319
0.75,286
0.75,268
0.75,294
0.75,303
0.75,279
0.75,298
0.75,288
0.75,313
0.75,295
0.75,301
0.75,283
0.75,301
0.75,277
0.75,286
0.75,307
0.75,308
0.75,276
0.75,276
0.75,297
0.75,271
0.75,271
0.75,292
0.75,277
0.75,293
0.75,289
0.75,292
0.75,319
0.75,281
0.75,314
0.75,263
0.75,315
0.75,300
0.75,289
0.75,287
0.75,279
0.75,287
0.75,315
0.75,311
0.75,270
0.75,265
0.75,286
0.75,266
0.75,297
0.75,280
0.75,278
0.75,260
0.75,308
0.75,289
0.75,276
0.75,284
0.75,301
0.75,285
0.75,300
0.75,270
0.75,256
0.75,309
0.75,263
0.75,281
0.75,277
0.75,290
0.75,303
0.75,290
0.75,293
0.75,302
0.75,310
0.75,269
0.75,316
0.75,282
0.75,300
0.75,285
0.75,296
0.75,290
0.75,320
0.75,299
0.75,282
0.75,290
0.75,287
0.75,300
0.75,283
0.75,286
0.75,290
0.75,304
0.75,277
0.75,275
0.75,273
0.75,304
0.75,309
0.75,294
0.75,306
0.75,281
0.75,279
0.75,312
0.75,276
0.75,278
0.75,281
0.75,298
0.75,284
0.75,308
0.75,311
0.75,325
0.75,307
0.75,307
0.75,294
0.75,320
0.75,288
0.75,298
0.75,310
0.75,288
0.75,290
0.75,294
0.75,277
0.75,305
0.75,274
0.75,285
0.75,302
0.75,282
0.75,284
0.75,294
0.75,265
0.75,313
0.75,288
0.75,280
0.75,330
0.75,294
0.75,285
0.75,295
0.75,299
0.75,277
0.75,281
0.75,283
0.75,278
0.75,266
0.75,268
0.75,273
0.75,297
0.75,264
0.75,279
0.75,280
0.75,280
0.75,295
0.75,289
0.75,293
0.75,301
0.75,300
0.75,276
0.75,268
0.75,272
0.75,271
0.75,295
0.75,291
0.75,296
0.75,328
0.75,302
0.75,249
0.75,266
0.75,304
0.75,302
0.75,270
0.75,294
0.75,302
0.75,288
0.75,295
0.75,292
0.75,319
0.75,353
0.75,286
0.75,267
0.75,291
0.75,317
0.75,295
0.75,290
0.75,309
0.75,274
0.75,281
0.75,295
0.75,311
0.75,272
0.75,294
0.75,288
0.75,306
0.75,278
0.75,321
0.75,276
0.75,297
0.75,274
0.75,271
0.75,298
0.75,303
0.75,281
0.75,296
0.75,309
0.75,275
0.75,288
0.75,270
0.75,314
0.75,277
0.75,278
0.75,283
0.75,288
0.75,309
0.75,279
0.75,279
0.75,294
0.75,320
0.75,289
0.75,281
0.75,289
0.75,288
0.75,269
0.75,282
0.75,297
0.75,306
0.75,314
0.75,302
0.75,279
0.75,298
0.75,301
0.75,318
0.75,309
0.75,302
0.75,283
0.75,274
0.75,249
0.75,292
0.75,264
0.75,291
0.75,290
0.75,297
0.75,291
0.75,279
0.75,266
0.75,288
0.75,301
0.75,311
0.75,275
0.75,287
0.75,300
0.75,305
0.75,274
0.75,304
0.75,267
0.75,246
0.75,286
0.75,284
0.75,283
0.75,284
0.75,289
0.75,271
0.75,273
0.75,303
0.75,281
0.75,284
0.75,297
0.75,329
0.75,291
0.75,279
0.75,311
0.75,286
0.75,292
0.75,314
0.75,305
0.75,264
0.75,300
0.75,295
0.75,294
0.75,323
0.75,282
0.75,275
0.75,301
0.75,316
0.75,295
0.75,293
0.75,254
0.75,319
0.75,299
0.75,288
0.75,325
0.75,302
0.75,276
0.75,259
0.75,302
0.75,273
0.75,305
0.75,295
0.75,275
0.75,259
0.75,294
0.75,295
0.75,246
0.75,281
0.75,310
0.75,267
0.75,311
0.75,308
0.75,289
0.75,271
0.75,288
0.75,315
0.75,297
0.75,286
0.75,306
0.75,319
0.75,279
0.75,295
0.75,293
0.75,289
0.75,286
0.75,301
0.75,273
0.75,296
0.75,294
0.75,294
0.75,306
0.75,301
0.75,264
0.75,291
0.75,286
0.75,259
0.75,293
0.75,308
0.75,269
0.75,271
0.75,268
0.75,282
0.75,301
0.75,285
0.75,275
0.75,329
0.75,284
0.75,321
0.75,286
0.75,303
0.75,292
0.75,272
0.75,308
0.75,271
0.75,279
0.75,312
0.75,299
0.75,266
0.75,240
0.75,293
0.75,277
0.75,270
0.75,302
0.75,288
0.75,285
0.75,305
0.75,292
0.75,323
0.75,268
0.75,279
0.75,286
0.75,316
0.75,291
0.75,290
0.75,248
0.75,327
0.75,301
0.75,291
0.75,279
0.75,299
0.75,291
0.75,286
0.75,288
0.75,274
0.75,290
0.75,279
0.75,291
0.75,318
0.75,305
0.75,283
0.75,314
0.75,301
0.75,281
0.75,282
0.75,294
0.75,295
0.75,275
0.75,306
0.75,264
0.75,289
0.75,314
0.75,308
0.75,302
0.75,282
0.75,306
0.75,304
0.75,277
0.75,289
0.75,313
0.75,277
0.75,312
0.75,294
0.75,303
0.75,309
0.75,295
0.75,271
0.75,345
0.75,311
0.75,302
0.75,259
0.75,315
0.75,293
0.75,269
0.75,286
0.75,287
0.75,295
0.75,301
0.75,292
0.75,292
0.75,272
0.75,269
0.75,269
0.75,302
0.75,288
0.75,282
0.75,290
0.75,273
0.75,293
0.75,283
0.75,289
0.75,294
0.75,286
0.75,292
0.75,324
0.75,285
0.75,271
0.75,286
0.75,291
0.75,308
0.75,293
0.75,291
0.75,298
0.75,307
0.75,296
0.75,331
0.75,273
0.75,287
0.75,255
0.75,267
0.75,283
0.75,306
0.75,290
0.75,272
0.75,295
0.75,309
0.75,291
0.75,277
0.75,291
0.75,293
0.75,313
0.75,301
0.75,286
0.75,283
0.75,285
0.75,308
0.75,292
0.75,299
0.75,294
0.75,279
0.75,294
0.75,312
0.75,312
0.75,291
0.75,296
0.75,291
0.75,282
0.75,275
0.75,275
0.75,291
0.75,303
0.75,281
0.75,274
0.75,273
0.75,294
0.75,302
0.75,274
0.75,284
0.75,272
0.75,290
0.75,317
0.75,268
0.75,306
0.75,286
0.75,307
0.75,301
0.75,252
0.75,277
0.75,281
0.75,315
0.75,252
0.75,313
0.75,325
0.75,294
0.75,295
0.75,252
0.75,286
0.75,289
0.75,316
0.75,293
0.75,319
0.75,280
0.75,301
0.75,264
0.75,288
0.75,290
0.75,298
0.75,292
0.75,312
0.75,302
0.75,280
0.75,300
0.75,293
0.75,296
0.75,274
0.75,292
0.75,313
0.75,263
0.75,272
0.75,285
0.75,293
0.75,295
0.75,313
0.75,279
0.75,296
0.75,316
0.75,293
0.75,290
0.75,308
0.75,283
0.75,290
0.75,283
0.75,298
0.75,285
0.75,296
0.75,272
0.75,284
0.75,294
0.75,277
0.75,287
0.75,247
0.75,285
0.75,290
0.75,284
0.75,281
0.75,317
0.75,269
0.75,250
0.75,296
0.75,278
0.75,281
0.75,295
0.75,278
0.75,273
0.75,291
0.75,294
0.75,306
0.75,271
0.75,267
0.75,285
0.75,303
0.75,277
0.75,302
0.75,293
0.75,278
0.75,306
0.75,283
0.75,277
0.75,259
0.75,302
0.75,299
0.75,312
0.75,313
0.75,277
0.75,306
0.75,295
0.75,264
0.75,272
0.75,290
0.75,254
0.75,271
0.75,255
0.75,281
0.75,269
0.75,295
0.75,286
0.75,314
0.75,294
0.75,315
0.75,275
0.75,302
0.75,296
0.75,299
0.75,266
0.75,277
0.75,291
0.75,293
0.75,265
0.75,294
0.75,308
0.75,286
0.75,303
0.75,294
0.75,274
0.75,288
0.75,286
0.75,294
0.75,292
0.75,304
0.75,310
0.75,294
0.75,285
0.75,327
0.75,298
0.75,313
0.75,302
0.75,275
0.75,290
0.75,324
0.75,295
0.75,296
0.75,303
0.75,285
0.75,283
0.75,317
0.75,262
0.75,291
0.75,299
0.75,302
0.75,267
0.75,320
0.75,256
0.75,338
0.75,277
0.75,299
0.75,294
0.75,301
0.75,294
0.75,307
0.75,286
0.75,306
0.75,305
0.75,309
0.75,252
0.75,315
0.75,294
0.75,273
0.75,304
0.75,259
0.75,295
0.75,343
0.75,341
0.75,290
0.75,277
0.75,292
0.75,306
0.75,259
0.75,284
0.75,290
0.75,284
0.75,324
0.75,293
0.75,293
0.75,281
0.75,288
0.75,312
0.75,274
0.75,295
0.75,295
0.75,288
0.75,290
0.75,290
0.75,311
0.75,291
0.75,320
0.75,305
0.75,301
0.75,303
0.75,295
0.75,289
0.75,319
0.75,262
0.75,286
0.75,292
0.75,312
0.75,290
0.75,269
0.75,321
0.75,283
0.75,280
0.75,297
0.75,305
0.75,264
0.75,307
0.75,291
0.75,303
0.75,304
0.75,302
0.75,274
0.75,256
0.75,280
0.75,318
0.75,309
0.75,324
0.75,290
0.75,291
0.75,278
0.75,303
0.75,313
0.75,252
0.75,280
0.75,250
0.75,313
0.75,275
0.75,274
0.75,294
0.75,268
0.75,276
0.75,288
0.75,285
0.75,275
0.75,273
0.75,284
0.75,333
0.75,297
0.75,304
0.75,284
0.75,301
0.75,314
0.75,293
0.75,304
0.75,275
0.75,303
0.75,301
0.75,302
0.75,295
0.75,307
0.75,277
0.75,276
0.75,280
0.75,291
0.75,292
0.75,296
0.75,289
0.75,274
0.75,303
0.75,309
0.75,301
0.75,280
0.75,307
0.75,309
0.75,308
0.75,289
0.75,306
0.75,312
0.75,291
0.75,320
0.75,307
0.75,306
0.75,289
0.75,305
0.75,286
0.75,300
0.75,312
0.75,261
0.75,302
0.75,279
0.75,284
0.75,287
0.75,263
0.75,279
0.75,288
0.75,274
0.75,312
0.75,278
0.75,307
0.75,292
0.75,251
0.75,319
0.75,287
0.75,286
0.75,306
0.75,295
0.75,293
0.75,299
0.75,311
0.75,288
0.75,294
0.75,290
0.75,301
0.75,291
0.75,275
0.75,268
0.75,272
0.75,269
0.75,293
0.75,308
0.75,297
0.75,284
0.75,304
0.75,288
0.75,284
0.75,300
0.75,311
0.75,275
0.75,263
0.75,282
0.75,271
0.75,290
0.75,268
0.75,319
0.75,276
0.75,299
0.75,305
0.75,276
0.75,302
0.75,272
0.75,299
0.75,314
0.75,290
0.75,272
0.75,315
0.75,271
0.75,277
0.75,286
0.75,291
0.75,293
0.75,304
0.75,268
0.75,306
0.75,296
0.75,294
0.75,296
0.75,333
0.75,296
0.75,290
0.75,299
0.75,286
0.75,336
0.75,274
0.75,307
0.75,305
0.75,281
0.75,276
0.75,332
0.75,274
0.75,310
0.75,261
0.75,294
0.75,273
0.75,293
0.75,277
0.75,270
0.75,290
0.75,309
0.75,282
0.75,285
0.75,278
0.75,313
0.75,292
0.75,291
0.75,289
0.75,278
0.75,315
0.75,287
0.75,284
0.75,332
0.75,283
0.75,305
0.75,286
0.75,290
0.75,310
0.75,293
0.75,291
0.75,267
0.75,305
0.75,291
0.75,268
0.75,299
0.75,282
0.75,296
0.75,290
0.75,275
0.75,300
0.75,288
0.75,300
0.75,338
0.75,287
0.75,293
0.75,301
0.75,299
0.75,255
0.75,326
0.75,309
0.75,300
0.75,279
0.75,310
0.75,294
0.75,340
0.75,299
0.75,281
0.75,283
0.75,296
0.75,276
0.75,306
0.75,274
0.75,298
0.75,255
0.75,272
0.75,251
0.75,273
0.75,299
0.75,264
0.75,277
0.75,263
0.75,278
0.75,291
0.75,294
0.75,322
0.75,288
0.75,279
0.75,330
0.75,283
0.75,298
0.75,295
0.75,314
0.75,294
0.75,259
0.75,315
0.75,278
0.75,279
0.75,303
0.75,282
0.75,281
0.75,305
0.75,287
0.75,286
0.75,299
0.75,284
0.75,276
0.75,290
0.75,260
0.75,301
0.75,281
0.75,279
0.75,285
0.75,281
0.75,300
0.75,301
0.75,303
0.75,286
0.75,314
0.75,259
0.75,303
0.75,319
0.75,267
0.75,288
0.75,316
0.75,311
0.75,305
0.75,303
0.75,272
0.75,285
0.75,292
0.75,297
0.75,292
0.75,282
0.75,280
0.75,298
0.75,267
0.75,273
0.75,288
0.75,265
0.75,290
0.75,285
0.75,300
0.75,299
0.75,311
0.75,290
0.75,276
0.75,270
0.75,297
0.75,288
0.75,312
0.75,254
0.75,316
0.75,272
0.75,270
0.75,281
0.75,296
0.75,316
0.75,310
0.75,296
0.75,294
0.75,271
0.75,280
0.75,297
0.75,289
0.75,328
0.75,285
0.75,269
0.75,307
0.75,280
0.75,295
0.75,264
0.75,299
0.75,310
0.75,294
0.75,300
0.75,278
0.75,305
0.75,270
0.75,287
0.75,260
0.75,318
0.75,328
0.75,290
0.75,296
0.75,262
0.75,302
0.75,276
0.75,296
0.75,306
0.75,263
0.75,290
0.75,294
0.75,275
0.75,291
0.75,272
0.75,288
0.75,289
0.75,266
0.75,284
0.75,286
0.75,315
0.75,312
0.75,284
0.75,319
0.75,331
0.75,287
0.75,258
0.75,300
0.75,277
0.75,299
0.75,305
0.75,282
0.75,289
0.75,295
0.75,255
0.75,280
0.75,261
0.75,254
0.75,281
0.75,291
0.75,279
0.75,302
0.75,294
0.75,297
0.75,321
0.75,291
0.75,288
0.75,290
0.75,307
0.75,256
0.75,279
0.75,299
0.75,288
0.75,315
0.75,287
0.75,320
0.75,267
0.75,313
0.75,309
0.75,326
0.75,281
0.75,299
0.75,327
0.75,282
0.75,317
0.75,292
0.75,310
0.75,306
0.75,313
0.75,284
0.75,300
0.75,306
0.75,309
0.75,278
0.75,295
0.75,314
0.75,294
0.75,285
0.75,314
0.75,295
0.75,296
0.75,296
0.75,307
0.75,299
0.75,297
0.75,301
0.75,294
0.75,301
0.75,311
0.75,320
0.75,303
0.75,267
0.75,282
0.75,282
0.75,294
0.75,299
0.75,282
0.75,248
0.75,295
0.75,306
0.75,328
0.75,264
0.75,281
0.75,282
0.75,335
0.75,278
0.75,281
0.75,287
0.75,265
0.75,280
0.75,277
0.75,298
0.75,283
0.75,286
0.75,319
0.75,303
0.75,299
0.75,298
0.75,294
0.75,307
0.75,312
0.75,298
0.75,298
0.75,305
0.75,286
0.75,287
0.75,285
0.75,298
0.75,289
0.75,272
0.75,293
0.75,312
0.75,288
0.75,305
0.75,307
0.75,273
0.75,311
0.75,288
0.75,304
0.75,287
0.75,305
0.75,308
0.75,318
0.75,297
0.75,295
0.75,297
0.75,323
0.75,266
0.75,298
0.75,292
0.75,293
0.75,279
0.75,286
0.75,298
0.75,312
0.75,292
0.75,268
0.75,287
0.75,324
0.75,300
0.75,317
0.75,298
0.75,284
0.75,306
0.75,299
0.75,314
0.75,318
0.75,322
0.75,282
0.75,294
0.75,309
0.75,276
0.75,303
0.75,281
0.75,292
0.75,299
0.75,313
0.75,314
0.75,296
0.75,286
0.75,272
0.75,291
0.75,291
0.75,265
0.75,288
0.75,294
0.75,319
0.75,299
0.75,299
0.75,287
0.75,298
0.75,301
0.75,286
0.75,300
0.75,295
0.75,307
0.75,298
0.75,322
0.75,295
0.75,286
0.75,278
0.75,307
0.75,270
0.75,298
0.75,302
0.75,280
0.75,304
0.75,284
0.75,291
0.75,277
0.75,309
0.75,283
0.75,285
0.75,284
0.75,301
0.75,289
0.75,275
0.75,275
0.75,293
0.75,279
0.75,289
0.75,289
0.75,319
0.75,273
0.75,272
0.75,310
0.75,290
0.75,294
0.75,276
0.75,297
0.75,276
0.75,277
0.75,273
0.75,285
0.75,287
0.75,274
0.75,288
0.75,284
0.75,261
0.75,294
0.75,269
0.75,302
0.75,305
0.75,297
0.75,261
0.75,317
0.75,308
0.75,282
0.75,268
0.75,264
0.75,310
0.75,300
0.75,281
0.75,294
0.75,316
0.75,269
0.75,302
0.75,287
0.75,291
0.75,272
0.75,293
0.75,287
0.75,301
0.75,310
0.75,316
0.75,261
0.75,286
0.75,294
0.75,305
0.75,306
0.75,303
0.75,282
0.75,294
0.75,314
0.75,294
0.75,279
0.75,286
0.75,287
0.75,282
0.75,289
0.75,277
0.75,291
0.75,320
0.75,258
0.75,278
0.75,276
0.75,295
0.75,306
0.75,298
0.75,302
0.75,263
0.75,295
0.75,318
0.75,291
0.75,243
0.75,293
0.75,283
0.75,288
0.75,283
0.75,312
0.75,233
0.75,289
0.75,268
0.75,288
0.75,296
0.75,300
0.75,283
0.75,270
0.75,293
0.75,277
0.75,296
0.75,289
0.75,314
0.75,323
0.75,295
0.75,329
0.75,293
0.75,300
0.75,285
0.75,275
0.75,295
0.75,282
0.75,317
0.75,291
0.75,286
0.75,300
0.75,293
0.75,301
0.75,258
0.75,283
0.75,296
0.75,265
0.75,288
0.75,303
0.75,294
0.75,277
0.75,310
0.75,274
0.75,301
0.75,269
0.75,304
0.75,260
0.75,270
0.75,302
0.75,311
0.75,295
0.75,297
0.75,310
0.75,271
0.75,307
0.75,278
0.75,294
0.75,283
0.75,295
0.75,296
0.75,266
0.75,280
0.75,286
0.75,299
0.75,301
0.75,308
0.75,278
0.75,260
0.75,305
0.75,279
0.75,267
0.75,312
0.75,269
0.75,293
0.75,298
0.75,289
0.75,247
0.75,294
0.75,270
0.75,266
0.75,303
0.75,302
0.75,277
0.75,298
0.75,275
0.75,294
0.75,287
0.75,293
0.75,297
0.75,269
0.75,280
0.75,305
0.75,311
0.75,287
0.75,275
0.75,293
0.75,308
0.75,279
0.75,288
0.75,300
0.75,280
0.75,303
0.75,275
0.75,328
0.75,280
0.75,307
0.75,319
0.75,290
0.75,273
0.75,290
0.75,248
0.75,315
0.75,315
0.75,275
0.75,295
0.75,279
0.75,268
0.75,295
0.75,319
0.75,289
0.75,272
0.75,301
0.75,314
0.75,283
0.75,282
0.75,306
0.75,278
0.75,322
0.75,285
0.75,338
0.75,312
0.75,303
0.75,286
0.75,269
0.75,314
0.75,265
0.75,309
0.75,286
0.75,274
0.75,267
0.75,296
0.75,294
0.75,257
0.75,281
0.75,282
0.75,281
0.75,295
0.75,280
0.75,277
0.75,306
0.75,307
0.75,287
0.75,270
0.75,297
0.75,305
0.75,299
0.75,273
0.75,298
0.75,286
0.75,269
0.75,270
0.75,297
0.75,275
0.75,285
0.75,271
0.75,305
0.75,286
0.75,287
0.75,278
0.75,279
0.75,325
0.75,309
0.75,305
0.75,300
0.75,276
0.75,292
0.75,289
0.75,303
0.75,313
0.75,311
0.75,289
0.75,287
0.75,302
0.75,277
0.75,282
0.75,299
0.75,297
0.75,300
0.75,307
0.75,275
0.75,298
0.75,277
0.75,314
0.75,271
0.75,284
0.75,271
0.75,303
0.75,290
0.75,258
0.75,279
0.75,328
0.75,290
0.75,282
0.75,285
0.75,282
0.75,280
0.75,303
0.75,290
0.75,311
0.75,287
0.75,281
0.75,293
0.75,264
0.75,312
0.75,283
0.75,286
0.75,249
0.75,272
0.75,309
0.75,276
0.75,266
0.75,293
0.75,258
0.75,284
0.75,293
0.75,296
0.75,276
0.75,305
0.75,267
0.75,301
0.75,244
0.75,258
0.75,277
0.75,307
0.75,286
0.75,292
0.75,282
0.75,279
0.75,310
0.75,300
0.75,287
0.75,287
0.75,303
0.75,298
0.75,270
0.75,276
0.75,296
0.75,301
0.75,306
0.75,267
0.75,232
0.75,309
0.75,286
0.75,249
0.75,278
0.75,290
0.75,286
0.75,294
0.75,311
0.75,311
0.75,279
0.75,260
0.75,311
0.75,282
0.75,318
0.75,267
0.75,302
0.75,263
0.75,300
0.75,301
0.75,291
0.75,291
0.75,266
0.75,269
0.75,276
0.75,280
0.75,298
0.75,264
0.75,302
0.75,270
0.75,281
0.75,265
0.75,307
0.75,279
0.75,235
0.75,324
0.75,276
0.75,292
0.75,259
0.75,297
0.75,298
0.75,295
0.75,292
0.75,279
0.75,268
0.75,276
0.75,295
0.75,303
0.75,306
0.75,288
0.75,310
0.75,261
0.75,294
0.75,282
0.75,298
0.75,293
0.75,298
0.75,304
0.75,278
0.75,276
0.75,287
0.75,274
0.75,319
0.75,334
0.75,288
0.75,307
0.75,317
0.75,279
0.75,313
0.75,266
0.75,278
0.75,275
0.75,293
0.75,323
0.75,276
0.75,295
0.75,304
0.75,297
0.75,315
0.75,287
0.75,292
0.75,293
0.75,270
0.75,283
0.75,314
0.75,268
0.75,279
0.75,281
0.75,292
0.75,317
0.75,284
0.75,284
0.75,303
0.75,310
0.75,284
0.75,312
0.75,286
0.75,309
0.75,287
0.75,279
0.75,299
0.75,280
0.75,302
0.75,286
0.75,285
0.75,302
0.75,286
0.75,296
0.75,285
0.75,268
0.75,266
0.75,278
0.75,290
0.75,301
0.75,260
0.75,300
0.75,283
0.75,306
0.75,251
0.75,291
0.75,303
0.75,272
0.75,273
0.75,320
0.75,263
0.75,295
0.75,274
0.75,281
0.75,319
0.75,278
0.75,267
0.75,283
0.75,309
0.75,310
0.75,284
0.75,317
0.75,296
0.75,306
0.75,285
0.75,289
0.75,298
0.75,275
0.75,283
0.75,278
0.75,266
0.75,297
0.75,284
0.75,295
0.75,302
0.75,292
0.75,293
0.75,308
0.75,291
0.75,286
0.75,268
0.75,295
0.75,264
0.75,274
0.75,283
0.75,296
0.75,256
0.75,287
0.75,333
0.75,278
0.75,302
0.75,303
0.75,287
0.75,323
0.75,300
0.75,319
0.75,300
0.75,269
0.75,265
0.75,302
0.75,288
0.75,306
0.75,274
0.75,283
0.75,285
0.75,277
0.75,304
0.75,311
0.75,269
0.75,298
0.75,293
0.75,286
0.75,272
0.75,315
0.75,291
0.75,259
0.75,313
0.75,288
0.75,278
0.75,295
0.75,289
0.75,296
0.75,302
0.75,302
0.75,274
0.75,302
0.75,311
0.75,294
0.75,332
0.75,291
0.75,311
0.75,288
0.75,314
0.75,294
0.75,274
0.75,321
0.75,329
0.75,305
0.75,295
0.75,319
0.75,321
0.75,282
0.75,265
0.75,290
0.75,303
0.75,289
0.75,278
0.75,276
0.75,303
0.75,302
0.75,310
0.75,304
0.75,281
0.75,319
0.75,306
0.75,307
0.75,279
0.75,272
0.75,310
0.75,315
0.75,272
0.75,282
0.75,292
0.75,278
0.75,292
0.75,316
0.75,302
0.75,289
0.75,304
0.75,284
0.75,259
0.75,265
0.75,278
0.75,295
0.75,285
0.75,305
0.75,285
0.75,323
0.75,311
0.75,280
0.75,290
0.75,298
0.75,311
0.75,302
0.75,288
0.75,310
0.75,307
0.75,308
0.75,293
0.75,254
0.75,304
0.75,294
0.75,283
0.75,297
0.75,304
0.75,303
0.75,297
0.75,311
0.75,303
0.75,299
0.75,337
0.75,307
0.75,305
0.75,300
0.75,274
0.75,290
0.75,281
0.75,328
0.75,333
0.75,280
0.75,267
0.75,285
0.75,287
0.75,294
0.75,296
0.75,283
0.75,315
0.75,275
0.75,323
0.75,295
0.75,331
0.75,295
0.75,287
0.75,308
0.75,323
0.75,315
0.75,325
0.75,306
0.75,291
0.75,298
0.75,273
0.75,303
0.75,281
0.75,271
0.75,306
0.75,268
0.75,317
0.75,287
0.75,270
0.75,290
0.75,290
0.75,262
0.75,292
0.75,276
0.75,276
0.75,240
0.75,307
0.75,306
0.75,277
0.75,282
0.75,287
0.75,286
0.75,284
0.75,297
0.75,292
0.75,304
0.75,287
0.75,314
0.75,322
0.75,278
0.75,269
0.75,283
0.75,286
0.75,311
0.75,261
0.75,278
0.75,271
0.75,296
0.75,279
0.75,305
0.75,281
0.75,277
0.75,304
0.75,317
0.75,277
0.75,342
0.75,307
0.75,299
0.75,309
0.75,322
0.75,290
0.75,292
0.75,298
0.75,311
0.75,277
0.75,321
0.75,274
0.75,273
0.75,300
0.75,298
0.75,284
0.75,277
0.75,284
0.75,305
0.75,300
0.75,274
0.75,286
0.75,285
0.75,258
0.75,297
0.75,279
0.75,279
0.75,328
0.75,275
0.75,330
0.75,300
0.75,288
0.75,304
0.75,287
0.75,312
0.75,296
0.75,295
0.75,310
0.75,307
0.75,261
0.75,290
0.75,301
0.75,316
0.75,300
0.75,277
0.75,310
0.75,316
0.75,321
0.75,308
0.75,291
0.75,296
0.75,281
0.75,299
0.75,284
0.75,308
0.75,284
0.75,288
0.75,296
0.75,289
0.75,272
0.75,292
0.75,290
0.75,286
0.75,295
0.75,284
0.75,258
0.75,290
0.75,303
0.75,285
0.75,295
0.75,295
0.75,303
0.75,302
0.75,303
0.75,277
0.75,302
0.75,298
0.75,306
0.75,270
0.75,290
0.75,283
0.75,284
0.75,288
0.75,316
0.75,296
0.75,280
0.75,313
0.75,297
0.75,300
0.75,291
0.75,291
0.75,281
0.75,296
0.75,285
0.75,308
0.75,306
0.75,298
0.75,303
0.75,278
0.75,293
0.75,290
0.75,323
0.75,284
0.75,298
0.75,301
0.75,298
0.75,301
0.75,292
0.75,286
0.75,295
0.75,286
0.75,293
0.75,278
0.75,268
0.75,298
0.75,314
0.75,295
0.75,266
0.75,305
0.75,287
0.75,339
0.75,295
0.75,307
0.75,297
0.75,277
0.75,297
0.75,287
0.75,308
0.75,286
0.75,285
0.75,287
0.75,294
0.75,292
0.75,270
0.75,254
0.75,282
0.75,326
0.75,306
0.75,279
0.75,310
0.75,313
0.75,275
0.75,306
0.75,298
0.75,297
0.75,314
0.75,308
0.75,285
0.75,278
0.75,302
0.75,291
0.75,283
0.75,301
0.75,285
0.75,307
0.75,272
0.75,319
0.75,306
0.75,283
0.75,276
0.75,278
0.75,275
0.75,294
0.75,278
0.75,263
0.75,293
0.75,274
0.75,326
0.75,283
0.75,288
0.75,292
0.75,298
0.75,290
0.75,247
0.75,274
0.75,286
0.75,284
0.75,301
0.75,298
0.75,282
0.75,286
0.75,282
0.75,290
0.75,286
0.75,271
0.75,281
0.75,302
0.75,287
0.75,265
0.75,311
0.75,299
0.75,302
0.75,302
0.75,332
0.75,270
0.75,318
0.75,271
0.75,343
0.75,268
0.75,265
0.75,285
0.75,269
0.75,283
0.75,280
0.75,307
0.75,287
0.75,264
0.75,281
0.75,299
0.75,297
0.75,277
0.75,263
0.75,285
0.75,301
0.75,278
0.75,299
0.75,293
0.75,268
0.75,301
0.75,312
0.75,341
0.75,281
0.75,313
0.75,295
0.75,265
0.75,321
0.75,292
0.75,276
0.75,296
0.75,291
0.75,284
0.75,290
0.75,291
0.75,304
0.75,319
0.75,308
0.75,304
0.75,298
0.75,290
0.75,275
0.75,289
0.75,273
0.75,284
0.75,263
0.75,260
0.75,287
0.75,300
0.75,290
0.75,315
0.75,298
0.75,310
0.75,308
0.75,288
0.75,281
0.75,305
0.75,297
0.75,284
0.75,279
0.75,288
0.75,293
0.75,281
0.75,267
0.75,306
0.75,319
0.75,298
0.75,293
0.75,299
0.75,277
0.75,278
0.75,300
0.75,301
0.75,263
0.75,270
0.75,291
0.75,296
0.75,272
0.75,282
0.75,314
0.75,292
0.75,283
0.75,300
0.75,305
0.75,291
0.75,285
0.75,289
0.75,283
0.75,299
0.75,315
0.75,298
0.75,293
0.75,263
0.75,301
0.75,280
0.75,310
0.75,293
0.75,331
0.75,288
0.75,317
0.75,304
0.75,294
0.75,271
0.75,290
0.75,311
0.75,247
0.75,294
0.75,257
0.75,293
0.75,303
0.75,289
0.75,275
0.75,307
0.75,289
0.75,286
0.75,288
0.75,282
0.75,303
0.75,289
0.75,306
0.75,283
0.75,288
0.75,299
0.75,273
0.75,275
0.75,307
0.75,279
0.75,295
0.75,300
0.75,312
0.75,241
0.75,270
0.75,284
0.75,275
0.75,299
0.75,291
0.75,308
0.75,336
0.75,312
0.75,290
0.75,283
0.75,292
0.75,314
0.75,304
0.75,290
0.75,273
0.75,286
0.75,283
0.75,298
0.75,289
0.75,295
0.75,278
0.75,291
0.75,285
0.75,306
0.75,289
0.75,291
0.75,321
0.75,318
0.75,306
0.75,270
0.75,287
0.75,308
0.75,288
0.75,306
0.75,276
0.75,296
0.75,306
0.75,284
0.75,325
0.75,267
0.75,269
0.75,315
0.75,318
0.75,283
0.75,266
0.75,289
0.75,282
0.75,318
0.75,271
0.75,268
0.75,309
0.75,262
0.75,309
0.75,307
0.75,292
0.75,281
0.75,258
0.75,281
0.75,283
0.75,303
0.75,290
0.75,280
0.75,287
0.75,271
0.75,279
0.75,295
0.75,302
0.75,301
0.75,266
0.75,294
0.75,268
0.75,296
0.75,276
0.75,294
0.75,292
0.75,294
0.75,299
0.75,298
0.75,283
0.75,325
0.75,287
0.75,259
0.75,291
0.75,270
0.75,300
0.75,283
0.75,288
0.75,303
0.75,291
0.75,276
0.75,290
0.75,281
0.75,275
0.75,291
0.75,293
0.75,263
0.75,290
0.75,260
0.75,281
0.75,336
0.75,283
0.75,285
0.75,306
0.75,270
0.75,284
0.75,309
0.75,276
0.75,293
0.75,307
0.75,304
0.75,276
0.75,289
0.75,300
0.75,308
0.75,293
0.75,274
0.75,298
0.75,272
0.75,279
0.75,299
0.75,272
0.75,290
0.75,294
0.75,284
0.75,313
0.75,326
0.75,293
0.75,312
0.75,278
0.75,304
0.75,295
0.75,261
0.75,286
0.75,296
0.75,269
0.75,271
0.75,321
0.75,275
0.75,276
0.75,285
0.75,285
0.75,295
0.75,304
0.75,270
0.75,299
0.75,287
0.75,273
0.75,292
0.75,289
0.75,274
0.75,301
0.75,299
0.75,296
0.75,274
0.75,278
0.75,273
0.75,293
0.75,308
0.75,286
0.75,291
0.75,295
0.75,286
0.75,300
0.75,313
0.75,285
0.75,293
0.75,318
0.75,307
0.75,278
0.75,288
0.75,305
0.75,286
0.75,293
0.75,283
0.75,267
0.75,293
0.75,276
0.75,259
0.75,298
0.75,286
0.75,296
0.75,283
0.75,290
0.75,298
0.75,296
0.75,287
0.75,284
0.75,284
0.75,310
0.75,274
0.75,303
0.75,279
0.75,291
0.75,296
0.75,285
0.75,275
0.75,307
0.75,304
0.75,301
0.75,291
0.75,284
0.75,310
0.75,275
0.75,271
0.75,292
0.75,242
0.75,309
0.75,306
0.75,296
0.75,292
0.75,318
0.75,291
0.75,309
0.75,264
0.75,298
0.75,301
0.75,282
0.75,311
0.75,272
0.75,286
0.75,288
0.75,286
0.75,299
0.75,292
0.75,296
0.75,306
0.75,285
0.75,303
0.75,280
0.75,301
0.75,287
0.75,275
0.75,300
0.75,281
0.75,289
0.75,268
0.75,313
0.75,285
0.75,281
0.75,285
0.75,288
0.75,277
0.75,288
0.75,277
0.75,288
0.75,284
0.75,292
0.75,284
0.75,284
0.75,281
0.75,328
0.75,282
0.75,283
0.75,292
0.75,274
0.75,294
0.75,283
0.75,305
0.75,292
0.75,262
0.75,299
0.75,287
0.75,301
0.75,320
0.75,247
0.75,304
0.75,281
0.75,279
0.75,282
0.75,308
0.75,293
0.75,301
0.75,281
0.75,274
0.75,302
0.75,311
0.75,265
0.75,304
0.75,294
0.75,298
0.75,276
0.75,256
0.75,291
0.75,290
0.75,295
0.75,307
0.75,291
0.75,292
0.75,293
0.75,320
0.75,273
0.75,289
0.75,294
0.75,301
0.75,310
0.75,275
0.75,294
0.75,281
0.75,274
0.75,262
0.75,301
0.75,327
0.75,318
0.75,270
0.75,289
0.75,288
0.75,275
0.75,288
0.75,296
0.75,281
0.75,273
0.75,284
0.75,282
0.75,292
0.75,273
0.75,292
0.75,298
0.75,319
0.75,278
0.75,310
0.75,304
0.75,296
0.75,279
0.75,281
0.75,294
0.75,270
0.75,293
0.75,290
0.75,282
0.75,302
0.75,281
0.75,290
0.75,265
0.75,290
0.75,280
0.75,287
0.75,277
0.75,259
0.75,236
0.75,293
0.75,254
0.75,293
0.75,317
0.75,261
0.75,291
0.75,305
0.75,282
0.75,302
0.75,292
0.75,261
0.75,304
0.75,269
0.75,286
0.75,291
0.75,287
0.75,286
0.75,308
0.75,301
0.75,267
0.75,298
0.75,273
0.75,280
0.75,307
0.75,290
0.75,301
0.75,286
0.75,277
0.75,292
0.75,244
0.75,290
0.75,256
0.75,284
0.75,275
0.75,287
0.75,280
0.75,298
0.75,283
0.75,274
0.75,302
0.75,288
0.75,291
0.75,269
0.75,317
0.75,279
0.75,306
0.75,267
0.75,266
0.75,274
0.75,302
0.75,317
0.75,288
0.75,294
0.75,280
0.75,295
0.75,298
0.75,271
0.75,285
0.75,282
0.75,284
0.75,313
0.75,311
0.75,279
0.75,310
0.75,305
0.75,309
0.75,296
0.75,313
0.75,297
0.75,305
0.75,290
0.75,304
0.75,306
0.75,271
0.75,299
0.75,282
0.75,306
0.75,332
0.75,287
0.75,264
0.75,291
0.75,300
0.75,299
0.75,294
0.75,275
0.75,293
0.75,294
0.75,286
0.75,281
0.75,295
0.75,312
0.75,294
0.75,280
0.75,307
0.75,311
0.75,267
0.75,340
0.75,325
0.75,296
0.75,298
0.75,272
0.75,324
0.75,307
0.75,278
0.75,295
0.75,317
0.75,313
0.75,318
0.75,272
0.75,307
0.75,283
0.75,313
0.75,306
0.75,276
0.75,286
0.75,257
0.75,276
0.75,307
0.75,284
0.75,300
0.75,295
0.75,325
0.75,320
0.75,294
0.75,293
0.75,283
0.75,290
0.75,283
0.75,303
0.75,265
0.75,306
0.75,301
0.75,282
0.75,285
0.75,289
0.75,311
0.75,306
0.75,286
0.75,264
0.75,278
0.75,289
0.75,283
0.75,291
0.75,297
0.75,301
0.75,270
0.75,278
0.75,291
0.75,296
0.75,312
0.75,282
0.75,274
0.75,275
0.75,307
0.75,294
0.75,275
0.75,299
0.75,291
0.75,319
0.75,290
0.75,263
0.75,305
0.75,290
0.75,263
0.75,281
0.75,316
0.75,293
0.75,272
0.75,292
0.75,290
0.75,323
0.75,267
0.75,297
0.75,306
0.75,296
0.75,301
0.75,289
0.75,293
0.75,295
0.75,291
0.75,308
0.75,271
0.75,307
0.75,295
0.75,307
0.75,292
0.75,265
0.75,274
0.75,293
0.75,295
0.75,322
0.75,286
0.75,282
0.75,286
0.75,303
0.75,260
0.75,320
0.75,309
0.75,306
0.75,272
0.75,268
0.75,289
0.75,299
0.75,307
0.75,299
0.75,291
0.75,291
0.75,287
0.75,310
0.75,301
0.75,308
0.75,335
0.75,284
0.75,280
0.75,298
0.75,298
0.75,287
0.75,321
0.75,284
0.75,284
0.75,301
0.75,292
0.75,317
0.75,301
0.75,282
0.75,295
0.75,283
0.75,291
0.75,273
0.75,279
0.75,303
0.75,285
0.75,298
0.75,280
0.75,298
0.75,290
0.75,292
0.75,289
0.75,295
0.75,291
0.75,300
0.75,322
0.75,290
0.75,281
0.75,291
0.75,307
0.75,273
0.75,267
0.75,298
0.75,298
0.75,287
0.75,270
0.75,293
0.75,286
0.75,270
0.75,316
0.75,309
0.75,290
0.75,291
0.75,324
0.75,325
0.75,298
0.75,279
0.75,299
0.75,293
0.75,274
0.75,280
0.75,313
0.75,272
0.75,291
0.75,285
0.75,270
0.75,296
0.75,279
0.75,273
0.75,308
0.75,282
0.75,251
0.75,310
0.75,273
0.75,310
0.75,296
0.75,292
0.75,300
0.75,289
0.75,283
0.75,309
0.75,302
0.75,301
0.75,284
0.75,284
0.75,273
0.75,259
0.75,309
0.75,284
0.75,327
0.75,272
0.75,260
0.75,310
0.75,326
0.75,281
0.75,286
0.75,270
0.75,287
0.75,309
0.75,292
0.75,301
0.75,280
0.75,296
0.75,310
0.75,287
0.75,319
0.75,317
0.75,303
0.75,280
0.75,285
0.75,266
0.75,315
0.75,292
0.75,316
0.75,275
0.75,267
0.75,315
0.75,249
0.75,330
0.75,298
0.75,313
0.75,297
0.75,284
0.75,306
0.75,298
0.75,284
0.75,296
0.75,290
0.75,274
0.75,277
0.75,301
0.75,286
0.75,311
0.75,294
0.75,286
0.75,327
0.75,285
0.75,289
0.75,287
0.75,294
0.75,269
0.75,256
0.75,289
0.75,297
0.75,290
0.75,281
0.75,305
0.75,293
0.75,285
0.75,274
0.75,295
0.75,310
0.75,319
0.75,259
0.75,299
0.75,285
0.75,311
0.75,298
0.75,311
0.75,268
0.75,301
0.75,289
0.75,278
0.75,301
0.75,287
0.75,303
0.75,288
0.75,254
0.75,267
0.75,265
0.75,283
0.75,271
0.75,291
0.75,317
0.75,282
0.75,297
0.75,270
0.75,354
0.75,318
0.75,301
0.75,293
0.75,309
0.75,263
0.75,309
0.75,285
0.75,294
0.75,288
0.75,285
0.75,288
0.75,289
0.75,301
0.75,304
0.75,282
0.75,286
0.75,264
0.75,261
0.75,315
0.75,316
0.75,287
0.75,281
0.75,264
0.75,311
0.75,327
0.75,303
0.75,293
0.75,262
0.75,294
0.75,299
0.75,296
0.75,305
0.75,310
0.75,275
0.75,279
0.75,281
0.75,263
0.75,307
0.75,287
0.75,278
0.75,281
0.75,305
0.75,272
0.75,304
0.75,300
0.75,293
0.75,287
0.75,260
0.75,274
0.75,305
0.75,277
0.75,268
0.75,287
0.75,285
0.75,307
0.75,282
0.75,289
0.75,289
0.75,292
0.75,298
0.75,289
0.75,288
0.75,279
0.75,298
0.75,312
0.75,271
0.75,267
0.75,295
0.75,268
0.75,312
0.75,293
0.75,278
0.75,288
0.75,322
0.75,291
0.75,306
0.75,309
0.75,294
0.75,291
0.75,265
0.75,281
0.75,282
0.75,244
0.75,276
0.75,307
0.75,290
0.75,268
0.75,284
0.75,295
0.75,343
0.75,321
0.75,313
0.75,286
0.75,299
0.75,296
0.75,303
0.75,272
0.75,319
0.75,292
0.75,287
0.75,293
0.75,276
0.75,301
0.75,287
0.75,303
0.75,303
0.75,271
0.75,282
0.75,298
0.75,303
0.75,273
0.75,318
0.75,296
0.75,310
0.75,286
0.75,290
0.75,276
0.75,285
0.75,299
0.75,279
0.75,278
0.75,291
0.75,295
0.75,286
0.75,290
0.75,273
0.75,284
0.75,275
0.75,273
0.75,308
0.75,286
0.75,279
0.75,296
0.75,310
0.75,308
0.75,296
0.75,288
0.75,307
0.75,279
0.75,283
0.75,321
0.75,285
0.75,319
0.75,289
0.75,281
0.75,324
0.75,278
0.75,287
0.75,301
0.75,288
0.75,286
0.75,309
0.75,282
0.75,303
0.75,320
0.75,274
0.75,273
0.75,319
0.75,272
0.75,274
0.75,332
0.75,280
0.75,265
0.75,272
0.75,312
0.75,286
0.75,311
0.75,320
0.75,323
0.75,282
0.75,299
0.75,295
0.75,271
0.75,299
0.75,304
0.75,273
0.75,286
0.75,250
0.75,271
0.75,293
0.75,274
0.75,291
0.75,321
0.75,304
0.75,322
0.75,287
0.75,291
0.75,298
0.75,286
0.75,306
0.75,314
0.75,311
0.75,283
0.75,274
0.75,283
0.75,306
0.75,303
0.75,277
0.75,281
0.75,291
0.75,261
0.75,258
0.75,302
0.75,286
0.75,294
0.75,296
0.75,290
0.75,281
0.75,321
0.75,295
0.75,278
0.75,274
0.75,281
0.75,283
0.75,292
0.75,285
0.75,277
0.75,290
0.75,302
0.75,267
0.75,309
0.75,294
0.75,258
0.75,275
0.75,306
0.75,292
0.75,304
0.75,283
0.75,297
0.75,273
0.75,272
0.75,285
0.75,302
0.75,295
0.75,269
0.75,267
0.75,293
0.75,326
0.75,332
0.75,300
0.75,280
0.75,295
0.75,288
0.75,306
0.75,277
0.75,296
0.75,278
0.75,272
0.75,282
0.75,270
0.75,300
0.75,280
0.75,310
0.75,282
0.75,298
0.75,279
0.75,278
0.75,343
0.75,288
0.75,287
0.75,285
0.75,277
0.75,296
0.75,300
0.75,265
0.75,308
0.75,275
0.75,292
0.75,291
0.75,314
0.75,312
0.75,279
0.75,277
0.75,286
0.75,278
0.75,286
0.75,288
0.75,283
0.75,307
0.75,290
0.75,310
0.75,301
0.75,307
0.75,290
0.75,318
0.75,298
0.75,284
0.75,278
0.75,289
0.75,310
0.75,310
0.75,276
0.75,235
0.75,292
0.75,297
0.75,278
0.75,317
0.75,299
0.75,290
0.75,297
0.75,295
0.75,302
0.75,295
0.75,317
0.75,269
0.75,286
0.75,311
0.75,307
0.75,266
0.75,283
0.75,275
0.75,296
0.75,314
0.75,304
0.75,286
0.75,285
0.75,302
0.75,283
0.75,305
0.75,294
0.75,322
0.75,319
0.75,292
0.75,288
0.75,290
0.75,277
0.75,301
0.75,285
0.75,263
0.75,296
0.75,305
0.75,294
0.75,304
0.75,280
0.75,268
0.75,296
0.75,294
0.75,304
0.75,290
0.75,275
0.75,266
0.75,301
0.75,283
0.75,276
0.75,308
0.75,304
1.0,238
1.0,259
1.0,265
1.0,247
1.0,266
1.0,252
1.0,240
1.0,230
1.0,242
1.0,252
1.0,269
1.0,251
1.0,244
1.0,276
1.0,222
1.0,275
1.0,229
1.0,270
1.0,220
1.0,265
1.0,257
1.0,271
1.0,269
1.0,267
1.0,260
1.0,250
1.0,237
1.0,236
1.0,255
1.0,271
1.0,249
1.0,266
1.0,221
1.0,265
1.0,244
1.0,258
1.0,258
1.0,220
1.0,266
1.0,261
1.0,248
1.0,248
1.0,233
1.0,231
1.0,220
1.0,267
1.0,245
1.0,268
1.0,253
1.0,253
1.0,253
1.0,240
1.0,260
1.0,256
1.0,269
1.0,261
1.0,273
1.0,260
1.0,256
1.0,230
1.0,274
1.0,245
1.0,267
1.0,254
1.0,245
1.0,272
1.0,253
1.0,247
1.0,273
1.0,254
1.0,243
1.0,264
1.0,247
1.0,225
1.0,233
1.0,266
1.0,251
1.0,240
1.0,232
1.0,241
1.0,244
1.0,245
1.0,262
1.0,241
1.0,206
1.0,265
1.0,280
1.0,239
1.0,242
1.0,250
1.0,239
1.0,251
1.0,246
1.0,246
1.0,267
1.0,266
1.0,249
1.0,267
1.0,254
1.0,245
1.0,229
1.0,248
1.0,261
1.0,242
1.0,254
1.0,266
1.0,270
1.0,266
1.0,266
1.0,253
1.0,256
1.0,202
1.0,266
1.0,250
1.0,256
1.0,249
1.0,261
1.0,278
1.0,236
1.0,258
1.0,233
1.0,253
1.0,266
1.0,268
1.0,243
1.0,274
1.0,246
1.0,257
1.0,277
1.0,255
1.0,256
1.0,228
1.0,247
1.0,253
1.0,237
1.0,235
1.0,248
1.0,237
1.0,260
1.0,266
1.0,272
1.0,262
1.0,250
1.0,232
1.0,257
1.0,239
1.0,273
1.0,234
1.0,260
1.0,235
1.0,264
1.0,239
1.0,244
1.0,252
1.0,236
1.0,238
1.0,252
1.0,263
1.0,264
1.0,223
1.0,246
1.0,273
1.0,262
1.0,259
1.0,247
1.0,264
1.0,245
1.0,263
1.0,228
1.0,257
1.0,272
1.0,243
1.0,254
1.0,256
1.0,241
1.0,225
1.0,256
1.0,250
1.0,239
1.0,276
1.0,248
1.0,261
1.0,250
1.0,244
1.0,243
1.0,245
1.0,246
1.0,252
1.0,231
1.0,244
1.0,266
1.0,281
1.0,224
1.0,241
1.0,219
1.0,243
1.0,247
1.0,250
1.0,269
1.0,241
1.0,256
1.0,250
1.0,260
1.0,262
1.0,260
1.0,252
1.0,250
1.0,272
1.0,230
1.0,258
1.0,267
1.0,259
1.0,264
1.0,233
1.0,223
1.0,255
1.0,250
1.0,255
1.0,244
1.0,232
1.0,266
1.0,234
1.0,285
1.0,232
1.0,242
1.0,261
1.0,246
1.0,243
1.0,274
1.0,257
1.0,273
1.0,255
1.0,228
1.0,255
1.0,273
1.0,246
1.0,258
1.0,244
1.0,242
1.0,247
1.0,233
1.0,260
1.0,244
1.0,259
1.0,242
1.0,244
1.0,225
1.0,252
1.0,256
1.0,259
1.0,248
1.0,258
1.0,247
1.0,245
1.0,259
1.0,281
1.0,212
1.0,259
1.0,246
1.0,220
1.0,274
1.0,259
1.0,223
1.0,235
1.0,251
1.0,235
1.0,240
1.0,269
1.0,244
1.0,263
1.0,271
1.0,235
1.0,236
1.0,274
1.0,248
1.0,251
1.0,274
1.0,250
1.0,230
1.0,248
1.0,289
1.0,256
1.0,242
1.0,265
1.0,257
1.0,267
1.0,266
1.0,296
1.0,254
1.0,264
1.0,232
1.0,246
1.0,241
1.0,212
1.0,264
1.0,231
1.0,237
1.0,283
1.0,257
1.0,247
1.0,227
1.0,236
1.0,241
1.0,224
1.0,255
1.0,272
1.0,250
1.0,275
1.0,227
1.0,244
1.0,236
1.0,258
1.0,241
1.0,267
1.0,230
1.0,242
1.0,246
1.0,276
1.0,260
1.0,261
1.0,240
1.0,256
1.0,213
1.0,259
1.0,246
1.0,255
1.0,256
1.0,244
1.0,272
1.0,268
1.0,258
1.0,249
1.0,267
1.0,254
1.0,223
1.0,258
1.0,239
1.0,275
1.0,244
1.0,259
1.0,269
1.0,221
1.0,258
1.0,264
1.0,241
1.0,237
1.0,242
1.0,259
1.0,251
1.0,259
1.0,269
1.0,252
1.0,247
1.0,228
1.0,282
1.0,220
1.0,241
1.0,257
1.0,251
1.0,236
1.0,225
1.0,248
1.0,253
1.0,246
1.0,226
1.0,228
1.0,246
1.0,258
1.0,260
1.0,245
1.0,263
1.0,239
1.0,257
1.0,277
1.0,282
1.0,246
1.0,248
1.0,237
1.0,272
1.0,289
1.0,228
1.0,249
1.0,248
1.0,259
1.0,255
1.0,267
1.0,267
1.0,246
1.0,283
1.0,250
1.0,274
1.0,276
1.0,254
1.0,261
1.0,268
1.0,244
1.0,245
1.0,292
1.0,252
1.0,257
1.0,274
1.0,255
1.0,245
1.0,249
1.0,264
1.0,234
1.0,242
1.0,234
1.0,241
1.0,268
1.0,276
1.0,238
1.0,271
1.0,262
1.0,256
1.0,229
1.0,238
1.0,254
1.0,267
1.0,235
1.0,273
1.0,272
1.0,258
1.0,279
1.0,237
1.0,253
1.0,225
1.0,213
1.0,260
1.0,242
1.0,259
1.0,262
1.0,242
1.0,218
1.0,260
1.0,257
1.0,222
1.0,255
1.0,238
1.0,250
1.0,267
1.0,247
1.0,268
1.0,251
1.0,270
1.0,241
1.0,264
1.0,256
1.0,247
1.0,274
1.0,237
1.0,234
1.0,264
1.0,264
1.0,256
1.0,259
1.0,242
1.0,249
1.0,242
1.0,253
1.0,265
1.0,240
1.0,293
1.0,259
1.0,239
1.0,260
1.0,279
1.0,272
1.0,248
1.0,259
1.0,266
1.0,261
1.0,251
1.0,264
1.0,248
1.0,245
1.0,241
1.0,262
1.0,248
1.0,252
1.0,260
1.0,253
1.0,253
1.0,248
1.0,244
1.0,266
1.0,232
1.0,241
1.0,220
1.0,286
1.0,261
1.0,270
1.0,262
1.0,237
1.0,262
1.0,245
1.0,284
1.0,250
1.0,248
1.0,250
1.0,225
1.0,243
1.0,228
1.0,271
1.0,231
1.0,271
1.0,297
1.0,237
1.0,240
1.0,249
1.0,249
1.0,262
1.0,239
1.0,250
1.0,255
1.0,235
1.0,233
1.0,253
1.0,259
1.0,236
1.0,223
1.0,281
1.0,234
1.0,265
1.0,235
1.0,247
1.0,249
1.0,270
1.0,215
1.0,235
1.0,256
1.0,265
1.0,256
1.0,264
1.0,266
1.0,238
1.0,225
1.0,249
1.0,231
1.0,235
1.0,253
1.0,265
1.0,248
1.0,258
1.0,230
1.0,255
1.0,250
1.0,250
1.0,236
1.0,244
1.0,265
1.0,272
1.0,252
1.0,248
1.0,225
1.0,234
1.0,266
1.0,240
1.0,248
1.0,226
1.0,261
1.0,257
1.0,250
1.0,277
1.0,259
1.0,242
1.0,248
1.0,262
1.0,266
1.0,257
1.0,262
1.0,276
1.0,287
1.0,294
1.0,252
1.0,249
1.0,258
1.0,270
1.0,264
1.0,264
1.0,260
1.0,245
1.0,248
1.0,266
1.0,274
1.0,258
1.0,239
1.0,290
1.0,241
1.0,260
1.0,223
1.0,255
1.0,244
1.0,239
1.0,235
1.0,263
1.0,250
1.0,231
1.0,251
1.0,254
1.0,241
1.0,262
1.0,269
1.0,222
1.0,250
1.0,260
1.0,240
1.0,239
1.0,275
1.0,251
1.0,252
1.0,239
1.0,272
1.0,252
1.0,272
1.0,259
1.0,239
1.0,226
1.0,266
1.0,253
1.0,234
1.0,244
1.0,236
1.0,247
1.0,240
1.0,247
1.0,280
1.0,250
1.0,263
1.0,261
1.0,258
1.0,262
1.0,277
1.0,253
1.0,265
1.0,244
1.0,282
1.0,249
1.0,284
1.0,251
1.0,233
1.0,216
1.0,250
1.0,260
1.0,278
1.0,264
1.0,262
1.0,294
1.0,218
1.0,220
1.0,237
1.0,228
1.0,228
1.0,252
1.0,230
1.0,256
1.0,257
1.0,255
1.0,287
1.0,269
1.0,255
1.0,217
1.0,245
1.0,239
1.0,225
1.0,234
1.0,224
1.0,270
1.0,226
1.0,270
1.0,247
1.0,259
1.0,262
1.0,230
1.0,263
1.0,248
1.0,263
1.0,250
1.0,251
1.0,263
1.0,261
1.0,252
1.0,257
1.0,214
1.0,231
1.0,251
1.0,254
1.0,275
1.0,244
1.0,257
1.0,255
1.0,253
1.0,257
1.0,262
1.0,282
1.0,251
1.0,249
1.0,276
1.0,239
1.0,253
1.0,253
1.0,229
1.0,235
1.0,248
1.0,270
1.0,251
1.0,251
1.0,261
1.0,264
1.0,267
1.0,277
1.0,267
1.0,258
1.0,260
1.0,258
1.0,253
1.0,248
1.0,275
1.0,256
1.0,237
1.0,259
1.0,289
1.0,247
1.0,234
1.0,255
1.0,247
1.0,219
1.0,252
1.0,243
1.0,240
1.0,231
1.0,242
1.0,225
1.0,258
1.0,263
1.0,286
1.0,215
1.0,255
1.0,261
1.0,244
1.0,260
1.0,264
1.0,285
1.0,275
1.0,284
1.0,267
1.0,250
1.0,244
1.0,254
1.0,251
1.0,239
1.0,239
1.0,234
1.0,260
1.0,254
1.0,223
1.0,269
1.0,246
1.0,255
1.0,258
1.0,271
1.0,215
1.0,250
1.0,264
1.0,258
1.0,250
1.0,253
1.0,254
1.0,258
1.0,261
1.0,276
1.0,255
1.0,246
1.0,255
1.0,261
1.0,246
1.0,267
1.0,248
1.0,265
1.0,250
1.0,248
1.0,267
1.0,234
1.0,273
1.0,268
1.0,246
1.0,273
1.0,255
1.0,279
1.0,268
1.0,256
1.0,266
1.0,251
1.0,246
1.0,230
1.0,240
1.0,278
1.0,238
1.0,287
1.0,237
1.0,223
1.0,234
1.0,288
1.0,251
1.0,237
1.0,225
1.0,238
1.0,236
1.0,252
1.0,244
1.0,218
1.0,238
1.0,250
1.0,282
1.0,261
1.0,269
1.0,276
1.0,256
1.0,250
1.0,255
1.0,252
1.0,251
1.0,266
1.0,281
1.0,246
1.0,237
1.0,263
1.0,250
1.0,227
1.0,229
1.0,245
1.0,233
1.0,256
1.0,235
1.0,283
1.0,244
1.0,265
1.0,245
1.0,284
1.0,272
1.0,261
1.0,258
1.0,258
1.0,245
1.0,284
1.0,228
1.0,234
1.0,240
1.0,238
1.0,267
1.0,269
1.0,235
1.0,230
1.0,249
1.0,247
1.0,238
1.0,252
1.0,229
1.0,258
1.0,265
1.0,273
1.0,248
1.0,262
1.0,275
1.0,265
1.0,249
1.0,244
1.0,227
1.0,241
1.0,249
1.0,250
1.0,267
1.0,224
1.0,256
1.0,259
1.0,269
1.0,253
1.0,269
1.0,246
1.0,242
1.0,253
1.0,256
1.0,254
1.0,252
1.0,246
1.0,272
1.0,248
1.0,249
1.0,248
1.0,248
1.0,265
1.0,275
1.0,236
1.0,230
1.0,277
1.0,243
1.0,239
1.0,233
1.0,239
1.0,266
1.0,262
1.0,278
1.0,249
1.0,234
1.0,254
1.0,250
1.0,265
1.0,213
1.0,255
1.0,278
1.0,237
1.0,250
1.0,267
1.0,265
1.0,263
1.0,243
1.0,257
1.0,238
1.0,236
1.0,272
1.0,256
1.0,221
1.0,256
1.0,247
1.0,252
1.0,266
1.0,251
1.0,252
1.0,244
1.0,249
1.0,241
1.0,252
1.0,237
1.0,230
1.0,239
1.0,254
1.0,260
1.0,239
1.0,232
1.0,239
1.0,246
1.0,237
1.0,263
1.0,244
1.0,278
1.0,234
1.0,239
1.0,255
1.0,251
1.0,275
1.0,248
1.0,246
1.0,261
1.0,251
1.0,259
1.0,221
1.0,257
1.0,254
1.0,228
1.0,248
1.0,234
1.0,272
1.0,255
1.0,254
1.0,227
1.0,270
1.0,252
1.0,259
1.0,271
1.0,266
1.0,236
1.0,240
1.0,251
1.0,232
1.0,274
1.0,285
1.0,251
1.0,262
1.0,241
1.0,243
1.0,250
1.0,270
1.0,233
1.0,253
1.0,271
1.0,252
1.0,259
1.0,223
1.0,209
1.0,244
1.0,275
1.0,264
1.0,243
1.0,276
1.0,252
1.0,247
1.0,265
1.0,265
1.0,246
1.0,244
1.0,271
1.0,268
1.0,270
1.0,255
1.0,251
1.0,257
1.0,252
1.0,268
1.0,242
1.0,238
1.0,232
1.0,247
1.0,237
1.0,268
1.0,248
1.0,227
1.0,259
1.0,256
1.0,273
1.0,261
1.0,241
1.0,269
1.0,250
1.0,233
1.0,257
1.0,237
1.0,263
1.0,266
1.0,229
1.0,218
1.0,251
1.0,233
1.0,275
1.0,266
1.0,230
1.0,273
1.0,261
1.0,257
1.0,274
1.0,253
1.0,225
1.0,242
1.0,245
1.0,286
1.0,231
1.0,272
1.0,251
1.0,238
1.0,251
1.0,254
1.0,240
1.0,274
1.0,254
1.0,236
1.0,263
1.0,248
1.0,263
1.0,249
1.0,271
1.0,237
1.0,269
1.0,281
1.0,244
1.0,265
1.0,229
1.0,235
1.0,249
1.0,262
1.0,256
1.0,268
1.0,221
1.0,260
1.0,247
1.0,277
1.0,257
1.0,237
1.0,257
1.0,215
1.0,272
1.0,270
1.0,262
1.0,244
1.0,222
1.0,266
1.0,250
1.0,244
1.0,277
1.0,243
1.0,236
1.0,271
1.0,266
1.0,264
1.0,269
1.0,251
1.0,250
1.0,279
1.0,250
1.0,246
1.0,258
1.0,237
1.0,263
1.0,261
1.0,223
1.0,253
1.0,238
1.0,260
1.0,263
1.0,258
1.0,247
1.0,269
1.0,264
1.0,225
1.0,239
1.0,249
1.0,249
1.0,234
1.0,239
1.0,220
1.0,239
1.0,260
1.0,273
1.0,245
1.0,249
1.0,264
1.0,245
1.0,272
1.0,260
1.0,237
1.0,274
1.0,254
1.0,265
1.0,251
1.0,231
1.0,265
1.0,247
1.0,233
1.0,229
1.0,253
1.0,226
1.0,279
1.0,285
1.0,249
1.0,286
1.0,244
1.0,262
1.0,225
1.0,271
1.0,257
1.0,285
1.0,266
1.0,271
1.0,253
1.0,244
1.0,265
1.0,221
1.0,230
1.0,264
1.0,271
1.0,243
1.0,240
1.0,260
1.0,241
1.0,266
1.0,236
1.0,241
1.0,264
1.0,248
1.0,251
1.0,243
1.0,280
1.0,292
1.0,253
1.0,265
1.0,277
1.0,283
1.0,232
1.0,256
1.0,240
1.0,234
1.0,257
1.0,256
1.0,268
1.0,244
1.0,216
1.0,281
1.0,282
1.0,244
1.0,250
1.0,247
1.0,275
1.0,264
1.0,248
1.0,291
1.0,262
1.0,270
1.0,287
1.0,259
1.0,273
1.0,243
1.0,252
1.0,225
1.0,271
1.0,250
1.0,244
1.0,271
1.0,276
1.0,241
1.0,259
1.0,238
1.0,236
1.0,243
1.0,260
1.0,265
1.0,254
1.0,274
1.0,265
1.0,230
1.0,255
1.0,255
1.0,239
1.0,259
1.0,230
1.0,212
1.0,228
1.0,238
1.0,237
1.0,243
1.0,241
1.0,248
1.0,252
1.0,232
1.0,246
1.0,279
1.0,245
1.0,235
1.0,262
1.0,248
1.0,251
1.0,279
1.0,268
1.0,249
1.0,263
1.0,275
1.0,247
1.0,275
1.0,234
1.0,241
1.0,266
1.0,261
1.0,214
1.0,243
1.0,237
1.0,272
1.0,257
1.0,237
1.0,242
1.0,229
1.0,233
1.0,259
1.0,244
1.0,282
1.0,245
1.0,262
1.0,255
1.0,263
1.0,244
1.0,254
1.0,267
1.0,229
1.0,251
1.0,267
1.0,239
1.0,254
1.0,253
1.0,251
1.0,246
1.0,264
1.0,256
1.0,266
1.0,275
1.0,234
1.0,256
1.0,259
1.0,277
1.0,250
1.0,259
1.0,256
1.0,252
1.0,269
1.0,223
1.0,252
1.0,262
1.0,283
1.0,256
1.0,250
1.0,248
1.0,264
1.0,272
1.0,232
1.0,258
1.0,237
1.0,257
1.0,265
1.0,261
1.0,251
1.0,266
1.0,250
1.0,267
1.0,276
1.0,239
1.0,258
1.0,238
1.0,260
1.0,244
1.0,278
1.0,230
1.0,260
1.0,241
1.0,270
1.0,238
1.0,246
1.0,241
1.0,265
1.0,256
1.0,228
1.0,260
1.0,268
1.0,229
1.0,252
1.0,276
1.0,273
1.0,282
1.0,261
1.0,249
1.0,231
1.0,262
1.0,250
1.0,260
1.0,240
1.0,222
1.0,259
1.0,261
1.0,265
1.0,259
1.0,247
1.0,253
1.0,240
1.0,258
1.0,239
1.0,244
1.0,255
1.0,241
1.0,245
1.0,259
1.0,241
1.0,239
1.0,283
1.0,227
1.0,225
1.0,260
1.0,283
1.0,225
1.0,253
1.0,265
1.0,261
1.0,235
1.0,241
1.0,254
1.0,252
1.0,242
1.0,276
1.0,220
1.0,244
1.0,255
1.0,256
1.0,246
1.0,276
1.0,234
1.0,249
1.0,267
1.0,251
1.0,266
1.0,248
1.0,229
1.0,255
1.0,268
1.0,224
1.0,220
1.0,286
1.0,252
1.0,257
1.0,242
1.0,260
1.0,248
1.0,258
1.0,261
1.0,232
1.0,221
1.0,253
1.0,281
1.0,236
1.0,240
1.0,249
1.0,272
1.0,242
1.0,245
1.0,250
1.0,248
1.0,264
1.0,232
1.0,260
1.0,281
1.0,247
1.0,228
1.0,241
1.0,259
1.0,222
1.0,239
1.0,268
1.0,226
1.0,247
1.0,260
1.0,258
1.0,238
1.0,296
1.0,246
1.0,255
1.0,254
1.0,250
1.0,279
1.0,262
1.0,247
1.0,240
1.0,247
1.0,253
1.0,265
1.0,252
1.0,261
1.0,273
1.0,227
1.0,257
1.0,246
1.0,216
1.0,247
1.0,267
1.0,261
1.0,267
1.0,251
1.0,247
1.0,257
1.0,241
1.0,252
1.0,244
1.0,226
1.0,263
1.0,261
1.0,273
1.0,251
1.0,246
1.0,250
1.0,262
1.0,247
1.0,256
1.0,253
1.0,249
1.0,230
1.0,228
1.0,293
1.0,245
1.0,255
1.0,255
1.0,249
1.0,243
1.0,255
1.0,272
1.0,252
1.0,246
1.0,253
1.0,250
1.0,245
1.0,241
1.0,248
1.0,251
1.0,245
1.0,237
1.0,261
1.0,273
1.0,250
1.0,247
1.0,225
1.0,234
1.0,234
1.0,253
1.0,266
1.0,260
1.0,228
1.0,239
1.0,259
1.0,289
1.0,273
1.0,245
1.0,237
1.0,279
1.0,228
1.0,252
1.0,280
1.0,201
1.0,270
1.0,258
1.0,258
1.0,237
1.0,232
1.0,231
1.0,287
1.0,257
1.0,274
1.0,234
1.0,245
1.0,250
1.0,268
1.0,281
1.0,243
1.0,260
1.0,257
1.0,247
1.0,274
1.0,256
1.0,253
1.0,244
1.0,276
1.0,280
1.0,249
1.0,261
1.0,267
1.0,259
1.0,279
1.0,259
1.0,248
1.0,257
1.0,244
1.0,286
1.0,237
1.0,246
1.0,268
1.0,256
1.0,248
1.0,250
1.0,283
1.0,257
1.0,266
1.0,272
1.0,242
1.0,276
1.0,261
1.0,261
1.0,240
1.0,250
1.0,220
1.0,252
1.0,249
1.0,248
1.0,251
1.0,244
1.0,256
1.0,257
1.0,273
1.0,265
1.0,262
1.0,253
1.0,235
1.0,242
1.0,236
1.0,291
1.0,215
1.0,275
1.0,246
1.0,237
1.0,259
1.0,234
1.0,214
1.0,243
1.0,279
1.0,236
1.0,240
1.0,248
1.0,261
1.0,273
1.0,244
1.0,271
1.0,257
1.0,278
1.0,264
1.0,260
1.0,260
1.0,247
1.0,254
1.0,261
1.0,258
1.0,232
1.0,236
1.0,248
1.0,234
1.0,223
1.0,265
1.0,251
1.0,257
1.0,256
1.0,269
1.0,249
1.0,241
1.0,245
1.0,271
1.0,249
1.0,243
1.0,283
1.0,253
1.0,261
1.0,262
1.0,224
1.0,247
1.0,250
1.0,292
1.0,277
1.0,244
1.0,248
1.0,257
1.0,256
1.0,287
1.0,242
1.0,254
1.0,273
1.0,237
1.0,228
1.0,244
1.0,243
1.0,242
1.0,229
1.0,270
1.0,282
1.0,240
1.0,255
1.0,237
1.0,254
1.0,238
1.0,278
1.0,259
1.0,247
1.0,234
1.0,236
1.0,227
1.0,248
1.0,249
1.0,260
1.0,246
1.0,234
1.0,287
1.0,256
1.0,266
1.0,237
1.0,251
1.0,246
1.0,276
1.0,269
1.0,247
1.0,280
1.0,244
1.0,262
1.0,246
1.0,263
1.0,256
1.0,265
1.0,265
1.0,229
1.0,266
1.0,261
1.0,261
1.0,255
1.0,261
1.0,247
1.0,267
1.0,273
1.0,259
1.0,253
1.0,261
1.0,268
1.0,233
1.0,285
1.0,261
1.0,257
1.0,273
1.0,247
1.0,248
1.0,266
1.0,241
1.0,245
1.0,261
1.0,249
1.0,230
1.0,260
1.0,270
1.0,260
1.0,275
1.0,214
1.0,225
1.0,257
1.0,247
1.0,290
1.0,262
1.0,248
1.0,255
1.0,243
1.0,225
1.0,236
1.0,239
1.0,246
1.0,253
1.0,237
1.0,267
1.0,247
1.0,243
1.0,260
1.0,270
1.0,272
1.0,260
1.0,249
1.0,288
1.0,253
1.0,255
1.0,271
1.0,262
1.0,246
1.0,256
1.0,249
1.0,254
1.0,253
1.0,257
1.0,234
1.0,253
1.0,287
1.0,257
1.0,234
1.0,247
1.0,252
1.0,257
1.0,251
1.0,262
1.0,261
1.0,240
1.0,272
1.0,247
1.0,230
1.0,261
1.0,281
1.0,245
1.0,224
1.0,237
1.0,241
1.0,244
1.0,236
1.0,234
1.0,279
1.0,221
1.0,222
1.0,244
1.0,244
1.0,273
1.0,273
1.0,250
1.0,252
1.0,253
1.0,257
1.0,263
1.0,254
1.0,227
1.0,242
1.0,247
1.0,249
1.0,223
1.0,228
1.0,258
1.0,260
1.0,254
1.0,247
1.0,264
1.0,257
1.0,232
1.0,246
1.0,242
1.0,245
1.0,246
1.0,263
1.0,270
1.0,235
1.0,241
1.0,238
1.0,264
1.0,251
1.0,243
1.0,261
1.0,247
1.0,252
1.0,261
1.0,244
1.0,257
1.0,223
1.0,260
1.0,230
1.0,247
1.0,255
1.0,238
1.0,265
1.0,241
1.0,261
1.0,233
1.0,224
1.0,251
1.0,226
1.0,254
1.0,243
1.0,232
1.0,242
1.0,246
1.0,250
1.0,263
1.0,280
1.0,269
1.0,242
1.0,257
1.0,242
1.0,267
1.0,258
1.0,258
1.0,242
1.0,234
1.0,255
1.0,239
1.0,254
1.0,254
1.0,261
1.0,268
1.0,249
1.0,228
1.0,263
1.0,279
1.0,268
1.0,244
1.0,249
1.0,247
1.0,242
1.0,264
1.0,255
1.0,233
1.0,252
1.0,259
1.0,245
1.0,289
1.0,255
1.0,258
1.0,247
1.0,277
1.0,244
1.0,253
1.0,243
1.0,286
1.0,240
1.0,243
1.0,254
1.0,262
1.0,275
1.0,245
1.0,260
1.0,273
1.0,269
1.0,273
1.0,264
1.0,276
1.0,267
1.0,234
1.0,250
1.0,278
1.0,232
1.0,238
1.0,244
1.0,250
1.0,243
1.0,281
1.0,263
1.0,260
1.0,227
1.0,265
1.0,265
1.0,244
1.0,252
1.0,278
1.0,266
1.0,245
1.0,245
1.0,245
1.0,245
1.0,219
1.0,243
1.0,246
1.0,253
1.0,247
1.0,267
1.0,255
1.0,225
1.0,260
1.0,270
1.0,232
1.0,231
1.0,235
1.0,241
1.0,253
1.0,228
1.0,270
1.0,243
1.0,245
1.0,249
1.0,279
1.0,255
1.0,241
1.0,265
1.0,248
1.0,255
1.0,243
1.0,283
1.0,240
1.0,238
1.0,286
1.0,278
1.0,298
1.0,214
1.0,271
1.0,254
1.0,279
1.0,238
1.0,240
1.0,282
1.0,243
1.0,269
1.0,245
1.0,249
1.0,254
1.0,275
1.0,237
1.0,266
1.0,262
1.0,237
1.0,228
1.0,255
1.0,271
1.0,244
1.0,237
1.0,237
1.0,260
1.0,214
1.0,256
1.0,266
1.0,255
1.0,272
1.0,248
1.0,253
1.0,243
1.0,255
1.0,260
1.0,240
1.0,250
1.0,263
1.0,243
1.0,228
1.0,250
1.0,269
1.0,254
1.0,229
1.0,242
1.0,257
1.0,252
1.0,266
1.0,245
1.0,230
1.0,264
1.0,226
1.0,239
1.0,259
1.0,282
1.0,251
1.0,247
1.0,234
1.0,264
1.0,255
1.0,240
1.0,255
1.0,231
1.0,258
1.0,265
1.0,276
1.0,279
1.0,261
1.0,253
1.0,256
1.0,259
1.0,257
1.0,266
1.0,238
1.0,253
1.0,266
1.0,244
1.0,249
1.0,255
1.0,233
1.0,251
1.0,270
1.0,254
1.0,275
1.0,241
1.0,268
1.0,235
1.0,222
1.0,276
1.0,250
1.0,255
1.0,245
1.0,259
1.0,225
1.0,228
1.0,250
1.0,287
1.0,252
1.0,251
1.0,253
1.0,263
1.0,266
1.0,203
1.0,256
1.0,243
1.0,280
1.0,246
1.0,267
1.0,239
1.0,235
1.0,264
1.0,267
1.0,258
1.0,270
1.0,243
1.0,249
1.0,244
1.0,250
1.0,275
1.0,268
1.0,263
1.0,204
1.0,265
1.0,243
1.0,279
1.0,257
1.0,252
1.0,250
1.0,279
1.0,275
1.0,239
1.0,244
1.0,280
1.0,253
1.0,271
1.0,260
1.0,250
1.0,235
1.0,258
1.0,269
1.0,226
1.0,240
1.0,258
1.0,262
1.0,251
1.0,219
1.0,254
1.0,250
1.0,233
1.0,249
1.0,253
1.0,254
1.0,273
1.0,266
1.0,242
1.0,220
1.0,219
1.0,260
1.0,246
1.0,232
1.0,224
1.0,259
1.0,255
1.0,219
1.0,260
1.0,261
1.0,232
1.0,242
1.0,263
1.0,265
1.0,249
1.0,253
1.0,222
1.0,259
1.0,270
1.0,243
1.0,257
1.0,241
1.0,258
1.0,267
1.0,246
1.0,262
1.0,265
1.0,244
1.0,273
1.0,271
1.0,280
1.0,251
1.0,259
1.0,254
1.0,261
1.0,254
1.0,292
1.0,262
1.0,247
1.0,225
1.0,250
1.0,261
1.0,230
1.0,273
1.0,263
1.0,257
1.0,277
1.0,229
1.0,226
1.0,287
1.0,264
1.0,261
1.0,255
1.0,263
1.0,267
1.0,247
1.0,265
1.0,263
1.0,216
1.0,270
1.0,209
1.0,210
1.0,270
1.0,249
1.0,245
1.0,252
1.0,278
1.0,250
1.0,251
1.0,237
1.0,270
1.0,238
1.0,248
1.0,246
1.0,270
1.0,239
1.0,260
1.0,265
1.0,246
1.0,221
1.0,249
1.0,240
1.0,255
1.0,253
1.0,256
1.0,222
1.0,261
1.0,245
1.0,242
1.0,236
1.0,261
1.0,262
1.0,262
1.0,265
1.0,297
1.0,256
1.0,238
1.0,243
1.0,263
1.0,267
1.0,233
1.0,265
1.0,231
1.0,231
1.0,269
1.0,247
1.0,253
1.0,245
1.0,253
1.0,287
1.0,248
1.0,236
1.0,243
1.0,275
1.0,258
1.0,245
1.0,251
1.0,237
1.0,261
1.0,236
1.0,234
1.0,257
1.0,269
1.0,257
1.0,252
1.0,264
1.0,233
1.0,229
1.0,253
1.0,251
1.0,268
1.0,254
1.0,252
1.0,245
1.0,240
1.0,263
1.0,256
1.0,277
1.0,253
1.0,259
1.0,248
1.0,244
1.0,258
1.0,222
1.0,248
1.0,248
1.0,238
1.0,213
1.0,269
1.0,252
1.0,248
1.0,246
1.0,276
1.0,266
1.0,238
1.0,232
1.0,243
1.0,251
1.0,228
1.0,237
1.0,247
1.0,253
1.0,254
1.0,269
1.0,222
1.0,283
1.0,266
1.0,295
1.0,234
1.0,230
1.0,258
1.0,228
1.0,235
1.0,238
1.0,251
1.0,247
1.0,240
1.0,241
1.0,250
1.0,239
1.0,242
1.0,213
1.0,260
1.0,281
1.0,243
1.0,254
1.0,245
1.0,252
1.0,257
1.0,225
1.0,266
1.0,280
1.0,257
1.0,281
1.0,272
1.0,249
1.0,251
1.0,238
1.0,261
1.0,243
1.0,242
1.0,250
1.0,255
1.0,271
1.0,244
1.0,252
1.0,246
1.0,243
1.0,253
1.0,259
1.0,248
1.0,263
1.0,257
1.0,260
1.0,297
1.0,257
1.0,233
1.0,251
1.0,240
1.0,249
1.0,250
1.0,245
1.0,217
1.0,247
1.0,232
1.0,225
1.0,239
1.0,265
1.0,250
1.0,244
1.0,262
1.0,248
1.0,253
1.0,256
1.0,234
1.0,252
1.0,252
1.0,291
1.0,276
1.0,266
1.0,259
1.0,221
1.0,258
1.0,240
1.0,243
1.0,276
1.0,270
1.0,243
1.0,255
1.0,262
1.0,257
1.0,259
1.0,272
1.0,233
1.0,254
1.0,244
1.0,235
1.0,259
1.0,260
1.0,253
1.0,250
1.0,236
1.0,232
1.0,235
1.0,244
1.0,241
1.0,262
1.0,226
1.0,250
1.0,285
1.0,250
1.0,244
1.0,236
1.0,217
1.0,248
1.0,266
1.0,252
1.0,258
1.0,256
1.0,248
1.0,256
1.0,256
1.0,250
1.0,259
1.0,279
1.0,251
1.0,261
1.0,252
1.0,238
1.0,229
1.0,238
1.0,284
1.0,261
1.0,247
1.0,254
1.0,240
1.0,252
1.0,229
1.0,261
1.0,269
1.0,241
1.0,291
1.0,252
1.0,240
1.0,243
1.0,251
1.0,267
1.0,242
1.0,240
1.0,248
1.0,235
1.0,249
1.0,235
1.0,240
1.0,250
1.0,280
1.0,274
1.0,264
1.0,285
1.0,260
1.0,223
1.0,239
1.0,257
1.0,258
1.0,258
1.0,270
1.0,224
1.0,246
1.0,283
1.0,244
1.0,243
1.0,234
1.0,280
1.0,276
1.0,258
1.0,274
1.0,237
1.0,261
1.0,245
1.0,268
1.0,265
1.0,261
1.0,234
1.0,255
1.0,268
1.0,274
1.0,246
1.0,247
1.0,240
1.0,274
1.0,262
1.0,236
1.0,274
1.0,229
1.0,249
1.0,247
1.0,219
1.0,261
1.0,257
1.0,269
1.0,257
1.0,257
1.0,267
1.0,257
1.0,254
1.0,223
1.0,247
1.0,239
1.0,264
1.0,260
1.0,255
1.0,276
1.0,254
1.0,235
1.0,281
1.0,248
1.0,265
1.0,269
1.0,238
1.0,263
1.0,211
1.0,271
1.0,250
1.0,264
1.0,242
1.0,261
1.0,243
1.0,233
1.0,251
1.0,238
1.0,258
1.0,255
1.0,257
1.0,268
1.0,245
1.0,280
1.0,244
1.0,277
1.0,238
1.0,245
1.0,255
1.0,256
1.0,269
1.0,244
1.0,251
1.0,251
1.0,249
1.0,250
1.0,237
1.0,243
1.0,243
1.0,249
1.0,276
1.0,260
1.0,231
1.0,277
1.0,237
1.0,236
1.0,216
1.0,240
1.0,246
1.0,250
1.0,237
1.0,247
1.0,241
1.0,263
1.0,257
1.0,246
1.0,242
1.0,267
1.0,273
1.0,254
1.0,240
1.0,293
1.0,225
1.0,239
1.0,225
1.0,242
1.0,244
1.0,250
1.0,269
1.0,276
1.0,255
1.0,231
1.0,283
1.0,254
1.0,245
1.0,253
1.0,250
1.0,258
1.0,254
1.0,235
1.0,230
1.0,274
1.0,243
1.0,251
1.0,255
1.0,250
1.0,279
1.0,254
1.0,251
1.0,266
1.0,239
1.0,256
1.0,244
1.0,268
1.0,232
1.0,247
1.0,226
1.0,213
1.0,252
1.0,253
1.0,236
1.0,290
1.0,282
1.0,267
1.0,302
1.0,237
1.0,236
1.0,265
1.0,274
1.0,286
1.0,221
1.0,240
1.0,234
1.0,281
1.0,260
1.0,251
1.0,234
1.0,261
1.0,269
1.0,240
1.0,260
1.0,276
1.0,244
1.0,254
1.0,266
1.0,245
1.0,245
1.0,265
1.0,264
1.0,252
1.0,235
1.0,260
1.0,241
1.0,246
1.0,248
1.0,256
1.0,267
1.0,231
1.0,265
1.0,235
1.0,274
1.0,245
1.0,226
1.0,237
1.0,274
1.0,268
1.0,238
1.0,260
1.0,284
1.0,259
1.0,265
1.0,258
1.0,241
1.0,249
1.0,285
1.0,256
1.0,268
1.0,268
1.0,255
1.0,275
1.0,266
1.0,235
1.0,247
1.0,274
1.0,253
1.0,255
1.0,266
1.0,233
1.0,234
1.0,261
1.0,251
1.0,245
1.0,248
1.0,230
1.0,213
1.0,265
1.0,274
1.0,292
1.0,241
1.0,258
1.0,245
1.0,238
1.0,230
1.0,276
1.0,233
1.0,285
1.0,266
1.0,233
1.0,266
1.0,264
1.0,249
1.0,235
1.0,243
1.0,256
1.0,240
1.0,233
1.0,261
1.0,246
1.0,250
1.0,239
1.0,265
1.0,257
1.0,231
1.0,250
1.0,248
1.0,253
1.0,250
1.0,244
1.0,260
1.0,250
1.0,268
1.0,242
1.0,275
1.0,238
1.0,254
1.0,250
1.0,250
1.0,243
1.0,281
1.0,260
1.0,251
1.0,272
1.0,255
1.0,263
1.0,262
1.0,269
1.0,277
1.0,269
1.0,259
1.0,257
1.0,231
1.0,299
1.0,231
1.0,250
1.0,229
1.0,269
1.0,232
1.0,240
1.0,261
1.0,269
1.0,246
1.0,246
1.0,259
1.0,222
1.0,245
1.0,225
1.0,270
1.0,262
1.0,253
1.0,255
1.0,248
1.0,246
1.0,279
1.0,252
1.0,247
1.0,259
1.0,264
1.0,238
1.0,217
1.0,256
1.0,263
1.0,259
1.0,268
1.0,248
1.0,252
1.0,260
1.0,250
1.0,249
1.0,241
1.0,248
1.0,253
1.0,242
1.0,279
1.0,253
1.0,223
1.0,215
1.0,247
1.0,263
1.0,276
1.0,238
1.0,265
1.0,214
1.0,247
1.0,255
1.0,259
1.0,230
1.0,262
1.0,253
1.0,274
1.0,233
1.0,248
1.0,275
1.0,259
1.0,247
1.0,248
1.0,262
1.0,251
1.0,260
1.0,257
1.0,253
1.0,251
1.0,238
1.0,259
1.0,248
1.0,238
1.0,238
1.0,262
1.0,259
1.0,258
1.0,254
1.0,234
1.0,248
1.0,236
1.0,263
1.0,276
1.0,252
1.0,212
1.0,232
1.0,308
1.0,273
1.0,259
1.0,252
1.0,249
1.0,220
1.0,255
1.0,248
1.0,217
1.0,245
1.0,273
1.0,239
1.0,257
1.0,242
1.0,296
1.0,225
1.0,240
1.0,254
1.0,236
1.0,269
1.0,242
1.0,257
1.0,226
1.0,238
1.0,276
1.0,271
1.0,248
1.0,286
1.0,272
1.0,239
1.0,254
1.0,245
1.0,253
1.0,240
1.0,257
1.0,256
1.0,273
1.0,251
1.0,259
1.0,248
1.0,261
1.0,227
1.0,261
1.0,255
1.0,252
1.0,273
1.0,267
1.0,268
1.0,247
1.0,237
1.0,259
1.0,227
1.0,228
1.0,232
1.0,269
1.0,242
1.0,259
1.0,275
1.0,243
1.0,239
1.0,274
1.0,271
1.0,250
1.0,227
1.0,262
1.0,239
1.0,267
1.0,249
1.0,267
1.0,225
1.0,269
1.0,281
1.0,257
1.0,254
1.0,219
1.0,228
1.0,264
1.0,236
1.0,243
1.0,280
1.0,263
1.0,256
1.0,235
1.0,243
1.0,240
1.0,257
1.0,264
1.0,252
1.0,236
1.0,266
1.0,229
1.0,248
1.0,254
1.0,243
1.0,246
1.0,237
1.0,262
1.0,242
1.0,241
1.0,246
1.0,265
1.0,253
1.0,259
1.0,282
1.0,251
1.0,234
1.0,248
1.0,253
1.0,269
1.0,253
1.0,289
1.0,243
1.0,270
1.0,246
1.0,262
1.0,255
1.0,236
1.0,236
1.0,270
1.0,255
1.0,247
1.0,244
1.0,272
1.0,221
1.0,260
1.0,270
1.0,240
1.0,250
1.0,273
1.0,276
1.0,254
1.0,250
1.0,246
1.0,238
1.0,252
1.0,252
1.0,267
1.0,251
1.0,282
1.0,249
1.0,224
1.0,256
1.0,248
1.0,257
1.0,253
1.0,244
1.0,232
1.0,250
1.0,293
1.0,273
1.0,252
1.0,275
1.0,260
1.0,253
1.0,282
1.0,262
1.0,289
1.0,263
1.0,240
1.0,243
1.0,252
1.0,260
1.0,252
1.0,245
1.0,266
1.0,271
1.0,237
1.0,267
1.0,247
1.0,248
1.0,269
1.0,248
1.0,265
1.0,252
1.0,260
1.0,270
1.0,234
1.0,263
1.0,262
1.0,227
1.0,240
1.0,285
1.0,259
1.0,258
1.0,240
1.0,251
1.0,254
1.0,247
1.0,231
1.0,253
1.0,254
1.0,260
1.0,265
1.0,250
1.0,260
1.0,266
1.0,225
1.0,249
1.0,260
1.0,253
1.0,236
1.0,236
1.0,247
1.0,227
1.0,273
1.0,257
1.0,241
1.0,244
1.0,253
1.0,217
1.0,233
1.0,252
1.0,256
1.0,253
1.0,253
1.0,256
1.0,272
1.0,258
1.0,249
1.0,226
1.0,257
1.0,250
1.0,234
1.0,247
1.0,263
1.0,259
1.0,252
1.0,253
1.0,271
1.0,262
1.0,221
1.0,256
1.0,250
1.0,252
1.0,248
1.0,256
1.0,218
1.0,286
1.0,236
1.0,260
1.0,262
1.0,245
1.0,243
1.0,247
1.0,277
1.0,270
1.0,252
1.0,260
1.0,254
1.0,258
1.0,248
1.0,276
1.0,270
1.0,270
1.0,291
1.0,261
1.0,250
1.0,260
1.0,225
1.0,239
1.0,247
1.0,246
1.0,261
1.0,238
1.0,243
1.0,246
1.0,243
1.0,256
1.0,298
1.0,277
1.0,262
1.0,258
1.0,277
1.0,261
1.0,261
1.0,227
1.0,294
1.0,255
1.0,244
1.0,240
1.0,276
1.0,251
1.0,262
1.0,235
1.0,268
1.0,245
1.0,264
1.0,263
1.0,256
1.0,264
1.0,274
1.0,248
1.0,296
1.0,255
1.0,249
1.0,242
1.0,250
1.0,262
1.0,263
1.0,255
1.0,237
1.0,265
1.0,264
1.0,250
1.0,223
1.0,248
1.0,243
1.0,251
1.0,268
1.0,262
1.0,242
1.0,233
1.0,280
1.0,257
1.0,245
1.0,248
1.0,247
1.0,257
1.0,238
1.0,274
1.0,258
1.0,253
1.0,252
1.0,273
1.0,241
1.0,257
1.0,276
1.0,253
1.0,241
1.0,243
1.0,241
1.0,243
1.0,243
1.0,267
1.0,253
1.0,233
1.0,249
1.0,262
1.0,264
1.0,243
1.0,253
1.0,222
1.0,250
1.0,239
1.0,264
1.0,256
1.0,266
1.0,222
1.0,241
1.0,234
1.0,247
1.0,258
1.0,285
1.0,257
1.0,236
1.0,239
1.0,237
1.0,255
1.0,284
1.0,242
1.0,254
1.0,242
1.0,269
1.0,232
1.0,261
1.0,253
1.0,255
1.0,257
1.0,253
1.0,261
1.0,230
1.0,226
1.0,254
1.0,255
1.0,259
1.0,242
1.0,241
1.0,238
1.0,257
1.0,259
1.0,238
1.0,259
1.0,244
1.0,249
1.0,273
1.0,252
1.0,228
1.0,251
1.0,243
1.0,242
1.0,228
1.0,258
1.0,255
1.0,240
1.0,252
1.0,250
1.0,251
1.0,253
1.0,286
1.0,238
1.0,272
1.0,239
1.0,265
1.0,271
1.0,251
1.0,258
1.0,249
1.0,250
1.0,270
1.0,242
1.0,275
1.0,256
1.0,242
1.0,269
1.0,280
1.0,274
1.0,262
1.0,255
1.0,231
1.0,248
1.0,243
1.0,263
1.0,263
1.0,247
1.0,269
1.0,243
1.0,252
1.0,257
1.0,257
1.0,239
1.0,265
1.0,258
1.0,237
1.0,270
1.0,230
1.0,253
1.0,234
1.0,256
1.0,296
1.0,239
1.0,252
1.0,264
1.0,261
1.0,253
1.0,258
1.0,252
1.0,252
1.0,244
1.0,268
1.0,265
1.0,222
1.0,258
1.0,256
1.0,235
1.0,260
1.0,294
1.0,249
1.0,286
1.0,230
1.0,254
1.0,260
1.0,232
1.0,239
1.0,271
1.0,228
1.0,251
1.0,248
1.0,238
1.0,239
1.0,262
1.0,236
1.0,247
1.0,266
1.0,252
1.0,237
1.0,241
1.0,279
1.0,206
1.0,251
1.0,249
1.0,241
1.0,300
1.0,241
1.0,254
1.0,263
1.0,249
1.0,264
1.0,299
1.0,246
1.0,267
1.0,231
1.0,251
1.0,224
1.0,231
1.0,234
1.0,254
1.0,232
1.0,264
1.0,251
1.0,239
1.0,248
1.0,233
1.0,251
1.0,233
1.0,279
1.0,245
1.0,224
1.0,215
1.0,257
1.0,252
1.0,246
1.0,266
1.0,235
1.0,261
1.0,232
1.0,262
1.0,253
1.0,255
1.0,280
1.0,250
1.0,229
1.0,262
1.0,282
1.0,267
1.0,243
1.0,244
1.0,223
1.0,228
1.0,241
1.0,294
1.0,236
1.0,228
1.0,253
1.0,259
1.0,234
1.0,246
1.0,229
1.0,251
1.0,262
1.0,256
1.0,245
1.0,263
1.0,212
1.0,259
1.0,260
1.0,271
1.0,241
1.0,235
1.0,268
1.0,261
1.0,268
1.0,243
1.0,275
1.0,254
1.0,263
1.0,254
1.0,265
1.0,256
1.0,261
1.0,240
1.0,244
1.0,260
1.0,284
1.0,267
1.0,265
1.0,266
1.0,258
1.0,250
1.0,252
1.0,224
1.0,285
1.0,254
1.0,263
1.0,305
1.0,238
1.0,269
1.0,231
1.0,245
1.0,270
1.0,248
1.0,221
1.0,236
1.0,274
1.0,237
1.0,253
1.0,232
1.0,263
1.0,228
1.0,272
1.0,228
1.0,241
1.0,263
1.0,250
1.0,243
1.0,257
1.0,258
1.0,248
1.0,256
1.0,240
1.0,255
1.0,274
1.0,241
1.0,254
1.0,247
1.0,247
1.0,289
1.0,246
1.0,249
1.0,249
1.0,248
1.0,256
1.0,261
1.0,265
1.0,234
1.0,251
1.0,285
1.0,264
1.0,254
1.0,256
1.0,243
1.0,271
1.0,252
1.0,273
1.0,272
1.0,270
1.0,273
1.0,252
1.0,263
1.0,226
1.0,254
1.0,233
1.0,234
1.0,250
1.0,247
1.0,265
1.0,235
1.0,249
1.0,274
1.0,272
1.0,252
1.0,285
1.0,234
1.0,236
1.0,239
1.0,274
1.0,257
1.0,289
1.0,248
1.0,258
1.0,271
1.0,232
1.0,243
1.0,238
1.0,255
1.0,234
1.0,238
1.0,265
1.0,271
1.0,245
1.0,236
1.0,244
1.0,267
1.0,256
1.0,230
1.0,257
1.0,251
1.0,239
1.0,239
1.0,263
1.0,240
1.0,252
1.0,251
1.0,241
1.0,250
1.0,240
1.0,260
1.0,272
1.0,249
1.0,272
1.0,276
1.0,258
1.0,261
1.0,233
1.0,223
1.0,262
1.0,255
1.0,218
1.0,284
1.0,261
1.0,246
1.0,246
1.0,271
1.0,251
1.0,270
1.0,233
1.0,231
1.0,248
1.0,253
1.0,238
1.0,237
1.0,229
1.0,246
1.0,258
1.0,240
1.0,280
1.0,243
1.0,259
1.0,234
1.0,252
1.0,222
1.0,246
1.0,247
1.0,252
1.0,258
1.0,243
1.0,243
1.0,269
1.0,266
1.0,265
1.0,236
1.0,241
1.0,249
1.0,246
1.0,275
1.0,243
1.0,273
1.0,244
1.0,240
1.0,256
1.0,258
1.0,240
1.0,260
1.0,250
1.0,251
1.0,246
1.0,280
1.0,250
1.0,267
1.0,267
1.0,283
1.0,272
1.0,258
1.0,235
1.0,254
1.0,264
1.0,234
1.0,255
1.0,244
1.0,255
1.0,240
1.0,249
1.0,271
1.0,269
1.0,236
1.0,261
1.0,264
1.0,238
1.0,218
1.0,269
1.0,277
1.0,259
1.0,233
1.0,262
1.0,243
1.0,290
1.0,249
1.0,260
1.0,277
1.0,233
1.0,220
1.0,267
1.0,249
1.0,269
1.0,244
1.0,243
1.0,269
1.0,266
1.0,232
1.0,262
1.0,244
1.0,259
1.0,268
1.0,217
1.0,242
1.0,255
1.0,256
1.0,240
1.0,237
1.0,274
1.0,266
1.0,254
1.0,264
1.0,270
1.0,258
1.0,239
1.0,223
1.0,255
1.0,260
1.0,234
1.0,233
1.0,257
1.0,259
1.0,251
1.0,258
1.0,248
1.0,275
1.0,241
1.0,267
1.0,283
1.0,272
1.0,253
1.0,235
1.0,259
1.0,254
1.0,265
1.0,256
1.0,265
1.0,250
1.0,242
1.0,236
1.0,238
1.0,263
1.0,268
1.0,228
1.0,260
1.0,243
1.0,264
1.0,268
1.0,264
1.0,259
1.0,281
1.0,242
1.0,279
1.0,247
1.0,257
1.0,242
1.0,267
1.0,255
1.0,246
1.0,269
1.0,264
1.0,253
1.0,220
1.0,264
1.0,257
1.0,262
1.0,265
1.0,271
1.0,245
1.0,222
1.0,274
1.0,266
1.0,264
1.0,234
1.0,252
1.0,238
1.0,266
1.0,261
1.0,257
1.0,267
1.0,245
1.0,228
1.0,248
1.0,279
1.0,255
1.0,236
1.0,252
1.0,251
1.0,260
1.0,281
1.0,268
1.0,255
1.0,259
1.0,257
1.0,241
1.0,220
1.0,258
1.0,250
1.0,271
1.0,227
1.0,251
1.0,250
1.0,253
1.0,262
1.0,263
1.0,235
1.0,261
1.0,244
1.0,234
1.0,248
1.0,230
1.0,255
1.0,268
1.0,249
1.0,265
1.0,245
1.0,267
1.0,229
1.0,250
1.0,277
1.0,275
1.0,285
1.0,255
1.0,256
1.0,240
1.0,248
1.0,227
1.0,265
1.0,269
1.0,253
1.0,264
1.0,276
1.0,262
1.0,293
1.0,255
1.0,262
1.0,250
1.0,242
1.0,234
1.0,248
1.0,247
1.0,263
1.0,241
1.0,226
1.0,264
1.0,264
1.0,247
1.0,240
1.0,251
1.0,262
1.0,262
1.0,275
1.0,278
1.0,253
1.0,270
1.0,223
1.0,257
1.0,248
1.0,248
1.0,254
1.0,210
1.0,250
1.0,246
1.0,251
1.0,221
1.0,237
1.0,227
1.0,246
1.0,250
1.0,274
1.0,223
1.0,253
1.0,266
1.0,263
1.0,250
1.0,217
1.0,267
1.0,237
1.0,243
1.0,256
1.0,229
1.0,249
1.0,261
1.0,266
1.0,227
1.0,224
1.0,269
1.0,266
1.0,257
1.0,258
1.0,248
1.0,248
1.0,271
1.0,259
1.0,247
1.0,239
1.0,235
1.0,275
1.0,267
1.0,249
1.0,273
1.0,284
1.0,233
1.0,253
1.0,255
1.0,258
1.0,237
1.0,261
1.0,238
1.0,255
1.0,235
1.0,246
1.0,278
1.0,248
1.0,261
1.0,239
1.0,245
1.0,266
1.0,251
1.0,256
1.0,214
1.0,272
1.0,258
1.0,271
1.0,241
1.0,241
1.0,247
1.0,252
1.0,270
1.0,254
1.0,234
1.0,215
1.0,242
1.0,253
1.0,238
1.0,270
1.0,240
1.0,241
1.0,250
1.0,250
1.0,265
1.0,229
1.0,272
1.0,269
1.0,244
1.0,259
1.0,239
1.0,259
1.0,236
1.0,256
1.0,257
1.0,252
1.0,245
1.0,211
1.0,243
1.0,236
1.0,247
1.0,254
1.0,252
1.0,257
1.0,248
1.0,257
1.0,285
1.0,256
1.0,234
1.0,252
1.0,260
1.0,258
1.0,251
1.0,249
1.0,251
1.0,231
1.0,258
1.0,229
1.0,216
1.0,251
1.0,237
1.0,236
1.0,267
1.0,231
1.0,259
1.0,251
1.0,265
1.0,247
1.0,259
1.0,252
1.0,267
1.0,271
1.0,248
1.0,261
1.0,258
1.0,222
1.0,237
1.0,221
1.0,249
1.0,253
1.0,234
1.0,236
1.0,270
1.0,258
1.0,260
1.0,254
1.0,233
1.0,265
1.0,266
1.0,256
1.0,263
1.0,242
1.0,254
1.0,233
1.0,252
1.0,236
1.0,257
1.0,234
1.0,258
1.0,267
1.0,221
1.0,243
1.0,269
1.0,234
1.0,224
1.0,263
1.0,247
1.0,224
1.0,257
1.0,267
1.0,234
1.0,242
1.0,260
1.0,256
1.0,276
1.0,228
1.0,303
1.0,259
1.0,246
1.0,264
1.0,265
1.0,247
1.0,243
1.0,268
1.0,280
1.0,260
1.0,271
1.0,274
1.0,267
1.0,242
1.0,263
1.0,243
1.0,246
1.0,228
1.0,263
1.0,239
1.0,263
1.0,254
1.0,258
1.0,240
1.0,273
1.0,233
1.0,248
1.0,263
1.0,235
1.0,235
1.0,248
1.0,233
1.0,234
1.0,283
1.0,247
1.0,252
1.0,238
1.0,255
1.0,247
1.0,257
1.0,247
1.0,260
1.0,251
1.0,274
1.0,220
1.0,249
1.0,254
1.0,253
1.0,261
1.0,257
1.0,244
1.0,215
1.0,258
1.0,269
1.0,270
1.0,275
1.0,251
1.0,236
1.0,263
1.0,268
1.0,225
1.0,261
1.0,252
1.0,258
1.0,264
1.0,292
1.0,265
1.0,243
1.0,229
1.0,275
1.0,260
1.0,256
1.0,240
1.0,252
1.0,249
1.0,274
1.0,252
1.0,267
1.0,256
1.0,243
1.0,241
1.0,263
1.0,251
1.0,254
1.0,282
1.0,228
1.0,230
1.0,244
1.0,267
1.0,234
1.0,256
1.0,243
1.0,283
1.0,281
1.0,237
1.0,248
1.0,246
1.0,281
1.0,264
1.0,242
1.0,235
1.0,254
1.0,228
1.0,247
1.0,251
1.0,240
1.0,258
1.0,222
1.0,249
1.0,259
1.0,263
1.0,270
1.0,235
1.0,249
1.0,265
1.0,251
1.0,233
1.0,269
1.0,247
1.0,249
1.0,262
1.0,279
1.0,283
1.0,290
1.0,274
1.0,230
1.0,272
1.0,243
1.0,263
1.0,248
1.0,229
1.0,231
1.0,253
1.0,204
1.0,265
1.0,261
1.0,248
1.0,226
1.0,235
1.0,229
1.0,275
1.0,247
1.0,257
1.0,229
1.0,230
1.0,291
1.0,275
1.0,223
1.0,260
1.0,248
1.0,223
1.0,218
1.0,233
1.0,232
1.0,251
1.0,241
1.0,264
1.0,234
1.0,238
1.0,248
1.0,233
1.0,258
1.0,281
1.0,247
1.0,271
1.0,270
1.0,246
1.0,247
1.0,250
1.0,236
1.0,235
1.0,231
1.0,250
1.0,245
1.0,251
1.0,240
1.0,232
1.0,251
1.0,258
1.0,250
1.0,235
1.0,237
1.0,273
1.0,271
1.0,245
1.0,268
1.0,241
1.0,267
1.0,258
1.0,245
1.0,270
1.0,273
1.0,256
1.0,275
1.0,243
1.0,283
1.0,241
1.0,277
1.0,245
1.0,246
1.0,243
1.0,263
1.0,257
1.0,244
1.0,240
1.0,242
1.0,245
1.0,247
1.0,218
1.0,271
1.0,251
1.0,251
1.0,239
1.0,269
1.0,260
1.0,226
1.0,261
1.0,251
1.0,225
1.0,245
1.0,251
1.0,269
1.0,264
1.0,247
1.0,273
1.0,257
1.0,265
1.0,220
1.0,276
1.0,259
1.0,250
1.0,257
1.0,228
1.0,251
1.0,254
1.0,227
1.0,268
1.0,248
1.0,230
1.0,251
1.0,262
1.0,258
1.0,232
1.0,259
1.0,247
1.0,251
1.0,252
1.0,288
1.0,219
1.0,251
1.0,229
1.0,258
1.0,261
1.0,235
1.0,253
1.0,220
1.0,274
1.0,267
1.0,261
1.0,250
1.0,253
1.0,252
1.0,235
1.0,229
1.0,251
1.0,250
1.0,273
1.0,249
1.0,273
1.0,242
1.0,234
1.0,217
1.0,233
1.0,250
1.0,219
1.0,260
1.0,262
1.0,253
1.0,274
1.0,267
1.0,263
1.0,258
1.0,227
1.0,234
1.0,265
1.0,234
1.0,273
1.0,288
1.0,229
1.0,265
1.0,225
1.0,262
1.0,268
1.0,243
1.0,264
1.0,253
1.0,245
1.0,238
1.0,223
1.0,263
1.0,241
1.0,243
1.0,252
1.0,249
1.0,262
1.0,269
1.0,254
1.0,285
1.0,237
1.0,245
1.0,256
1.0,255
1.0,229
1.0,274
1.0,257
1.0,242
1.0,279
1.0,251
1.0,262
1.0,259
1.0,242
1.0,252
1.0,241
1.0,257
1.0,273
1.0,274
1.0,242
1.0,227
1.0,242
1.0,269
1.0,250
1.0,257
1.0,267
1.0,261
1.0,268
1.0,242
1.0,240
1.0,250
1.0,249
1.0,250
1.0,241
1.0,248
1.0,248
1.0,254
1.0,253
1.0,204
1.0,266
1.0,247
1.0,290
1.0,241
1.0,261
1.0,252
1.0,252
1.0,266
1.0,257
1.0,247
1.0,238
1.0,244
1.0,264
1.0,241
1.0,264
1.0,232
1.0,293
1.0,224
1.0,231
1.0,249
1.0,252
1.0,232
1.0,243
1.0,261
1.0,244
1.0,290
1.0,245
1.0,264
1.0,281
1.0,233
1.0,244
1.0,244
1.0,236
1.0,256
1.0,247
1.0,249
1.0,282
1.0,248
1.0,259
1.0,242
1.0,230
1.0,231
1.0,245
1.0,245
1.0,269
1.0,256
1.0,237
1.0,256
1.0,258
1.0,272
1.0,250
1.0,248
1.0,232
1.0,256
1.0,239
1.0,253
1.0,222
1.0,237
1.0,243
1.0,256
1.0,252
1.0,255
1.0,247
1.0,260
1.0,268
1.0,243
1.0,223
1.0,246
1.0,244
1.0,265
1.0,258
1.0,250
1.0,257
1.0,223
1.0,273
1.0,248
1.0,264
1.0,239
1.0,257
1.0,267
1.0,255
1.0,254
1.0,229
1.0,274
1.0,259
1.0,254
1.0,262
1.0,249
1.0,241
1.0,268
1.0,262
1.0,267
1.0,252
1.0,247
1.0,249
1.0,238
1.0,257
1.0,249
1.0,231
1.0,258
1.0,213
1.0,244
1.0,249
1.0,265
1.0,258
1.0,247
1.0,263
1.0,219
1.0,289
1.0,259
1.0,225
1.0,243
1.0,245
1.0,245
1.0,246
1.0,249
1.0,258
1.0,252
1.0,245
1.0,254
1.0,261
1.0,267
1.0,224
1.0,262
1.0,245
1.0,271
1.0,264
1.0,288
1.0,262
1.0,253
1.0,264
1.0,250
1.0,233
1.0,254
1.0,245
1.0,253
1.0,264
1.0,241
1.0,238
1.0,251
1.0,258
1.0,266
1.0,231
1.0,250
1.0,238
1.0,282
1.0,251
1.0,214
1.0,238
1.0,232
1.0,272
1.0,217
1.0,274
1.0,258
1.0,238
1.0,244
1.0,267
1.0,260
1.0,247
1.0,255
1.0,292
1.0,251
1.0,259
1.0,261
1.0,242
1.0,247
1.0,231
1.0,258
1.0,243
1.0,260
1.0,255
1.0,264
1.0,234
1.0,235
1.0,250
1.0,261
1.0,250
1.0,269
1.0,252
1.0,243
1.0,242
1.0,242
1.0,272
1.0,246
1.0,222
1.0,254
1.0,267
1.0,251
1.0,268
1.0,258
1.0,258
1.0,255
1.0,273
1.0,241
1.0,226
1.0,277
1.0,258
1.0,223
1.0,218
1.0,256
1.0,254
1.0,244
1.0,231
1.0,261
1.0,237
1.0,276
1.0,249
1.0,252
1.0,264
1.0,252
1.0,267
1.0,296
1.0,251
1.0,245
1.0,296
1.0,255
1.0,243
1.0,234
1.0,249
1.0,265
1.0,278
1.0,253
1.0,236
1.0,247
1.0,260
1.0,268
1.0,263
1.0,241
1.0,267
1.0,243
1.0,261
1.0,245
1.0,262
1.0,261
1.0,218
1.0,249
1.0,280
1.0,235
1.0,261
1.0,239
1.0,271
1.0,259
1.0,261
1.0,249
1.0,242
1.0,234
1.0,253
1.0,256
1.0,226
1.0,227
1.0,279
1.0,254
1.0,245
1.0,249
1.0,241
1.0,269
1.0,242
1.0,250
1.0,226
1.0,243
1.0,232
1.0,286
1.0,235
1.0,258
1.0,283
1.0,249
1.0,257
1.0,236
1.0,269
1.0,245
1.0,231
1.0,245
1.0,265
1.0,266
1.0,266
1.0,258
1.0,253
1.0,263
1.0,248
1.0,249
1.0,291
1.0,238
1.0,255
1.0,280
1.0,246
1.0,266
1.0,247
1.0,248
1.0,215
1.0,221
1.0,276
1.0,270
1.0,220
1.0,262
1.0,243
1.0,241
1.0,258
1.0,242
1.0,231
1.0,263
1.0,250
1.0,248
1.0,245
1.0,271
1.0,241
1.0,219
1.0,241
1.0,269
1.0,224
1.0,238
1.0,236
1.0,263
1.0,254
1.0,266
1.0,258
1.0,269
1.0,247
1.0,239
1.0,260
1.0,239
1.0,263
1.0,259
1.0,231
1.0,252
1.0,258
1.0,230
1.0,280
1.0,251
1.0,246
1.0,238
1.0,245
1.0,261
1.0,247
1.0,245
1.0,279
1.0,259
1.0,277
1.0,258
1.0,277
1.0,245
1.0,261
1.0,250
1.0,236
1.0,260
1.0,246
1.0,258
1.0,265
1.0,240
1.0,287
1.0,261
1.0,241
1.0,281
1.0,237
1.0,272
1.0,235
1.0,263
1.0,251
1.0,269
1.0,235
1.0,245
1.0,259
1.0,256
1.0,248
1.0,256
1.0,258
1.0,270
1.0,260
1.0,274
1.0,254
1.0,265
1.0,251
1.0,256
1.0,226
1.0,235
1.0,266
1.0,240
1.0,241
1.0,244
1.0,242
1.0,248
1.0,273
1.0,274
1.0,260
1.0,259
1.0,264
1.0,239
1.0,236
1.0,229
1.0,273
1.0,235
1.0,260
1.0,286
1.0,252
1.0,259
1.0,262
1.0,233
1.0,238
1.0,266
1.0,254
1.0,239
1.0,253
1.0,238
1.0,244
1.0,236
1.0,224
1.0,273
1.0,256
1.0,246
1.0,259
1.0,253
1.0,237
1.0,257
1.0,254
1.0,230
1.0,248
1.0,255
1.0,260
1.0,240
1.0,252
1.0,268
1.0,241
1.0,257
1.0,263
1.0,236
1.0,266
1.0,257
1.0,253
1.0,264
1.0,253
1.0,240
1.0,266
1.0,245
1.0,259
1.0,276
1.0,251
1.0,258
1.0,248
1.0,291
1.0,260
1.0,234
1.0,255
1.0,281
1.0,248
1.0,256
1.0,247
1.0,240
1.0,269
1.0,238
1.0,261
1.0,235
1.0,250
1.0,281
1.0,267
1.0,244
1.0,261
1.0,255
1.0,279
1.0,252
1.0,269
1.0,246
1.0,280
1.0,245
1.0,251
1.0,229
1.0,268
1.0,204
1.0,279
1.0,236
1.0,258
1.0,245
1.0,230
1.0,255
1.0,250
1.0,252
1.0,238
1.0,261
1.0,256
1.0,261
1.0,251
1.0,228
1.0,233
1.0,249
1.0,209
1.0,241
1.0,251
1.0,245
1.0,256
1.0,243
1.0,273
1.0,271
1.0,226
1.0,233
1.0,280
1.0,259
1.0,225
1.0,256
1.0,268
1.0,266
1.0,254
1.0,260
1.0,263
1.0,234
1.0,260
1.0,245
1.0,258
1.0,279
1.0,229
1.0,225
1.0,262
1.0,247
1.0,267
1.0,263
1.0,249
1.0,262
1.0,289
1.0,274
1.0,257
1.0,250
1.0,248
1.0,254
1.0,244
1.0,212
1.0,286
1.0,257
1.0,278
1.0,268
1.0,254
1.0,260
1.0,234
1.0,261
1.0,275
1.0,252
1.0,260
1.0,243
1.0,251
1.0,284
1.0,234
1.0,232
1.0,262
1.0,248
1.0,241
1.0,256
1.0,272
1.0,245
1.0,240
1.0,246
1.0,285
1.0,267
1.0,236
1.0,249
1.0,267
1.0,287
1.0,249
1.0,287
1.0,254
1.0,236
1.0,240
1.0,246
1.0,247
1.0,282
1.0,213
1.0,259
1.0,261
1.0,219
1.0,248
1.0,226
1.0,258
1.0,247
1.0,209
1.0,241
1.0,253
1.0,253
1.0,241
1.0,258
1.0,247
1.0,261
1.0,285
1.0,231
1.0,243
1.0,243
1.0,258
1.0,214
1.0,285
1.0,268
1.0,264
1.0,239
1.0,254
1.0,252
1.0,246
1.0,276
1.0,268
1.0,273
1.0,248
1.0,259
1.0,266
1.0,254
1.0,290
1.0,271
1.0,273
1.0,272
1.0,262
1.0,272
1.0,236
1.0,227
1.0,255
1.0,268
1.0,241
1.0,253
1.0,225
1.0,220
1.0,245
1.0,256
1.0,259
1.0,224
1.0,241
1.0,251
1.0,232
1.0,231
1.0,252
1.0,269
1.0,262
1.0,275
1.0,241
1.0,240
1.0,234
1.0,253
1.0,256
1.0,265
1.0,245
1.0,259
1.0,227
1.0,225
1.0,251
1.0,256
1.0,247
1.0,271
1.0,274
1.0,251
1.0,233
1.0,228
1.0,263
1.0,239
1.0,245
1.0,260
1.0,266
1.0,257
1.0,238
1.0,255
1.0,234
1.0,244
1.0,250
1.0,241
1.0,244
1.0,256
1.0,237
1.0,256
1.0,242
1.0,270
1.0,241
1.0,257
1.0,260
1.0,266
1.0,244
1.0,269
1.0,257
1.0,260
1.0,258
1.0,223
1.0,262
1.0,208
1.0,255
1.0,270
1.0,251
1.0,257
1.0,263
1.0,263
1.0,247
1.0,254
1.0,265
1.0,264
1.0,228
1.0,265
1.0,243
1.0,267
1.0,275
1.0,280
1.0,258
1.0,248
1.0,228
1.0,230
1.0,251
1.0,224
1.0,256
1.0,262
1.0,212
1.0,246
1.0,248
1.0,250
1.0,280
1.0,247
1.0,253
1.0,249
1.0,214
1.0,262
1.0,250
1.0,207
1.0,257
1.0,232
1.0,274
1.0,251
1.0,245
1.0,240
1.0,261
1.0,266
1.0,269
1.0,258
1.0,262
1.0,236
1.0,262
1.0,234
1.0,293
1.0,243
1.0,233
1.0,223
1.0,241
1.0,282
1.0,231
1.0,249
1.0,279
1.0,248
1.0,249
1.0,252
1.0,265
1.0,245
1.0,249
1.0,286
1.0,258
1.0,273
1.0,217
1.0,223
1.0,268
1.0,270
1.0,256
1.0,241
1.0,261
1.0,239
1.0,249
1.0,251
1.0,273
1.0,239
1.0,226
1.0,250
1.0,260
1.0,242
1.0,244
1.0,237
1.0,257
1.0,271
1.0,298
1.0,254
1.0,270
1.0,261
1.0,266
1.0,249
1.0,272
1.25,228
1.25,236
1.25,221
1.25,242
1.25,219
1.25,259
1.25,214
1.25,211
1.25,232
1.25,221
1.25,236
1.25,231
1.25,260
1.25,236
1.25,229
1.25,213
1.25,217
1.25,195
1.25,231
1.25,218
1.25,243
1.25,207
1.25,225
1.25,217
1.25,227
1.25,249
1.25,187
1.25,240
1.25,212
1.25,220
1.25,213
1.25,230
1.25,245
1.25,218
1.25,232
1.25,243
1.25,233
1.25,226
1.25,239
1.25,233
1.25,204
1.25,225
1.25,230
1.25,212
1.25,224
1.25,242
1.25,224
1.25,226
1.25,225
1.25,232
1.25,267
1.25,234
1.25,207
1.25,237
1.25,225
1.25,236
1.25,241
1.25,214
1.25,222
1.25,238
1.25,261
1.25,234
1.25,219
1.25,203
1.25,225
1.25,235
1.25,210
1.25,226
1.25,258
1.25,236
1.25,236
1.25,214
1.25,214
1.25,239
1.25,222
1.25,227
1.25,197
1.25,223
1.25,220
1.25,218
1.25,231
1.25,257
1.25,223
1.25,212
1.25,232
1.25,218
1.25,197
1.25,224
1.25,220
1.25,216
1.25,213
1.25,232
1.25,219
1.25,217
1.25,224
1.25,234
1.25,213
1.25,248
1.25,204
1.25,229
1.25,262
1.25,251
1.25,245
1.25,218
1.25,206
1.25,235
1.25,214
1.25,188
1.25,236
1.25,229
1.25,246
1.25,263
1.25,215
1.25,237
1.25,215
1.25,235
1.25,244
1.25,245
1.25,222
1.25,196
1.25,218
1.25,252
1.25,243
1.25,239
1.25,234
1.25,216
1.25,235
1.25,235
1.25,244
1.25,230
1.25,231
1.25,242
1.25,220
1.25,233
1.25,222
1.25,213
1.25,234
1.25,255
1.25,230
1.25,223
1.25,221
1.25,211
1.25,220
1.25,206
1.25,228
1.25,249
1.25,227
1.25,216
1.25,223
1.25,181
1.25,258
1.25,242
1.25,227
1.25,225
1.25,225
1.25,216
1.25,230
1.25,221
1.25,222
1.25,187
1.25,227
1.25,219
1.25,228
1.25,210
1.25,197
1.25,224
1.25,241
1.25,252
1.25,239
1.25,218
1.25,238
1.25,235
1.25,212
1.25,213
1.25,223
1.25,221
1.25,236
1.25,201
1.25,212
1.25,208
1.25,253
1.25,232
1.25,222
1.25,218
1.25,211
1.25,234
1.25,213
1.25,226
1.25,236
1.25,218
1.25,205
1.25,222
1.25,235
1.25,242
1.25,225
1.25,231
1.25,231
1.25,245
1.25,199
1.25,216
1.25,254
1.25,224
1.25,228
1.25,214
1.25,237
1.25,236
1.25,212
1.25,227
1.25,223
1.25,241
1.25,262
1.25,204
1.25,248
1.25,233
1.25,227
1.25,228
1.25,224
1.25,220
1.25,249
1.25,226
1.25,218
1.25,226
1.25,239
1.25,218
1.25,248
1.25,207
1.25,220
1.25,213
1.25,210
1.25,254
1.25,241
1.25,208
1.25,215
1.25,206
1.25,230
1.25,208
1.25,232
1.25,219
1.25,247
1.25,231
1.25,209
1.25,218
1.25,235
1.25,230
1.25,215
1.25,199
1.25,212
1.25,237
1.25,214
1.25,225
1.25,207
1.25,218
1.25,213
1.25,242
1.25,204
1.25,218
1.25,225
1.25,232
1.25,235
1.25,236
1.25,205
1.25,199
1.25,245
1.25,210
1.25,237
1.25,192
1.25,209
1.25,222
1.25,209
1.25,222
1.25,217
1.25,208
1.25,206
1.25,188
1.25,226
1.25,233
1.25,216
1.25,221
1.25,224
1.25,229
1.25,202
1.25,205
1.25,237
1.25,204
1.25,227
1.25,200
1.25,238
1.25,224
1.25,235
1.25,223
1.25,246
1.25,245
1.25,240
1.25,241
1.25,252
1.25,235
1.25,253
1.25,225
1.25,245
1.25,224
1.25,222
1.25,259
1.25,210
1.25,223
1.25,218
1.25,244
1.25,240
1.25,224
1.25,249
1.25,240
1.25,218
1.25,237
1.25,219
1.25,219
1.25,239
1.25,202
1.25,230
1.25,227
1.25,231
1.25,222
1.25,215
1.25,214
1.25,246
1.25,219
1.25,207
1.25,230
1.25,236
1.25,256
1.25,225
1.25,246
1.25,218
1.25,244
1.25,222
1.25,242
1.25,200
1.25,247
1.25,233
1.25,238
1.25,215
1.25,228
1.25,227
1.25,203
1.25,225
1.25,246
1.25,235
1.25,230
1.25,238
1.25,215
1.25,233
1.25,218
1.25,248
1.25,231
1.25,210
1.25,218
1.25,225
1.25,229
1.25,215
1.25,239
1.25,220
1.25,199
1.25,221
1.25,235
1.25,195
1.25,230
1.25,212
1.25,223
1.25,235
1.25,252
1.25,222
1.25,222
1.25,213
1.25,225
1.25,242
1.25,239
1.25,222
1.25,230
1.25,262
1.25,236
1.25,225
1.25,210
1.25,219
1.25,218
1.25,226
1.25,220
1.25,236
1.25,210
1.25,218
1.25,214
1.25,215
1.25,222
1.25,233
1.25,239
1.25,214
1.25,210
1.25,229
1.25,228
1.25,238
1.25,219
1.25,227
1.25,227
1.25,229
1.25,196
1.25,231
1.25,219
1.25,222
1.25,240
1.25,227
1.25,240
1.25,242
1.25,202
1.25,245
1.25,223
1.25,234
1.25,235
1.25,224
1.25,218
1.25,221
1.25,228
1.25,232
1.25,233
1.25,253
1.25,242
1.25,203
1.25,243
1.25,214
1.25,209
1.25,220
1.25,233
1.25,231
1.25,225
1.25,244
1.25,219
1.25,238
1.25,250
1.25,223
1.25,226
1.25,227
1.25,229
1.25,238
1.25,218
1.25,219
1.25,215
1.25,211
1.25,225
1.25,211
1.25,234
1.25,201
1.25,246
1.25,216
1.25,212
1.25,232
1.25,247
1.25,243
1.25,217
1.25,207
1.25,233
1.25,226
1.25,231
1.25,207
1.25,239
1.25,235
1.25,218
1.25,216
1.25,220
1.25,215
1.25,202
1.25,224
1.25,230
1.25,238
1.25,222
1.25,224
1.25,228
1.25,210
1.25,218
1.25,220
1.25,205
1.25,217
1.25,252
1.25,206
1.25,232
1.25,192
1.25,199
1.25,231
1.25,223
1.25,249
1.25,233
1.25,245
1.25,235
1.25,222
1.25,224
1.25,223
1.25,212
1.25,241
1.25,247
1.25,226
1.25,222
1.25,245
1.25,221
1.25,239
1.25,215
1.25,245
1.25,232
1.25,250
1.25,230
1.25,222
1.25,250
1.25,230
1.25,231
1.25,219
1.25,224
1.25,224
1.25,230
1.25,224
1.25,214
1.25,227
1.25,210
1.25,215
1.25,183
1.25,209
1.25,235
1.25,236
1.25,238
1.25,205
1.25,232
1.25,229
1.25,232
1.25,242
1.25,209
1.25,222
1.25,217
1.25,211
1.25,218
1.25,231
1.25,195
1.25,196
1.25,224
1.25,207
1.25,239
1.25,204
1.25,222
1.25,229
1.25,210
1.25,262
1.25,204
1.25,205
1.25,222
1.25,221
1.25,189
1.25,216
1.25,200
1.25,247
1.25,222
1.25,188
1.25,220
1.25,226
1.25,244
1.25,229
1.25,222
1.25,243
1.25,229
1.25,210
1.25,209
1.25,226
1.25,231
1.25,227
1.25,217
1.25,251
1.25,210
1.25,217
1.25,230
1.25,225
1.25,221
1.25,216
1.25,218
1.25,244
1.25,223
1.25,222
1.25,212
1.25,220
1.25,218
1.25,211
1.25,212
1.25,253
1.25,222
1.25,210
1.25,240
1.25,228
1.25,251
1.25,188
1.25,218
1.25,241
1.25,226
1.25,243
1.25,201
1.25,240
1.25,226
1.25,224
1.25,200
1.25,223
1.25,224
1.25,208
1.25,235
1.25,231
1.25,228
1.25,252
1.25,220
1.25,223
1.25,241
1.25,225
1.25,244
1.25,239
1.25,209
1.25,234
1.25,223
1.25,244
1.25,223
1.25,253
1.25,245
1.25,232
1.25,239
1.25,216
1.25,218
1.25,226
1.25,210
1.25,231
1.25,240
1.25,200
1.25,216
1.25,225
1.25,236
1.25,201
1.25,234
1.25,228
1.25,243
1.25,235
1.25,213
1.25,228
1.25,211
1.25,222
1.25,219
1.25,221
1.25,197
1.25,230
1.25,241
1.25,216
1.25,197
1.25,228
1.25,262
1.25,236
1.25,218
1.25,213
1.25,239
1.25,242
1.25,234
1.25,196
1.25,221
1.25,210
1.25,212
1.25,234
1.25,226
1.25,239
1.25,224
1.25,233
1.25,243
1.25,205
1.25,214
1.25,216
1.25,211
1.25,249
1.25,210
1.25,229
1.25,226
1.25,203
1.25,217
1.25,239
1.25,206
1.25,230
1.25,239
1.25,239
1.25,215
1.25,211
1.25,242
1.25,205
1.25,218
1.25,218
1.25,218
1.25,214
1.25,230
1.25,198
1.25,244
1.25,251
1.25,229
1.25,215
1.25,233
1.25,231
1.25,220
1.25,233
1.25,218
1.25,216
1.25,217
1.25,185
1.25,210
1.25,214
1.25,239
1.25,222
1.25,234
1.25,230
1.25,236
1.25,219
1.25,213
1.25,222
1.25,205
1.25,238
1.25,223
1.25,215
1.25,233
1.25,236
1.25,239
1.25,199
1.25,232
1.25,224
1.25,264
1.25,210
1.25,218
1.25,234
1.25,217
1.25,244
1.25,254
1.25,214
1.25,251
1.25,221
1.25,210
1.25,236
1.25,238
1.25,211
1.25,226
1.25,215
1.25,236
1.25,221
1.25,229
1.25,236
1.25,204
1.25,220
1.25,222
1.25,221
1.25,216
1.25,210
1.25,260
1.25,216
1.25,236
1.25,232
1.25,219
1.25,244
1.25,227
1.25,207
1.25,224
1.25,226
1.25,240
1.25,227
1.25,206
1.25,247
1.25,214
1.25,209
1.25,216
1.25,209
1.25,218
1.25,229
1.25,220
1.25,237
1.25,206
1.25,206
1.25,222
1.25,232
1.25,203
1.25,247
1.25,229
1.25,219
1.25,236
1.25,232
1.25,241
1.25,219
1.25,219
1.25,187
1.25,231
1.25,226
1.25,223
1.25,233
1.25,204
1.25,223
1.25,211
1.25,228
1.25,220
1.25,218
1.25,224
1.25,219
1.25,238
1.25,207
1.25,253
1.25,203
1.25,219
1.25,238
1.25,227
1.25,227
1.25,220
1.25,244
1.25,241
1.25,211
1.25,230
1.25,222
1.25,214
1.25,231
1.25,242
1.25,242
1.25,227
1.25,204
1.25,256
1.25,208
1.25,206
1.25,225
1.25,225
1.25,259
1.25,230
1.25,251
1.25,207
1.25,239
1.25,234
1.25,229
1.25,245
1.25,219
1.25,222
1.25,222
1.25,236
1.25,239
1.25,220
1.25,218
1.25,218
1.25,228
1.25,259
1.25,235
1.25,213
1.25,216
1.25,229
1.25,232
1.25,229
1.25,225
1.25,232
1.25,256
1.25,208
1.25,221
1.25,206
1.25,229
1.25,214
1.25,226
1.25,228
1.25,229
1.25,209
1.25,221
1.25,218
1.25,217
1.25,219
1.25,226
1.25,230
1.25,244
1.25,221
1.25,243
1.25,235
1.25,230
1.25,238
1.25,208
1.25,213
1.25,246
1.25,218
1.25,203
1.25,231
1.25,224
1.25,232
1.25,219
1.25,243
1.25,217
1.25,229
1.25,223
1.25,208
1.25,227
1.25,233
1.25,216
1.25,263
1.25,250
1.25,235
1.25,205
1.25,233
1.25,215
1.25,215
1.25,228
1.25,229
1.25,236
1.25,207
1.25,240
1.25,248
1.25,214
1.25,226
1.25,226
1.25,193
1.25,209
1.25,222
1.25,241
1.25,227
1.25,223
1.25,207
1.25,217
1.25,230
1.25,229
1.25,255
1.25,244
1.25,239
1.25,224
1.25,231
1.25,226
1.25,226
1.25,216
1.25,226
1.25,227
1.25,215
1.25,263
1.25,237
1.25,224
1.25,254
1.25,222
1.25,239
1.25,245
1.25,223
1.25,224
1.25,229
1.25,256
1.25,234
1.25,209
1.25,234
1.25,230
1.25,222
1.25,228
1.25,230
1.25,229
1.25,214
1.25,237
1.25,221
1.25,228
1.25,259
1.25,209
1.25,203
1.25,228
1.25,239
1.25,198
1.25,217
1.25,220
1.25,217
1.25,231
1.25,211
1.25,232
1.25,218
1.25,208
1.25,243
1.25,231
1.25,221
1.25,197
1.25,254
1.25,228
1.25,194
1.25,207
1.25,216
1.25,219
1.25,207
1.25,242
1.25,230
1.25,253
1.25,215
1.25,215
1.25,247
1.25,203
1.25,241
1.25,247
1.25,245
1.25,223
1.25,218
1.25,231
1.25,214
1.25,227
1.25,217
1.25,205
1.25,219
1.25,246
1.25,223
1.25,199
1.25,225
1.25,244
1.25,220
1.25,212
1.25,209
1.25,217
1.25,265
1.25,237
1.25,246
1.25,229
1.25,230
1.25,220
1.25,239
1.25,208
1.25,226
1.25,219
1.25,256
1.25,254
1.25,205
1.25,226
1.25,216
1.25,213
1.25,212
1.25,238
1.25,223
1.25,204
1.25,222
1.25,224
1.25,244
1.25,228
1.25,212
1.25,211
1.25,233
1.25,222
1.25,240
1.25,224
1.25,253
1.25,214
1.25,219
1.25,225
1.25,227
1.25,237
1.25,239
1.25,217
1.25,209
1.25,250
1.25,240
1.25,253
1.25,230
1.25,232
1.25,230
1.25,210
1.25,246
1.25,253
1.25,244
1.25,223
1.25,223
1.25,254
1.25,190
1.25,231
1.25,203
1.25,245
1.25,235
1.25,236
1.25,219
1.25,221
1.25,212
1.25,226
1.25,245
1.25,223
1.25,217
1.25,223
1.25,269
1.25,229
1.25,206
1.25,230
1.25,207
1.25,216
1.25,200
1.25,251
1.25,213
1.25,226
1.25,212
1.25,220
1.25,199
1.25,244
1.25,197
1.25,240
1.25,207
1.25,246
1.25,237
1.25,242
1.25,238
1.25,259
1.25,202
1.25,191
1.25,243
1.25,233
1.25,237
1.25,238
1.25,223
1.25,222
1.25,217
1.25,247
1.25,221
1.25,231
1.25,216
1.25,257
1.25,221
1.25,240
1.25,235
1.25,210
1.25,230
1.25,240
1.25,220
1.25,210
1.25,196
1.25,238
1.25,200
1.25,232
1.25,239
1.25,244
1.25,221
1.25,244
1.25,203
1.25,235
1.25,240
1.25,252
1.25,224
1.25,229
1.25,202
1.25,245
1.25,244
1.25,211
1.25,208
1.25,216
1.25,231
1.25,241
1.25,205
1.25,206
1.25,225
1.25,234
1.25,231
1.25,205
1.25,202
1.25,243
1.25,207
1.25,212
1.25,201
1.25,262
1.25,224
1.25,207
1.25,209
1.25,219
1.25,216
1.25,215
1.25,237
1.25,245
1.25,200
1.25,201
1.25,219
1.25,252
1.25,225
1.25,204
1.25,218
1.25,240
1.25,255
1.25,218
1.25,223
1.25,257
1.25,246
1.25,239
1.25,219
1.25,224
1.25,226
1.25,248
1.25,225
1.25,215
1.25,203
1.25,214
1.25,255
1.25,218
1.25,247
1.25,218
1.25,233
1.25,232
1.25,227
1.25,224
1.25,213
1.25,218
1.25,215
1.25,246
1.25,240
1.25,224
1.25,237
1.25,224
1.25,237
1.25,224
1.25,228
1.25,213
1.25,207
1.25,221
1.25,210
1.25,204
1.25,250
1.25,209
1.25,244
1.25,231
1.25,217
1.25,224
1.25,220
1.25,233
1.25,227
1.25,205
1.25,235
1.25,249
1.25,228
1.25,229
1.25,221
1.25,241
1.25,259
1.25,215
1.25,226
1.25,218
1.25,225
1.25,228
1.25,222
1.25,223
1.25,192
1.25,223
1.25,220
1.25,221
1.25,194
1.25,211
1.25,204
1.25,198
1.25,237
1.25,224
1.25,215
1.25,210
1.25,234
1.25,208
1.25,196
1.25,239
1.25,238
1.25,206
1.25,224
1.25,251
1.25,243
1.25,214
1.25,232
1.25,206
1.25,219
1.25,233
1.25,247
1.25,267
1.25,228
1.25,215
1.25,227
1.25,235
1.25,213
1.25,251
1.25,239
1.25,254
1.25,230
1.25,220
1.25,264
1.25,211
1.25,210
1.25,217
1.25,244
1.25,205
1.25,250
1.25,231
1.25,229
1.25,212
1.25,214
1.25,224
1.25,217
1.25,215
1.25,206
1.25,217
1.25,222
1.25,235
1.25,243
1.25,215
1.25,209
1.25,231
1.25,236
1.25,226
1.25,212
1.25,223
1.25,239
1.25,204
1.25,253
1.25,256
1.25,243
1.25,239
1.25,227
1.25,218
1.25,206
1.25,229
1.25,232
1.25,237
1.25,223
1.25,208
1.25,224
1.25,228
1.25,228
1.25,266
1.25,232
1.25,242
1.25,253
1.25,233
1.25,263
1.25,215
1.25,241
1.25,237
1.25,225
1.25,217
1.25,239
1.25,222
1.25,218
1.25,230
1.25,248
1.25,230
1.25,228
1.25,214
1.25,227
1.25,248
1.25,219
1.25,203
1.25,213
1.25,230
1.25,232
1.25,212
1.25,208
1.25,215
1.25,244
1.25,223
1.25,224
1.25,228
1.25,235
1.25,229
1.25,240
1.25,229
1.25,199
1.25,230
1.25,235
1.25,251
1.25,206
1.25,208
1.25,206
1.25,220
1.25,222
1.25,247
1.25,261
1.25,210
1.25,213
1.25,226
1.25,222
1.25,213
1.25,216
1.25,240
1.25,228
1.25,227
1.25,233
1.25,206
1.25,238
1.25,212
1.25,209
1.25,224
1.25,214
1.25,231
1.25,220
1.25,211
1.25,202
1.25,218
1.25,196
1.25,219
1.25,239
1.25,236
1.25,252
1.25,250
1.25,230
1.25,218
1.25,204
1.25,220
1.25,215
1.25,217
1.25,194
1.25,214
1.25,215
1.25,239
1.25,214
1.25,213
1.25,256
1.25,207
1.25,236
1.25,231
1.25,219
1.25,225
1.25,240
1.25,234
1.25,213
1.25,221
1.25,220
1.25,232
1.25,210
1.25,238
1.25,208
1.25,229
1.25,228
1.25,241
1.25,215
1.25,234
1.25,204
1.25,230
1.25,243
1.25,215
1.25,242
1.25,205
1.25,218
1.25,200
1.25,191
1.25,207
1.25,247
1.25,228
1.25,200
1.25,242
1.25,207
1.25,227
1.25,232
1.25,237
1.25,213
1.25,204
1.25,211
1.25,207
1.25,209
1.25,212
1.25,204
1.25,214
1.25,257
1.25,229
1.25,224
1.25,219
1.25,231
1.25,227
1.25,240
1.25,220
1.25,230
1.25,224
1.25,226
1.25,225
1.25,246
1.25,239
1.25,218
1.25,205
1.25,221
1.25,232
1.25,206
1.25,233
1.25,229
1.25,230
1.25,227
1.25,244
1.25,254
1.25,228
1.25,250
1.25,217
1.25,207
1.25,239
1.25,257
1.25,249
1.25,233
1.25,267
1.25,249
1.25,236
1.25,221
1.25,212
1.25,255
1.25,217
1.25,226
1.25,210
1.25,229
1.25,215
1.25,238
1.25,214
1.25,244
1.25,222
1.25,253
1.25,192
1.25,232
1.25,235
1.25,249
1.25,221
1.25,227
1.25,225
1.25,242
1.25,219
1.25,220
1.25,202
1.25,216
1.25,206
1.25,232
1.25,240
1.25,240
1.25,228
1.25,224
1.25,216
1.25,225
1.25,225
1.25,219
1.25,244
1.25,244
1.25,223
1.25,195
1.25,245
1.25,213
1.25,252
1.25,237
1.25,247
1.25,215
1.25,238
1.25,237
1.25,254
1.25,229
1.25,237
1.25,263
1.25,205
1.25,213
1.25,225
1.25,234
1.25,273
1.25,222
1.25,235
1.25,219
1.25,193
1.25,225
1.25,207
1.25,212
1.25,230
1.25,231
1.25,228
1.25,229
1.25,226
1.25,212
1.25,214
1.25,241
1.25,223
1.25,229
1.25,218
1.25,216
1.25,230
1.25,216
1.25,247
1.25,218
1.25,215
1.25,220
1.25,226
1.25,233
1.25,250
1.25,223
1.25,216
1.25,220
1.25,233
1.25,225
1.25,225
1.25,213
1.25,228
1.25,243
1.25,210
1.25,215
1.25,214
1.25,228
1.25,227
1.25,213
1.25,177
1.25,199
1.25,253
1.25,232
1.25,228
1.25,228
1.25,237
1.25,230
1.25,231
1.25,222
1.25,237
1.25,222
1.25,237
1.25,219
1.25,222
1.25,199
1.25,242
1.25,229
1.25,238
1.25,215
1.25,232
1.25,205
1.25,204
1.25,225
1.25,225
1.25,222
1.25,219
1.25,212
1.25,209
1.25,239
1.25,225
1.25,227
1.25,240
1.25,207
1.25,214
1.25,227
1.25,238
1.25,212
1.25,239
1.25,208
1.25,238
1.25,214
1.25,230
1.25,233
1.25,203
1.25,214
1.25,206
1.25,218
1.25,234
1.25,216
1.25,229
1.25,224
1.25,215
1.25,216
1.25,213
1.25,223
1.25,213
1.25,255
1.25,220
1.25,225
1.25,208
1.25,208
1.25,212
1.25,238
1.25,240
1.25,208
1.25,267
1.25,215
1.25,218
1.25,223
1.25,212
1.25,234
1.25,248
1.25,248
1.25,223
1.25,219
1.25,214
1.25,249
1.25,229
1.25,230
1.25,218
1.25,190
1.25,230
1.25,240
1.25,214
1.25,225
1.25,243
1.25,228
1.25,217
1.25,214
1.25,219
1.25,232
1.25,222
1.25,225
1.25,236
1.25,195
1.25,206
1.25,213
1.25,241
1.25,237
1.25,229
1.25,204
1.25,205
1.25,244
1.25,242
1.25,229
1.25,227
1.25,219
1.25,233
1.25,256
1.25,240
1.25,233
1.25,258
1.25,238
1.25,222
1.25,235
1.25,222
1.25,226
1.25,227
1.25,222
1.25,249
1.25,246
1.25,226
1.25,250
1.25,236
1.25,222
1.25,214
1.25,213
1.25,198
1.25,256
1.25,211
1.25,240
1.25,207
1.25,232
1.25,201
1.25,224
1.25,230
1.25,237
1.25,224
1.25,231
1.25,215
1.25,228
1.25,237
1.25,203
1.25,227
1.25,228
1.25,220
1.25,243
1.25,191
1.25,238
1.25,245
1.25,214
1.25,211
1.25,239
1.25,250
1.25,223
1.25,231
1.25,257
1.25,201
1.25,224
1.25,216
1.25,222
1.25,235
1.25,241
1.25,216
1.25,240
1.25,259
1.25,231
1.25,206
1.25,237
1.25,221
1.25,250
1.25,224
1.25,239
1.25,238
1.25,214
1.25,237
1.25,233
1.25,228
1.25,217
1.25,196
1.25,236
1.25,236
1.25,212
1.25,202
1.25,225
1.25,231
1.25,196
1.25,234
1.25,202
1.25,216
1.25,232
1.25,230
1.25,189
1.25,210
1.25,234
1.25,218
1.25,225
1.25,249
1.25,241
1.25,241
1.25,247
1.25,252
1.25,211
1.25,207
1.25,209
1.25,213
1.25,232
1.25,227
1.25,222
1.25,220
1.25,238
1.25,231
1.25,220
1.25,245
1.25,219
1.25,237
1.25,228
1.25,225
1.25,206
1.25,237
1.25,228
1.25,228
1.25,204
1.25,231
1.25,225
1.25,224
1.25,237
1.25,197
1.25,223
1.25,224
1.25,220
1.25,214
1.25,214
1.25,224
1.25,235
1.25,203
1.25,206
1.25,218
1.25,226
1.25,229
1.25,197
1.25,195
1.25,201
1.25,202
1.25,194
1.25,223
1.25,239
1.25,227
1.25,217
1.25,209
1.25,211
1.25,220
1.25,211
1.25,248
1.25,208
1.25,231
1.25,216
1.25,208
1.25,223
1.25,231
1.25,229
1.25,224
1.25,230
1.25,218
1.25,228
1.25,208
1.25,237
1.25,249
1.25,225
1.25,221
1.25,223
1.25,241
1.25,225
1.25,233
1.25,222
1.25,213
1.25,225
1.25,215
1.25,230
1.25,204
1.25,212
1.25,233
1.25,236
1.25,210
1.25,207
1.25,223
1.25,236
1.25,255
1.25,230
1.25,229
1.25,221
1.25,217
1.25,223
1.25,189
1.25,249
1.25,246
1.25,222
1.25,214
1.25,254
1.25,221
1.25,230
1.25,232
1.25,241
1.25,212
1.25,228
1.25,223
1.25,237
1.25,222
1.25,252
1.25,233
1.25,244
1.25,231
1.25,208
1.25,220
1.25,201
1.25,230
1.25,235
1.25,219
1.25,224
1.25,221
1.25,229
1.25,232
1.25,236
1.25,214
1.25,198
1.25,215
1.25,232
1.25,225
1.25,236
1.25,220
1.25,254
1.25,213
1.25,217
1.25,244
1.25,216
1.25,225
1.25,209
1.25,220
1.25,214
1.25,250
1.25,216
1.25,271
1.25,218
1.25,232
1.25,215
1.25,216
1.25,218
1.25,234
1.25,235
1.25,233
1.25,215
1.25,211
1.25,232
1.25,206
1.25,213
1.25,219
1.25,225
1.25,245
1.25,200
1.25,199
1.25,250
1.25,243
1.25,207
1.25,237
1.25,238
1.25,250
1.25,258
1.25,201
1.25,236
1.25,193
1.25,215
1.25,232
1.25,214
1.25,207
1.25,237
1.25,209
1.25,204
1.25,216
1.25,234
1.25,233
1.25,192
1.25,221
1.25,241
1.25,243
1.25,193
1.25,208
1.25,198
1.25,200
1.25,216
1.25,184
1.25,193
1.25,228
1.25,221
1.25,199
1.25,226
1.25,232
1.25,218
1.25,211
1.25,212
1.25,233
1.25,223
1.25,205
1.25,228
1.25,241
1.25,219
1.25,216
1.25,218
1.25,235
1.25,211
1.25,244
1.25,193
1.25,240
1.25,235
1.25,187
1.25,249
1.25,212
1.25,244
1.25,234
1.25,247
1.25,231
1.25,215
1.25,244
1.25,228
1.25,230
1.25,210
1.25,213
1.25,226
1.25,218
1.25,216
1.25,200
1.25,217
1.25,218
1.25,217
1.25,209
1.25,213
1.25,213
1.25,238
1.25,225
1.25,250
1.25,214
1.25,224
1.25,231
1.25,204
1.25,226
1.25,209
1.25,205
1.25,208
1.25,230
1.25,221
1.25,220
1.25,218
1.25,229
1.25,226
1.25,239
1.25,238
1.25,233
1.25,232
1.25,234
1.25,204
1.25,232
1.25,234
1.25,209
1.25,212
1.25,226
1.25,219
1.25,244
1.25,208
1.25,238
1.25,252
1.25,247
1.25,241
1.25,263
1.25,207
1.25,200
1.25,202
1.25,228
1.25,240
1.25,205
1.25,250
1.25,245
1.25,236
1.25,213
1.25,202
1.25,235
1.25,215
1.25,224
1.25,216
1.25,216
1.25,207
1.25,212
1.25,228
1.25,217
1.25,209
1.25,215
1.25,252
1.25,210
1.25,209
1.25,226
1.25,222
1.25,231
1.25,219
1.25,223
1.25,220
1.25,231
1.25,244
1.25,214
1.25,209
1.25,214
1.25,226
1.25,223
1.25,231
1.25,214
1.25,234
1.25,219
1.25,219
1.25,245
1.25,266
1.25,212
1.25,238
1.25,221
1.25,212
1.25,223
1.25,244
1.25,238
1.25,227
1.25,233
1.25,218
1.25,242
1.25,224
1.25,202
1.25,243
1.25,245
1.25,227
1.25,232
1.25,238
1.25,219
1.25,250
1.25,229
1.25,227
1.25,233
1.25,216
1.25,223
1.25,205
1.25,235
1.25,238
1.25,235
1.25,234
1.25,216
1.25,227
1.25,229
1.25,225
1.25,223
1.25,233
1.25,211
1.25,241
1.25,225
1.25,188
1.25,232
1.25,211
1.25,223
1.25,221
1.25,208
1.25,216
1.25,222
1.25,231
1.25,222
1.25,231
1.25,228
1.25,236
1.25,219
1.25,208
1.25,231
1.25,226
1.25,223
1.25,216
1.25,229
1.25,213
1.25,210
1.25,226
1.25,231
1.25,206
1.25,227
1.25,227
1.25,231
1.25,210
1.25,208
1.25,194
1.25,239
1.25,223
1.25,229
1.25,227
1.25,230
1.25,231
1.25,221
1.25,242
1.25,224
1.25,206
1.25,245
1.25,244
1.25,211
1.25,214
1.25,196
1.25,221
1.25,236
1.25,214
1.25,228
1.25,237
1.25,221
1.25,202
1.25,249
1.25,203
1.25,229
1.25,227
1.25,232
1.25,227
1.25,223
1.25,246
1.25,238
1.25,230
1.25,234
1.25,221
1.25,220
1.25,221
1.25,244
1.25,205
1.25,216
1.25,239
1.25,217
1.25,234
1.25,247
1.25,214
1.25,229
1.25,207
1.25,218
1.25,225
1.25,244
1.25,229
1.25,182
1.25,252
1.25,215
1.25,235
1.25,220
1.25,231
1.25,194
1.25,237
1.25,229
1.25,230
1.25,220
1.25,235
1.25,228
1.25,237
1.25,235
1.25,210
1.25,205
1.25,223
1.25,233
1.25,234
1.25,227
1.25,223
1.25,220
1.25,223
1.25,212
1.25,222
1.25,247
1.25,206
1.25,231
1.25,234
1.25,220
1.25,242
1.25,222
1.25,228
1.25,246
1.25,251
1.25,215
1.25,240
1.25,198
1.25,214
1.25,222
1.25,210
1.25,244
1.25,226
1.25,248
1.25,215
1.25,223
1.25,209
1.25,219
1.25,228
1.25,228
1.25,242
1.25,221
1.25,228
1.25,247
1.25,220
1.25,250
1.25,241
1.25,263
1.25,216
1.25,216
1.25,245
1.25,206
1.25,225
1.25,235
1.25,234
1.25,207
1.25,191
1.25,224
1.25,221
1.25,184
1.25,237
1.25,207
1.25,207
1.25,234
1.25,213
1.25,224
1.25,216
1.25,211
1.25,242
1.25,234
1.25,256
1.25,237
1.25,259
1.25,240
1.25,229
1.25,213
1.25,212
1.25,219
1.25,227
1.25,218
1.25,221
1.25,240
1.25,238
1.25,223
1.25,221
1.25,256
1.25,246
1.25,231
1.25,223
1.25,209
1.25,228
1.25,233
1.25,232
1.25,218
1.25,224
1.25,234
1.25,234
1.25,217
1.25,248
1.25,235
1.25,236
1.25,226
1.25,218
1.25,237
1.25,239
1.25,226
1.25,213
1.25,237
1.25,223
1.25,220
1.25,266
1.25,198
1.25,220
1.25,243
1.25,246
1.25,232
1.25,236
1.25,218
1.25,218
1.25,225
1.25,242
1.25,225
1.25,224
1.25,226
1.25,221
1.25,211
1.25,218
1.25,229
1.25,223
1.25,210
1.25,246
1.25,209
1.25,202
1.25,243
1.25,245
1.25,206
1.25,251
1.25,228
1.25,230
1.25,248
1.25,194
1.25,249
1.25,222
1.25,233
1.25,257
1.25,227
1.25,224
1.25,224
1.25,233
1.25,228
1.25,228
1.25,211
1.25,218
1.25,211
1.25,219
1.25,257
1.25,214
1.25,204
1.25,240
1.25,215
1.25,226
1.25,221
1.25,199
1.25,213
1.25,265
1.25,216
1.25,231
1.25,214
1.25,247
1.25,211
1.25,244
1.25,207
1.25,211
1.25,239
1.25,215
1.25,209
1.25,248
1.25,236
1.25,224
1.25,222
1.25,236
1.25,245
1.25,194
1.25,252
1.25,239
1.25,230
1.25,228
1.25,246
1.25,190
1.25,217
1.25,230
1.25,228
1.25,218
1.25,229
1.25,232
1.25,215
1.25,229
1.25,208
1.25,221
1.25,224
1.25,233
1.25,212
1.25,224
1.25,237
1.25,220
1.25,219
1.25,215
1.25,222
1.25,246
1.25,238
1.25,220
1.25,221
1.25,228
1.25,215
1.25,214
1.25,247
1.25,221
1.25,211
1.25,237
1.25,226
1.25,223
1.25,220
1.25,246
1.25,230
1.25,221
1.25,236
1.25,221
1.25,237
1.25,220
1.25,240
1.25,207
1.25,218
1.25,253
1.25,245
1.25,235
1.25,230
1.25,227
1.25,246
1.25,223
1.25,252
1.25,215
1.25,233
1.25,246
1.25,207
1.25,228
1.25,226
1.25,211
1.25,251
1.25,234
1.25,232
1.25,226
1.25,202
1.25,251
1.25,232
1.25,239
1.25,223
1.25,193
1.25,216
1.25,217
1.25,205
1.25,267
1.25,201
1.25,223
1.25,210
1.25,252
1.25,233
1.25,224
1.25,222
1.25,194
1.25,216
1.25,199
1.25,234
1.25,221
1.25,252
1.25,200
1.25,217
1.25,218
1.25,208
1.25,216
1.25,219
1.25,255
1.25,225
1.25,229
1.25,238
1.25,246
1.25,213
1.25,228
1.25,217
1.25,226
1.25,248
1.25,242
1.25,238
1.25,224
1.25,216
1.25,208
1.25,229
1.25,243
1.25,246
1.25,233
1.25,229
1.25,218
1.25,230
1.25,231
1.25,201
1.25,210
1.25,224
1.25,223
1.25,236
1.25,227
1.25,213
1.25,249
1.25,220
1.25,219
1.25,235
1.25,219
1.25,240
1.25,221
1.25,235
1.25,234
1.25,211
1.25,188
1.25,216
1.25,207
1.25,243
1.25,218
1.25,215
1.25,249
1.25,233
1.25,249
1.25,227
1.25,228
1.25,219
1.25,211
1.25,222
1.25,204
1.25,224
1.25,206
1.25,233
1.25,209
1.25,199
1.25,222
1.25,251
1.25,237
1.25,220
1.25,221
1.25,201
1.25,247
1.25,223
1.25,241
1.25,229
1.25,213
1.25,227
1.25,242
1.25,238
1.25,198
1.25,198
1.25,241
1.25,219
1.25,224
1.25,219
1.25,213
1.25,231
1.25,252
1.25,212
1.25,228
1.25,238
1.25,220
1.25,235
1.25,230
1.25,215
1.25,251
1.25,230
1.25,242
1.25,216
1.25,218
1.25,228
1.25,221
1.25,243
1.25,215
1.25,197
1.25,213
1.25,208
1.25,229
1.25,195
1.25,238
1.25,194
1.25,238
1.25,229
1.25,220
1.25,246
1.25,221
1.25,237
1.25,220
1.25,217
1.25,244
1.25,221
1.25,216
1.25,207
1.25,231
1.25,251
1.25,201
1.25,236
1.25,237
1.25,206
1.25,217
1.25,231
1.25,232
1.25,214
1.25,225
1.25,207
1.25,221
1.25,239
1.25,221
1.25,213
1.25,214
1.25,261
1.25,233
1.25,232
1.25,252
1.25,231
1.25,239
1.25,192
1.25,233
1.25,228
1.25,200
1.25,241
1.25,211
1.25,241
1.25,236
1.25,242
1.25,218
1.25,215
1.25,210
1.25,218
1.25,243
1.25,229
1.25,244
1.25,202
1.25,199
1.25,239
1.25,199
1.25,224
1.25,255
1.25,232
1.25,230
1.25,217
1.25,216
1.25,219
1.25,212
1.25,223
1.25,256
1.25,249
1.25,213
1.25,239
1.25,223
1.25,240
1.25,222
1.25,246
1.25,229
1.25,226
1.25,221
1.25,221
1.25,228
1.25,218
1.25,212
1.25,236
1.25,242
1.25,233
1.25,228
1.25,233
1.25,240
1.25,240
1.25,259
1.25,231
1.25,224
1.25,227
1.25,232
1.25,218
1.25,208
1.25,254
1.25,222
1.25,216
1.25,207
1.25,208
1.25,225
1.25,216
1.25,238
1.25,231
1.25,216
1.25,238
1.25,209
1.25,205
1.25,207
1.25,224
1.25,226
1.25,226
1.25,251
1.25,220
1.25,204
1.25,227
1.25,213
1.25,216
1.25,235
1.25,219
1.25,244
1.25,180
1.25,228
1.25,218
1.25,272
1.25,263
1.25,218
1.25,214
1.25,200
1.25,189
1.25,229
1.25,213
1.25,217
1.25,250
1.25,232
1.25,257
1.25,206
1.25,217
1.25,216
1.25,223
1.25,227
1.25,219
1.25,220
1.25,204
1.25,215
1.25,226
1.25,224
1.25,233
1.25,209
1.25,226
1.25,218
1.25,212
1.25,215
1.25,207
1.25,203
1.25,215
1.25,235
1.25,233
1.25,210
1.25,229
1.25,212
1.25,255
1.25,217
1.25,219
1.25,224
1.25,214
1.25,235
1.25,215
1.25,237
1.25,243
1.25,258
1.25,206
1.25,240
1.25,224
1.25,220
1.25,230
1.25,201
1.25,244
1.25,219
1.25,202
1.25,210
1.25,233
1.25,211
1.25,224
1.25,227
1.25,229
1.25,231
1.25,241
1.25,206
1.25,207
1.25,210
1.25,238
1.25,233
1.25,221
1.25,207
1.25,255
1.25,272
1.25,226
1.25,228
1.25,253
1.25,264
1.25,214
1.25,259
1.25,226
1.25,221
1.25,232
1.25,230
1.25,193
1.25,232
1.25,205
1.25,234
1.25,209
1.25,216
1.25,216
1.25,211
1.25,204
1.25,220
1.25,208
1.25,210
1.25,225
1.25,237
1.25,240
1.25,244
1.25,244
1.25,247
1.25,246
1.25,214
1.25,231
1.25,207
1.25,222
1.25,227
1.25,247
1.25,218
1.25,255
1.25,230
1.25,220
1.25,235
1.25,227
1.25,192
1.25,209
1.25,219
1.25,209
1.25,268
1.25,245
1.25,251
1.25,225
1.25,232
1.25,223
1.25,222
1.25,225
1.25,205
1.25,216
1.25,194
1.25,226
1.25,203
1.25,229
1.25,251
1.25,223
1.25,219
1.25,204
1.25,185
1.25,219
1.25,231
1.25,257
1.25,212
1.25,200
1.25,217
1.25,246
1.25,220
1.25,206
1.25,221
1.25,241
1.25,238
1.25,223
1.25,243
1.25,249
1.25,237
1.25,219
1.25,233
1.25,230
1.25,226
1.25,220
1.25,237
1.25,236
1.25,225
1.25,244
1.25,215
1.25,222
1.25,220
1.25,217
1.25,218
1.25,235
1.25,212
1.25,223
1.25,221
1.25,240
1.25,248
1.25,250
1.25,213
1.25,228
1.25,229
1.25,221
1.25,231
1.25,237
1.25,229
1.25,205
1.25,218
1.25,224
1.25,245
1.25,202
1.25,227
1.25,227
1.25,220
1.25,233
1.25,243
1.25,219
1.25,256
1.25,214
1.25,221
1.25,222
1.25,225
1.25,225
1.25,210
1.25,225
1.25,201
1.25,221
1.25,220
1.25,213
1.25,237
1.25,208
1.25,202
1.25,213
1.25,238
1.25,257
1.25,213
1.25,210
1.25,226
1.25,241
1.25,225
1.25,256
1.25,215
1.25,235
1.25,207
1.25,219
1.25,229
1.25,199
1.25,175
1.25,211
1.25,203
1.25,218
1.25,236
1.25,212
1.25,240
1.25,240
1.25,218
1.25,238
1.25,209
1.25,231
1.25,228
1.25,225
1.25,231
1.25,210
1.25,233
1.25,234
1.25,226
1.25,223
1.25,241
1.25,221
1.25,240
1.25,218
1.25,224
1.25,210
1.25,213
1.25,199
1.25,228
1.25,254
1.25,244
1.25,225
1.25,217
1.25,227
1.25,207
1.25,216
1.25,246
1.25,228
1.25,217
1.25,238
1.25,205
1.25,216
1.25,220
1.25,249
1.25,245
1.25,236
1.25,215
1.25,194
1.25,226
1.25,226
1.25,211
1.25,217
1.25,250
1.25,232
1.25,238
1.25,213
1.25,214
1.25,220
1.25,215
1.25,225
1.25,196
1.25,217
1.25,236
1.25,203
1.25,212
1.25,223
1.25,240
1.25,238
1.25,222
1.25,225
1.25,222
1.25,221
1.25,230
1.25,223
1.25,239
1.25,200
1.25,228
1.25,241
1.25,230
1.25,230
1.25,220
1.25,238
1.25,232
1.25,234
1.25,249
1.25,210
1.25,205
1.25,226
1.25,234
1.25,198
1.25,218
1.25,216
1.25,231
1.25,217
1.25,252
1.25,237
1.25,237
1.25,225
1.25,228
1.25,206
1.25,216
1.25,226
1.25,221
1.25,204
1.25,201
1.25,200
1.25,250
1.25,210
1.25,207
1.25,217
1.25,240
1.25,248
1.25,242
1.25,192
1.25,224
1.25,262
1.25,216
1.25,209
1.25,211
1.25,218
1.25,228
1.25,204
1.25,215
1.25,217
1.25,200
1.25,220
1.25,214
1.25,219
1.25,249
1.25,224
1.25,237
1.25,224
1.25,216
1.25,226
1.25,233
1.25,215
1.25,212
1.25,224
1.25,248
1.25,246
1.25,216
1.25,236
1.25,213
1.25,201
1.25,222
1.25,241
1.25,205
1.25,225
1.25,215
1.25,229
1.25,260
1.25,235
1.25,241
1.25,232
1.25,225
1.25,243
1.25,214
1.25,240
1.25,231
1.25,234
1.25,227
1.25,211
1.25,242
1.25,236
1.25,223
1.25,253
1.25,221
1.25,218
1.25,217
1.25,229
1.25,213
1.25,245
1.25,211
1.25,214
1.25,211
1.25,229
1.25,251
1.25,220
1.25,228
1.25,250
1.25,224
1.25,200
1.25,207
1.25,223
1.25,222
1.25,208
1.25,231
1.25,212
1.25,233
1.25,225
1.25,208
1.25,226
1.25,208
1.25,236
1.25,211
1.25,213
1.25,222
1.25,205
1.25,236
1.25,228
1.25,196
1.25,259
1.25,217
1.25,231
1.25,252
1.25,257
1.25,238
1.25,233
1.25,214
1.25,221
1.25,213
1.25,212
1.25,208
1.25,201
1.25,200
1.25,241
1.25,221
1.25,237
1.25,213
1.25,223
1.25,211
1.25,205
1.25,216
1.25,212
1.25,207
1.25,202
1.25,227
1.25,247
1.25,208
1.25,222
1.25,213
1.25,241
1.25,216
1.25,226
1.25,221
1.25,229
1.25,202
1.25,228
1.25,245
1.25,222
1.25,215
1.25,213
1.25,220
1.25,235
1.25,244
1.25,211
1.25,229
1.25,209
1.25,226
1.25,220
1.25,210
1.25,204
1.25,239
1.25,250
1.25,227
1.25,217
1.25,208
1.25,222
1.25,235
1.25,200
1.25,238
1.25,214
1.25,231
1.25,227
1.25,216
1.25,226
1.25,218
1.25,241
1.25,230
1.25,244
1.25,230
1.25,236
1.25,232
1.25,229
1.25,211
1.25,214
1.25,250
1.25,235
1.25,212
1.25,246
1.25,242
1.25,217
1.25,229
1.25,190
1.25,206
1.25,214
1.25,238
1.25,225
1.25,230
1.25,232
1.25,241
1.25,208
1.25,231
1.25,216
1.25,193
1.25,247
1.25,224
1.25,225
1.25,220
1.25,229
1.25,201
1.25,225
1.25,253
1.25,228
1.25,228
1.25,243
1.25,202
1.25,194
1.25,249
1.25,221
1.25,224
1.25,225
1.25,229
1.25,211
1.25,241
1.25,218
1.25,239
1.25,224
1.25,222
1.25,223
1.25,244
1.25,215
1.25,225
1.25,209
1.25,191
1.25,226
1.25,221
1.25,223
1.25,230
1.25,244
1.25,221
1.25,231
1.25,241
1.25,224
1.25,205
1.25,224
1.25,243
1.25,221
1.25,256
1.25,254
1.25,250
1.25,210
1.25,224
1.25,224
1.25,238
1.25,220
1.25,227
1.25,265
1.25,260
1.25,228
1.25,202
1.25,233
1.25,210
1.25,249
1.25,227
1.25,244
1.25,220
1.25,239
1.25,239
1.25,224
1.25,230
1.25,251
1.25,225
1.25,211
1.25,232
1.25,217
1.25,229
1.25,244
1.25,216
1.25,224
1.25,259
1.25,237
1.25,223
1.25,208
1.25,194
1.25,220
1.25,221
1.25,221
1.25,235
1.25,209
1.25,211
1.25,214
1.25,236
1.25,228
1.25,194
1.25,214
1.25,228
1.25,232
1.25,207
1.25,221
1.25,222
1.25,198
1.25,233
1.25,221
1.25,218
1.25,236
1.25,243
1.25,231
1.25,236
1.25,209
1.25,227
1.25,253
1.25,244
1.25,204
1.25,244
1.25,236
1.25,242
1.25,238
1.25,195
1.25,214
1.25,211
1.25,217
1.25,248
1.25,242
1.25,221
1.25,231
1.25,245
1.25,207
1.25,229
1.25,216
1.25,226
1.25,224
1.25,224
1.25,195
1.25,226
1.25,246
1.25,229
1.25,219
1.25,204
1.25,242
1.25,203
1.25,194
1.25,223
1.25,217
1.25,219
1.25,226
1.25,217
1.25,220
1.25,220
1.25,232
1.25,235
1.25,217
1.25,231
1.25,220
1.25,248
1.25,244
1.25,209
1.25,216
1.25,223
1.25,234
1.25,254
1.25,210
1.25,205
1.25,245
1.25,241
1.25,244
1.25,225
1.25,244
1.25,236
1.25,241
1.25,217
1.25,207
1.25,235
1.25,197
1.25,226
1.25,212
1.25,204
1.25,235
1.25,240
1.25,225
1.25,216
1.25,229
1.25,232
1.25,208
1.25,218
1.25,233
1.25,231
1.25,257
1.25,226
1.25,250
1.25,215
1.25,212
1.25,227
1.25,206
1.25,204
1.25,219
1.25,245
1.25,245
1.25,203
1.25,219
1.25,224
1.25,234
1.25,213
1.25,228
1.25,194
1.25,198
1.25,229
1.25,259
1.25,180
1.25,221
1.25,225
1.25,240
1.25,222
1.25,243
1.25,214
1.25,215
1.25,214
1.25,198
1.25,192
1.25,214
1.25,216
1.25,220
1.25,233
1.25,242
1.25,241
1.25,246
1.25,239
1.25,228
1.25,230
1.25,208
1.25,202
1.25,251
1.25,214
1.25,238
1.25,207
1.25,220
1.25,218
1.25,215
1.25,198
1.25,212
1.25,225
1.25,252
1.25,242
1.25,225
1.25,222
1.25,224
1.25,236
1.25,213
1.25,230
1.25,211
1.25,215
1.25,205
1.25,198
1.25,232
1.25,222
1.25,219
1.25,244
1.25,224
1.25,210
1.25,221
1.25,246
1.25,206
1.25,236
1.25,221
1.25,227
1.25,223
1.25,213
1.25,223
1.25,235
1.25,186
1.25,209
1.25,227
1.25,247
1.25,220
1.25,217
1.25,220
1.25,241
1.25,240
1.25,220
1.25,249
1.25,220
1.25,218
1.25,226
1.25,219
1.25,240
1.25,237
1.25,244
1.25,224
1.25,233
1.25,234
1.25,226
1.25,232
1.25,244
1.25,231
1.25,200
1.25,247
1.25,201
1.25,218
1.25,225
1.25,219
1.25,234
1.25,253
1.25,204
1.25,225
1.25,239
1.25,226
1.25,203
1.25,231
1.25,215
1.25,227
1.25,242
1.25,237
1.25,217
1.25,262
1.25,220
1.25,203
1.25,258
1.25,214
1.25,247
1.25,221
1.25,214
1.25,227
1.25,225
1.25,238
1.25,252
1.25,219
1.25,197
1.25,257
1.25,228
1.25,219
1.25,230
1.25,242
1.25,227
1.25,248
1.25,243
1.25,205
1.25,229
1.25,236
1.25,226
1.25,245
1.25,234
1.25,179
1.25,224
1.25,252
1.25,207
1.25,251
1.25,252
1.25,210
1.25,226
1.25,216
1.25,250
1.25,221
1.25,226
1.25,221
1.25,235
1.25,222
1.25,233
1.25,225
1.25,255
1.25,217
1.25,222
1.25,238
1.25,254
1.25,233
1.25,240
1.25,227
1.25,224
1.25,221
1.25,240
1.25,213
1.25,222
1.25,233
1.25,224
1.25,239
1.25,214
1.25,212
1.25,213
1.25,225
1.25,221
1.25,244
1.25,199
1.25,221
1.25,236
1.25,264
1.25,258
1.25,216
1.25,225
1.25,217
1.25,221
1.25,238
1.25,230
1.25,211
1.25,220
1.25,244
1.25,237
1.25,193
1.25,228
1.25,221
1.25,199
1.25,233
1.25,222
1.25,242
1.25,221
1.25,224
1.25,228
1.25,229
1.25,259
1.25,213
1.25,216
1.25,245
1.25,231
1.25,253
1.25,228
1.25,254
1.25,224
1.25,223
1.25,217
1.25,216
1.25,237
1.25,243
1.25,242
1.25,232
1.25,231
1.25,218
1.25,223
1.25,232
1.25,217
1.25,238
1.25,216
1.25,263
1.25,240
1.25,225
1.25,229
1.25,222
1.25,218
1.25,222
1.25,222
1.25,214
1.25,219
1.25,209
1.25,195
1.25,236
1.25,227
1.25,235
1.25,226
1.25,227
1.25,217
1.25,217
1.25,241
1.25,242
1.25,200
1.25,212
1.25,217
1.25,221
1.25,223
1.25,260
1.25,209
1.25,240
1.25,203
1.25,222
1.25,220
1.25,200
1.25,206
1.25,245
1.25,199
1.25,215
1.25,221
1.25,237
1.25,238
1.25,243
1.25,265
1.25,235
1.25,215
1.25,212
1.25,224
1.25,231
1.25,232
1.25,240
1.25,219
1.25,216
1.25,229
1.25,229
1.25,240
1.25,177
1.25,196
1.25,228
1.25,249
1.25,224
1.25,207
1.25,213
1.25,220
1.25,225
1.25,228
1.25,206
1.25,212
1.25,244
1.25,225
1.25,246
1.25,221
1.25,243
1.25,212
1.25,229
1.25,233
1.25,237
1.25,208
1.25,219
1.25,208
1.25,206
1.25,238
1.25,219
1.25,215
1.25,223
1.25,227
1.25,233
1.25,224
1.25,211
1.25,231
1.25,230
1.25,204
1.25,259
1.25,245
1.25,247
1.25,240
1.25,246
1.25,232
1.25,233
1.25,229
1.25,222
1.25,236
1.25,226
1.25,220
1.25,212
1.25,231
1.25,219
1.25,239
1.25,221
1.25,245
1.25,264
1.25,207
1.25,232
1.25,204
1.25,237
1.25,235
1.25,260
1.25,223
1.25,221
1.25,246
1.25,253
1.25,211
1.25,245
1.25,241
1.25,208
1.25,203
1.25,219
1.25,204
1.25,247
1.25,217
1.25,210
1.25,230
1.25,225
1.25,227
1.25,213
1.25,239
1.25,204
1.25,220
1.25,219
1.25,240
1.25,249
1.25,212
1.25,242
1.25,219
1.25,237
1.25,221
1.25,215
1.25,201
1.25,209
1.25,220
1.25,226
1.25,206
1.25,268
1.25,225
1.25,235
1.25,241
1.25,228
1.25,222
1.25,211
1.25,262
1.25,241
1.25,224
1.25,232
1.25,221
1.25,238
1.25,220
1.25,196
1.25,220
1.25,218
1.25,232
1.25,235
1.25,208
1.25,257
1.25,231
1.25,220
1.25,216
1.25,221
1.25,199
1.25,211
1.25,234
1.25,207
1.25,221
1.25,246
1.25,212
1.25,221
1.25,201
1.25,225
1.25,230
1.25,221
1.25,233
1.25,240
1.25,228
1.25,189
1.25,264
1.25,237
1.25,227
1.25,226
1.25,214
1.25,216
1.25,212
1.25,219
1.25,243
1.25,219
1.25,241
1.25,232
1.25,204
1.25,223
1.25,248
1.25,231
1.25,215
1.25,284
1.25,222
1.25,217
1.25,249
1.25,217
1.25,231
1.25,226
1.25,225
1.25,260
1.25,226
1.25,220
1.25,214
1.25,192
1.25,228
1.25,223
1.25,222
1.25,247
1.25,204
1.25,244
1.25,235
1.25,256
1.25,265
1.25,240
1.25,213
1.25,247
1.25,231
1.25,240
1.25,232
1.25,253
1.25,233
1.25,213
1.25,210
1.25,235
1.25,208
1.25,231
1.25,215
1.25,220
1.25,223
1.25,217
1.25,229
1.25,208
1.25,198
1.25,233
1.25,237
1.25,208
1.25,205
1.25,197
1.25,224
1.25,271
1.25,238
1.25,209
1.25,227
1.25,205
1.25,245
1.25,252
1.25,242
1.25,232
1.25,249
1.25,240
1.25,229
1.25,227
1.25,221
1.25,208
1.25,222
1.25,219
1.25,228
1.25,238
1.25,250
1.25,213
1.25,234
1.25,212
1.25,245
1.25,214
1.25,231
1.25,206
1.25,235
1.25,229
1.25,222
1.25,219
1.25,225
1.25,193
1.25,215
1.25,218
1.25,208
1.25,221
1.25,229
1.25,251
1.25,234
1.25,207
1.25,226
1.25,219
1.25,224
1.25,221
1.25,218
1.25,242
1.25,245
1.25,211
1.25,206
1.25,225
1.25,219
1.25,217
1.25,231
1.25,205
1.25,229
1.25,172
1.25,221
1.25,218
1.25,210
1.25,213
1.25,247
1.25,213
1.25,225
1.25,225
1.25,237
1.25,199
1.25,234
1.25,204
1.25,198
1.25,212
1.25,195
1.25,214
1.25,201
1.25,236
1.25,223
1.25,230
1.25,217
1.25,238
1.25,203
1.25,224
1.25,215
1.25,215
1.25,232
1.25,201
1.25,227
1.25,239
1.25,215
1.25,227
1.25,214
1.25,244
1.25,215
1.25,232
1.25,221
1.25,224
1.25,248
1.25,244
1.25,251
1.25,249
1.25,215
1.25,221
1.25,210
1.25,221
1.25,233
1.25,198
1.25,239
1.25,206
1.25,228
1.25,237
1.25,241
1.25,228
1.25,236
1.25,249
1.25,191
1.25,239
1.25,233
1.25,235
1.25,222
1.25,233
1.25,244
1.25,229
1.25,217
1.25,232
1.25,216
1.25,233
1.25,224
1.25,205
1.25,225
1.25,240
1.25,241
1.25,220
1.25,219
1.25,207
1.25,217
1.25,218
1.25,242
1.25,225
1.25,251
1.25,226
1.25,202
1.25,215
1.25,261
1.25,225
1.25,224
1.25,222
1.25,230
1.25,212
1.25,252
1.25,214
1.25,224
1.25,230
1.25,205
1.25,211
1.25,220
1.25,202
1.25,197
1.25,212
1.25,218
1.25,219
1.25,206
1.25,228
1.25,216
1.25,214
1.25,205
1.25,205
1.25,231
1.25,239
1.25,236
1.25,234
1.25,230
1.25,216
1.25,255
1.25,211
1.25,229
1.25,222
1.25,253
1.25,259
1.25,215
1.25,232
1.25,240
1.25,224
1.25,215
1.25,241
1.25,215
1.25,245
1.25,204
1.25,225
1.25,213
1.25,227
1.25,249
1.25,237
1.25,212
1.25,204
1.25,214
1.25,218
1.25,232
1.25,225
1.25,229
1.25,202
1.25,219
1.25,219
1.25,243
1.25,216
1.25,237
1.25,225
1.25,234
1.25,256
1.25,219
1.25,198
1.25,220
1.25,223
1.25,230
1.25,234
1.25,208
1.25,225
1.25,235
1.25,222
1.25,233
1.25,233
1.25,211
1.25,192
1.25,224
1.25,231
1.25,209
1.25,260
1.25,233
1.25,208
1.25,227
1.25,204
1.25,212
1.25,217
1.25,235
1.25,209
1.25,204
1.25,219
1.25,203
1.25,232
1.25,231
1.25,226
1.25,240
1.25,269
1.25,231
1.25,235
1.25,214
1.25,220
1.25,235
1.25,226
1.25,223
1.25,237
1.25,226
1.25,224
1.25,220
1.25,221
1.25,219
1.25,216
1.25,213
1.25,212
1.25,219
1.25,211
1.25,240
1.25,228
1.25,208
1.25,214
1.25,218
1.25,219
1.25,245
1.25,199
1.25,219
1.25,238
1.25,233
1.25,225
1.25,239
1.25,224
1.25,219
1.25,204
1.25,234
1.25,206
1.25,229
1.25,237
1.25,224
1.25,240
1.25,193
1.25,210
1.25,216
1.25,240
1.25,208
1.25,245
1.25,233
1.25,234
1.25,201
1.25,221
1.25,226
1.25,245
1.25,194
1.25,239
1.25,225
1.25,232
1.25,215
1.25,225
1.25,182
1.25,225
1.25,217
1.25,221
1.25,232
1.25,211
1.25,268
1.25,208
1.25,229
1.25,212
1.25,240
1.25,215
1.25,247
1.25,219
1.25,215
1.25,204
1.25,238
1.25,232
1.25,227
1.25,241
1.25,228
1.25,221
1.25,220
1.25,213
1.25,249
1.25,247
1.25,250
1.25,223
1.25,257
1.25,228
1.25,217
1.25,192
1.25,241
1.25,211
1.25,252
1.25,233
1.25,215
1.25,220
1.25,222
1.25,197
1.25,245
1.25,211
1.25,216
1.25,205
1.25,212
1.25,218
1.25,248
1.25,248
1.25,216
1.25,231
1.25,233
1.25,229
1.25,223
1.25,223
1.25,243
1.25,246
1.25,214
1.25,210
1.25,276
1.25,220
1.25,253
1.25,255
1.25,242
1.25,205
1.25,239
1.25,231
1.25,224
1.25,234
1.25,201
1.25,187
1.25,262
1.25,204
1.25,216
1.25,251
1.25,235
1.25,216
1.25,238
1.25,231
1.25,213
1.25,234
1.25,221
1.25,246
1.25,224
1.25,213
1.25,206
1.25,239
1.25,220
1.25,222
1.25,220
1.25,234
1.25,228
1.25,206
1.25,222
1.25,231
1.25,215
1.25,186
1.25,230
1.25,217
1.25,245
1.25,229
1.25,231
1.25,229
1.25,201
1.25,221
1.25,238
1.25,196
1.25,221
1.25,228
1.25,238
1.25,240
1.25,226
1.25,230
1.25,225
1.25,256
1.25,231
1.25,225
1.25,236
1.25,230
1.25,233
1.25,231
1.25,225
1.25,216
1.25,207
1.25,216
1.25,236
1.25,222
1.25,229
1.25,196
1.25,236
1.25,238
1.25,228
1.25,215
1.25,251
1.25,239
1.25,219
1.25,251
1.25,262
1.25,259
1.25,242
1.25,212
1.25,215
1.25,251
1.25,251
1.25,217
1.25,224
1.25,228
1.25,236
1.25,199
1.25,224
1.25,247
1.25,229
1.25,236
1.25,244
1.25,207
1.25,204
1.25,229
1.25,215
1.25,236
1.25,198
1.25,211
1.25,229
1.25,234
1.25,216
1.25,203
1.25,216
1.25,226
1.25,224
1.25,252
1.25,234
1.25,213
1.25,225
1.25,224
1.25,231
1.25,224
1.25,218
1.25,222
1.25,236
1.25,229
1.25,239
1.25,247
1.25,245
1.25,216
1.25,218
1.25,194
1.25,217
1.25,222
1.25,261
1.25,230
1.25,220
1.25,227
1.25,236
1.25,213
1.25,234
1.25,235
1.25,230
1.25,218
1.25,223
1.25,203
1.25,232
1.25,225
1.25,224
1.25,220
1.25,237
1.25,261
1.25,236
1.25,213
1.25,209
1.25,219
1.25,219
1.25,221
1.25,214
1.25,231
1.25,209
1.25,231
1.25,215
1.25,252
1.25,236
1.25,209
1.25,212
1.25,244
1.25,240
1.25,235
1.25,245
1.25,241
1.25,216
1.25,211
1.25,213
1.25,216
1.25,230
1.25,221
1.25,221
1.25,240
1.25,243
1.25,244
1.25,237
1.25,245
1.25,225
1.25,220
1.25,240
1.25,220
1.25,223
1.25,194
1.25,225
1.25,248
1.25,230
1.25,200
1.25,218
1.25,221
1.25,231
1.25,213
1.25,247
1.25,224
1.25,243
1.25,208
1.25,219
1.25,241
1.25,224
1.25,260
1.25,227
1.25,230
1.25,224
1.25,236
1.25,262
1.25,217
1.25,236
1.25,229
1.25,222
1.25,199
1.25,227
1.25,202
1.25,222
1.25,233
1.25,213
1.25,250
1.25,258
1.25,215
1.25,240
1.25,218
1.25,255
1.25,216
1.25,233
1.25,260
1.25,234
1.25,226
1.25,224
1.25,224
1.25,242
1.25,235
1.25,227
1.25,192
1.25,246
1.25,245
1.25,257
1.25,225
1.25,205
1.25,229
1.25,228
1.25,246
1.25,225
1.25,264
1.25,206
1.25,214
1.25,203
1.25,228
1.25,237
1.25,229
1.25,231
1.25,212
1.25,219
1.25,218
1.25,191
1.25,217
1.25,219
1.25,235
1.25,222
1.25,238
1.25,224
1.25,235
1.25,217
1.25,246
1.25,251
1.25,202
1.25,213
1.25,235
1.25,252
1.25,243
1.25,215
1.25,216
1.25,232
1.25,239
1.25,241
1.25,229
1.25,204
1.25,243
1.25,203
1.25,234
1.25,218
1.25,200
1.25,201
1.25,208
1.25,218
1.25,206
1.25,235
1.25,240
1.25,219
1.25,229
1.25,243
1.25,224
1.25,237
1.25,234
1.25,240
1.25,239
1.25,243
1.25,209
1.25,259
1.25,216
1.25,216
1.25,204
1.25,227
1.25,218
1.25,219
1.25,219
1.25,206
1.25,221
1.25,213
1.25,241
1.25,218
1.25,229
1.25,218
1.25,246
1.25,236
1.25,241
1.25,216
1.25,237
1.25,246
1.25,211
1.25,198
1.25,231
1.25,209
1.25,224
1.25,227
1.25,242
1.25,228
1.25,221
1.25,224
1.25,240
1.25,228
1.25,220
1.25,225
1.25,247
1.25,245
1.25,214
1.25,206
1.25,242
1.25,223
1.25,221
1.25,236
1.25,216
1.25,225
1.25,234
1.25,218
1.25,218
1.25,220
1.25,216
1.25,203
1.25,221
1.25,227
1.25,228
1.25,231
1.25,219
1.25,219
1.25,253
1.25,230
1.25,222
1.25,225
1.25,229
1.25,208
1.25,236
1.25,248
1.25,217
1.25,227
1.25,221
1.25,205
1.25,240
1.25,208
1.25,250
1.25,240
1.25,229
1.25,192
1.25,225
1.25,230
1.25,216
1.25,233
1.25,233
1.25,237
1.25,220
1.25,220
1.25,220
1.25,211
1.25,192
1.25,232
1.25,252
1.25,226
1.25,248
1.25,236
1.25,243
1.25,225
1.25,247
1.25,212
1.25,212
1.25,216
1.25,250
1.25,224
1.25,209
1.25,245
1.25,232
1.25,199
1.25,183
1.25,233
1.25,232
1.25,224
1.25,228
1.25,204
1.25,238
1.25,230
1.25,206
1.25,253
1.25,202
1.25,226
1.25,244
1.25,243
1.25,224
1.25,220
1.25,205
1.25,232
1.25,236
1.25,205
1.25,223
1.25,242
1.25,228
1.25,202
1.25,232
1.25,259
1.25,220
1.25,212
1.25,219
1.25,232
1.25,230
1.25,228
1.25,204
1.25,214
1.25,220
1.25,225
1.25,225
1.25,205
1.25,227
1.25,238
1.25,231
1.25,245
1.25,222
1.25,237
1.25,223
1.25,239
1.25,217
1.25,238
1.25,218
1.25,198
1.25,213
1.25,216
1.25,201
1.25,228
1.25,227
1.25,210
1.25,236
1.25,220
1.25,251
1.25,204
1.25,247
1.25,201
1.25,236
1.25,210
1.25,233
1.25,242
1.25,233
1.25,245
1.25,237
1.25,204
1.25,219
1.25,252
1.25,236
1.25,252
1.25,229
1.25,197
1.25,224
1.25,233
1.25,215
1.25,216
1.25,245
1.25,210
1.25,239
1.25,228
1.25,192
1.25,231
1.25,194
1.25,222
1.25,218
1.25,184
1.25,257
1.25,215
1.25,227
1.25,234
1.25,218
1.25,219
1.25,212
1.25,225
1.25,234
1.25,232
1.25,212
1.25,231
1.25,217
1.25,237
1.25,244
1.25,217
1.25,225
1.25,233
1.25,226
1.25,233
1.25,234
1.25,224
1.25,242
1.25,220
1.25,204
1.25,228
1.25,226
1.25,201
1.25,207
1.25,222
1.25,233
1.25,229
1.25,239
1.25,221
1.25,225
1.25,247
1.25,240
1.25,220
1.25,215
1.25,227
1.25,210
1.25,200
1.25,221
1.25,225
1.25,219
1.25,227
1.25,213
1.25,208
1.25,199
1.25,244
1.25,219
1.25,241
1.25,202
1.25,232
1.25,225
1.25,222
1.25,212
1.25,225
1.25,262
1.25,226
1.25,229
1.25,228
1.25,211
1.25,241
1.25,236
1.25,248
1.25,251
1.25,232
1.25,228
1.25,208
1.25,201
1.25,232
1.25,219
1.25,221
1.25,229
1.25,214
1.25,215
1.25,186
1.25,228
1.25,223
1.25,225
1.25,219
1.25,247
1.25,217
1.25,223
1.25,228
1.25,205
1.25,210
1.25,238
1.25,253
1.25,232
1.25,210
1.25,232
1.25,204
1.25,219
1.25,257
1.25,237
1.25,242
1.25,212
1.25,193
1.25,237
1.25,210
1.25,237
1.25,226
1.25,246
1.25,230
1.25,219
1.25,202
1.25,203
1.25,211
1.25,219
1.25,256
1.25,215
1.25,216
1.25,216
1.25,247
1.25,246
1.25,226
1.25,218
1.25,231
1.25,242
1.25,245
1.25,219
1.25,206
1.25,208
1.25,226
1.25,233
1.25,218
1.25,232
1.25,224
1.25,224
1.25,229
1.25,220
1.25,200
1.25,223
1.25,213
1.25,241
1.25,214
1.25,215
1.25,230
1.25,229
1.25,226
1.25,229
1.25,247
1.25,226
1.25,210
1.25,224
1.25,220
1.25,233
1.25,218
1.25,208
1.25,221
1.25,215
1.25,218
1.25,215
1.25,220
1.25,244
1.25,243
1.25,233
1.25,222
1.25,252
1.25,225
1.25,230
1.25,235
1.25,223
1.25,207
1.25,239
1.25,235
1.25,243
1.25,243
1.25,222
1.25,208
1.25,228
1.25,222
1.25,210
1.25,241
1.25,223
1.25,228
1.25,226
1.25,235
1.25,220
1.25,216
1.25,213
1.25,233
1.25,216
1.25,232
1.25,236
1.25,206
1.25,204
1.25,217
1.25,224
1.25,212
1.25,231
1.25,219
1.25,229
1.25,240
1.25,236
1.25,231
1.25,253
1.25,220
1.25,215
1.25,221
1.25,210
1.25,208
1.25,232
1.25,221
1.25,219
1.25,223
1.25,224
1.25,210
1.25,237
1.25,233
1.25,243
1.25,203
1.25,216
1.25,229
1.25,223
1.25,228
1.25,215
1.25,226
1.25,254
1.25,233
1.25,217
1.25,222
1.25,223
1.25,219
1.25,241
1.25,255
1.25,233
1.25,230
1.25,235
1.25,221
1.5,188
1.5,200
1.5,212
1.5,224
1.5,197
1.5,185
1.5,200
1.5,203
1.5,200
1.5,227
1.5,222
1.5,187
1.5,185
1.5,201
1.5,198
1.5,227
1.5,228
1.5,201
1.5,217
1.5,212
1.5,186
1.5,215
1.5,202
1.5,194
1.5,211
1.5,205
1.5,187
1.5,189
1.5,176
1.5,202
1.5,184
1.5,210
1.5,204
1.5,210
1.5,219
1.5,193
1.5,193
1.5,202
1.5,221
1.5,199
1.5,196
1.5,205
1.5,222
1.5,199
1.5,213
1.5,197
1.5,211
1.5,183
1.5,200
1.5,220
1.5,174
1.5,232
1.5,201
1.5,184
1.5,218
1.5,207
1.5,214
1.5,211
1.5,188
1.5,205
1.5,225
1.5,188
1.5,196
1.5,170
1.5,193
1.5,225
1.5,224
1.5,196
1.5,208
1.5,245
1.5,205
1.5,211
1.5,213
1.5,200
1.5,192
1.5,213
1.5,207
1.5,201
1.5,186
1.5,207
1.5,212
1.5,199
1.5,184
1.5,219
1.5,190
1.5,225
1.5,214
1.5,208
1.5,188
1.5,202
1.5,201
1.5,195
1.5,200
1.5,236
1.5,219
1.5,200
1.5,192
1.5,223
1.5,199
1.5,207
1.5,199
1.5,196
1.5,192
1.5,212
1.5,176
1.5,212
1.5,186
1.5,233
1.5,199
1.5,165
1.5,217
1.5,190
1.5,208
1.5,208
1.5,219
1.5,225
1.5,190
1.5,209
1.5,207
1.5,182
1.5,213
1.5,191
1.5,195
1.5,193
1.5,195
1.5,187
1.5,212
1.5,210
1.5,221
1.5,211
1.5,222
1.5,193
1.5,201
1.5,192
1.5,212
1.5,208
1.5,203
1.5,207
1.5,192
1.5,198
1.5,226
1.5,208
1.5,199
1.5,204
1.5,229
1.5,201
1.5,218
1.5,227
1.5,203
1.5,192
1.5,213
1.5,211
1.5,205
1.5,173
1.5,187
1.5,212
1.5,193
1.5,218
1.5,217
1.5,216
1.5,185
1.5,196
1.5,213
1.5,202
1.5,216
1.5,197
1.5,186
1.5,189
1.5,211
1.5,201
1.5,218
1.5,209
1.5,226
1.5,200
1.5,209
1.5,192
1.5,227
1.5,201
1.5,182
1.5,212
1.5,172
1.5,202
1.5,204
1.5,203
1.5,243
1.5,211
1.5,215
1.5,200
1.5,196
1.5,216
1.5,222
1.5,233
1.5,192
1.5,204
1.5,214
1.5,213
1.5,201
1.5,213
1.5,216
1.5,196
1.5,209
1.5,207
1.5,237
1.5,196
1.5,190
1.5,222
1.5,201
1.5,227
1.5,205
1.5,202
1.5,195
1.5,217
1.5,179
1.5,207
1.5,239
1.5,206
1.5,217
1.5,224
1.5,205
1.5,221
1.5,202
1.5,203
1.5,197
1.5,206
1.5,183
1.5,206
1.5,219
1.5,211
1.5,213
1.5,215
1.5,216
1.5,199
1.5,220
1.5,191
1.5,208
1.5,207
1.5,203
1.5,212
1.5,213
1.5,229
1.5,216
1.5,206
1.5,198
1.5,215
1.5,205
1.5,187
1.5,175
1.5,225
1.5,211
1.5,194
1.5,225
1.5,193
1.5,214
1.5,209
1.5,226
1.5,200
1.5,192
1.5,212
1.5,209
1.5,193
1.5,212
1.5,195
1.5,208
1.5,201
1.5,201
1.5,185
1.5,209
1.5,213
1.5,206
1.5,204
1.5,197
1.5,207
1.5,209
1.5,200
1.5,213
1.5,187
1.5,186
1.5,205
1.5,207
1.5,202
1.5,211
1.5,191
1.5,186
1.5,216
1.5,216
1.5,196
1.5,207
1.5,219
1.5,200
1.5,187
1.5,214
1.5,212
1.5,196
1.5,192
1.5,209
1.5,177
1.5,232
1.5,205
1.5,199
1.5,224
1.5,217
1.5,186
1.5,221
1.5,228
1.5,198
1.5,226
1.5,208
1.5,189
1.5,215
1.5,223
1.5,204
1.5,179
1.5,194
1.5,195
1.5,206
1.5,220
1.5,199
1.5,213
1.5,222
1.5,225
1.5,199
1.5,205
1.5,204
1.5,234
1.5,183
1.5,214
1.5,207
1.5,193
1.5,207
1.5,200
1.5,212
1.5,188
1.5,221
1.5,204
1.5,199
1.5,171
1.5,198
1.5,175
1.5,224
1.5,209
1.5,197
1.5,227
1.5,201
1.5,221
1.5,230
1.5,190
1.5,202
1.5,205
1.5,205
1.5,200
1.5,212
1.5,218
1.5,190
1.5,202
1.5,207
1.5,190
1.5,204
1.5,181
1.5,194
1.5,217
1.5,203
1.5,211
1.5,224
1.5,216
1.5,224
1.5,203
1.5,173
1.5,214
1.5,222
1.5,230
1.5,189
1.5,207
1.5,231
1.5,209
1.5,226
1.5,217
1.5,216
1.5,224
1.5,195
1.5,221
1.5,201
1.5,211
1.5,192
1.5,212
1.5,212
1.5,196
1.5,206
1.5,183
1.5,207
1.5,210
1.5,194
1.5,187
1.5,211
1.5,208
1.5,228
1.5,190
1.5,202
1.5,205
1.5,222
1.5,201
1.5,201
1.5,201
1.5,214
1.5,224
1.5,218
1.5,218
1.5,219
1.5,224
1.5,200
1.5,218
1.5,185
1.5,187
1.5,190
1.5,209
1.5,198
1.5,195
1.5,222
1.5,216
1.5,216
1.5,208
1.5,219
1.5,210
1.5,201
1.5,224
1.5,194
1.5,185
1.5,229
1.5,208
1.5,192
1.5,185
1.5,212
1.5,192
1.5,218
1.5,208
1.5,198
1.5,183
1.5,210
1.5,212
1.5,203
1.5,198
1.5,202
1.5,202
1.5,226
1.5,212
1.5,217
1.5,184
1.5,203
1.5,235
1.5,207
1.5,189
1.5,205
1.5,199
1.5,206
1.5,222
1.5,204
1.5,215
1.5,196
1.5,204
1.5,195
1.5,199
1.5,191
1.5,175
1.5,188
1.5,189
1.5,207
1.5,199
1.5,223
1.5,192
1.5,187
1.5,200
1.5,222
1.5,180
1.5,180
1.5,213
1.5,202
1.5,222
1.5,211
1.5,206
1.5,195
1.5,221
1.5,203
1.5,172
1.5,223
1.5,184
1.5,201
1.5,202
1.5,197
1.5,182
1.5,199
1.5,215
1.5,193
1.5,198
1.5,215
1.5,202
1.5,190
1.5,207
1.5,192
1.5,187
1.5,184
1.5,214
1.5,198
1.5,175
1.5,214
1.5,203
1.5,192
1.5,204
1.5,194
1.5,192
1.5,210
1.5,197
1.5,212
1.5,196
1.5,191
1.5,188
1.5,210
1.5,201
1.5,220
1.5,189
1.5,198
1.5,216
1.5,203
1.5,203
1.5,187
1.5,205
1.5,218
1.5,206
1.5,192
1.5,188
1.5,204
1.5,197
1.5,205
1.5,228
1.5,210
1.5,199
1.5,195
1.5,209
1.5,183
1.5,200
1.5,188
1.5,191
1.5,193
1.5,225
1.5,201
1.5,186
1.5,193
1.5,178
1.5,200
1.5,212
1.5,200
1.5,189
1.5,221
1.5,240
1.5,207
1.5,182
1.5,202
1.5,210
1.5,223
1.5,205
1.5,206
1.5,191
1.5,229
1.5,219
1.5,208
1.5,210
1.5,219
1.5,194
1.5,190
1.5,209
1.5,187
1.5,206
1.5,213
1.5,208
1.5,191
1.5,228
1.5,224
1.5,216
1.5,219
1.5,201
1.5,201
1.5,195
1.5,198
1.5,215
1.5,197
1.5,226
1.5,205
1.5,176
1.5,203
1.5,203
1.5,197
1.5,203
1.5,202
1.5,193
1.5,204
1.5,219
1.5,198
1.5,187
1.5,202
1.5,205
1.5,200
1.5,211
1.5,198
1.5,207
1.5,204
1.5,235
1.5,227
1.5,187
1.5,197
1.5,206
1.5,182
1.5,229
1.5,198
1.5,212
1.5,207
1.5,206
1.5,222
1.5,183
1.5,207
1.5,207
1.5,205
1.5,206
1.5,197
1.5,194
1.5,222
1.5,195
1.5,188
1.5,192
1.5,195
1.5,201
1.5,204
1.5,215
1.5,178
1.5,207
1.5,196
1.5,205
1.5,228
1.5,215
1.5,194
1.5,207
1.5,202
1.5,205
1.5,213
1.5,209
1.5,222
1.5,199
1.5,207
1.5,194
1.5,202
1.5,212
1.5,201
1.5,207
1.5,208
1.5,206
1.5,198
1.5,226
1.5,193
1.5,204
1.5,198
1.5,182
1.5,213
1.5,205
1.5,203
1.5,215
1.5,186
1.5,202
1.5,209
1.5,213
1.5,203
1.5,208
1.5,220
1.5,197
1.5,239
1.5,205
1.5,219
1.5,192
1.5,196
1.5,217
1.5,212
1.5,193
1.5,202
1.5,216
1.5,202
1.5,201
1.5,194
1.5,205
1.5,211
1.5,211
1.5,215
1.5,203
1.5,192
1.5,198
1.5,201
1.5,200
1.5,200
1.5,205
1.5,227
1.5,222
1.5,189
1.5,220
1.5,200
1.5,212
1.5,206
1.5,212
1.5,185
1.5,197
1.5,204
1.5,173
1.5,211
1.5,190
1.5,206
1.5,190
1.5,212
1.5,188
1.5,211
1.5,197
1.5,208
1.5,202
1.5,204
1.5,199
1.5,197
1.5,230
1.5,244
1.5,202
1.5,195
1.5,187
1.5,231
1.5,186
1.5,185
1.5,219
1.5,210
1.5,201
1.5,187
1.5,221
1.5,226
1.5,202
1.5,208
1.5,219
1.5,201
1.5,173
1.5,214
1.5,210
1.5,204
1.5,208
1.5,226
1.5,229
1.5,207
1.5,219
1.5,204
1.5,179
1.5,192
1.5,216
1.5,197
1.5,210
1.5,180
1.5,206
1.5,217
1.5,215
1.5,204
1.5,201
1.5,225
1.5,215
1.5,221
1.5,190
1.5,216
1.5,211
1.5,183
1.5,209
1.5,210
1.5,219
1.5,185
1.5,198
1.5,210
1.5,230
1.5,201
1.5,200
1.5,198
1.5,231
1.5,200
1.5,211
1.5,243
1.5,190
1.5,200
1.5,223
1.5,216
1.5,199
1.5,219
1.5,221
1.5,175
1.5,193
1.5,189
1.5,220
1.5,232
1.5,188
1.5,214
1.5,200
1.5,217
1.5,219
1.5,218
1.5,229
1.5,178
1.5,190
1.5,214
1.5,208
1.5,212
1.5,231
1.5,194
1.5,206
1.5,185
1.5,216
1.5,194
1.5,207
1.5,186
1.5,201
1.5,201
1.5,199
1.5,193
1.5,188
1.5,215
1.5,203
1.5,201
1.5,228
1.5,201
1.5,207
1.5,219
1.5,207
1.5,182
1.5,202
1.5,207
1.5,198
1.5,195
1.5,194
1.5,200
1.5,192
1.5,198
1.5,191
1.5,206
1.5,196
1.5,214
1.5,186
1.5,200
1.5,241
1.5,180
1.5,228
1.5,198
1.5,216
1.5,225
1.5,187
1.5,178
1.5,191
1.5,203
1.5,238
1.5,205
1.5,200
1.5,208
1.5,206
1.5,238
1.5,182
1.5,207
1.5,183
1.5,198
1.5,207
1.5,205
1.5,218
1.5,194
1.5,197
1.5,180
1.5,186
1.5,205
1.5,216
1.5,213
1.5,220
1.5,207
1.5,188
1.5,215
1.5,212
1.5,203
1.5,201
1.5,202
1.5,199
1.5,221
1.5,174
1.5,192
1.5,197
1.5,196
1.5,210
1.5,210
1.5,199
1.5,184
1.5,195
1.5,219
1.5,192
1.5,210
1.5,212
1.5,210
1.5,175
1.5,196
1.5,203
1.5,196
1.5,231
1.5,200
1.5,230
1.5,214
1.5,196
1.5,191
1.5,179
1.5,219
1.5,201
1.5,207
1.5,203
1.5,210
1.5,199
1.5,205
1.5,200
1.5,215
1.5,202
1.5,218
1.5,199
1.5,193
1.5,191
1.5,216
1.5,197
1.5,182
1.5,232
1.5,201
1.5,237
1.5,216
1.5,195
1.5,170
1.5,198
1.5,201
1.5,211
1.5,203
1.5,205
1.5,218
1.5,205
1.5,191
1.5,212
1.5,232
1.5,183
1.5,204
1.5,236
1.5,229
1.5,244
1.5,201
1.5,223
1.5,218
1.5,219
1.5,224
1.5,222
1.5,191
1.5,170
1.5,244
1.5,193
1.5,237
1.5,202
1.5,208
1.5,226
1.5,214
1.5,211
1.5,219
1.5,188
1.5,196
1.5,217
1.5,193
1.5,193
1.5,222
1.5,215
1.5,203
1.5,205
1.5,202
1.5,210
1.5,203
1.5,194
1.5,206
1.5,198
1.5,187
1.5,187
1.5,223
1.5,210
1.5,176
1.5,202
1.5,196
1.5,203
1.5,212
1.5,206
1.5,208
1.5,194
1.5,170
1.5,221
1.5,187
1.5,188
1.5,197
1.5,191
1.5,204
1.5,210
1.5,208
1.5,183
1.5,193
1.5,220
1.5,190
1.5,210
1.5,225
1.5,216
1.5,218
1.5,209
1.5,208
1.5,205
1.5,204
1.5,189
1.5,212
1.5,223
1.5,200
1.5,185
1.5,209
1.5,194
1.5,198
1.5,183
1.5,202
1.5,224
1.5,193
1.5,210
1.5,222
1.5,220
1.5,211
1.5,211
1.5,208
1.5,207
1.5,209
1.5,209
1.5,224
1.5,193
1.5,203
1.5,195
1.5,185
1.5,194
1.5,222
1.5,205
1.5,184
1.5,206
1.5,207
1.5,238
1.5,211
1.5,206
1.5,214
1.5,215
1.5,206
1.5,187
1.5,213
1.5,210
1.5,209
1.5,199
1.5,178
1.5,231
1.5,199
1.5,203
1.5,199
1.5,187
1.5,203
1.5,200
1.5,250
1.5,190
1.5,225
1.5,178
1.5,186
1.5,208
1.5,196
1.5,211
1.5,207
1.5,200
1.5,179
1.5,206
1.5,184
1.5,193
1.5,192
1.5,193
1.5,218
1.5,211
1.5,225
1.5,201
1.5,242
1.5,209
1.5,225
1.5,191
1.5,214
1.5,223
1.5,199
1.5,200
1.5,210
1.5,224
1.5,207
1.5,202
1.5,197
1.5,210
1.5,188
1.5,193
1.5,213
1.5,212
1.5,165
1.5,191
1.5,229
1.5,225
1.5,196
1.5,218
1.5,179
1.5,189
1.5,231
1.5,204
1.5,228
1.5,212
1.5,206
1.5,199
1.5,225
1.5,197
1.5,179
1.5,190
1.5,189
1.5,203
1.5,197
1.5,233
1.5,193
1.5,212
1.5,236
1.5,211
1.5,215
1.5,193
1.5,194
1.5,199
1.5,210
1.5,182
1.5,213
1.5,230
1.5,196
1.5,198
1.5,226
1.5,175
1.5,226
1.5,208
1.5,204
1.5,188
1.5,221
1.5,211
1.5,188
1.5,196
1.5,197
1.5,196
1.5,206
1.5,194
1.5,206
1.5,218
1.5,185
1.5,211
1.5,165
1.5,207
1.5,179
1.5,173
1.5,211
1.5,205
1.5,188
1.5,208
1.5,208
1.5,205
1.5,192
1.5,205
1.5,213
1.5,198
1.5,204
1.5,182
1.5,200
1.5,189
1.5,220
1.5,195
1.5,209
1.5,202
1.5,161
1.5,222
1.5,208
1.5,167
1.5,206
1.5,183
1.5,207
1.5,209
1.5,203
1.5,196
1.5,212
1.5,195
1.5,197
1.5,210
1.5,211
1.5,193
1.5,208
1.5,218
1.5,189
1.5,219
1.5,200
1.5,190
1.5,209
1.5,185
1.5,226
1.5,199
1.5,208
1.5,176
1.5,209
1.5,201
1.5,215
1.5,218
1.5,208
1.5,212
1.5,246
1.5,196
1.5,200
1.5,211
1.5,211
1.5,192
1.5,184
1.5,197
1.5,232
1.5,195
1.5,230
1.5,204
1.5,198
1.5,175
1.5,209
1.5,215
1.5,206
1.5,185
1.5,194
1.5,214
1.5,201
1.5,223
1.5,203
1.5,187
1.5,205
1.5,187
1.5,201
1.5,212
1.5,206
1.5,206
1.5,192
1.5,226
1.5,190
1.5,219
1.5,212
1.5,209
1.5,221
1.5,187
1.5,205
1.5,198
1.5,199
1.5,223
1.5,201
1.5,200
1.5,186
1.5,195
1.5,200
1.5,206
1.5,190
1.5,218
1.5,193
1.5,243
1.5,227
1.5,213
1.5,210
1.5,213
1.5,215
1.5,213
1.5,210
1.5,210
1.5,208
1.5,194
1.5,203
1.5,211
1.5,189
1.5,197
1.5,206
1.5,194
1.5,191
1.5,200
1.5,213
1.5,209
1.5,217
1.5,202
1.5,214
1.5,193
1.5,197
1.5,188
1.5,214
1.5,191
1.5,208
1.5,221
1.5,214
1.5,210
1.5,206
1.5,185
1.5,208
1.5,207
1.5,218
1.5,212
1.5,200
1.5,185
1.5,199
1.5,214
1.5,181
1.5,205
1.5,205
1.5,214
1.5,207
1.5,209
1.5,172
1.5,200
1.5,196
1.5,194
1.5,217
1.5,202
1.5,187
1.5,203
1.5,198
1.5,206
1.5,217
1.5,194
1.5,191
1.5,237
1.5,217
1.5,209
1.5,193
1.5,209
1.5,201
1.5,198
1.5,211
1.5,197
1.5,197
1.5,214
1.5,208
1.5,196
1.5,228
1.5,210
1.5,219
1.5,221
1.5,222
1.5,190
1.5,227
1.5,202
1.5,211
1.5,180
1.5,218
1.5,199
1.5,209
1.5,212
1.5,202
1.5,195
1.5,207
1.5,183
1.5,175
1.5,218
1.5,199
1.5,192
1.5,199
1.5,212
1.5,224
1.5,183
1.5,216
1.5,187
1.5,209
1.5,202
1.5,227
1.5,212
1.5,199
1.5,227
1.5,218
1.5,200
1.5,202
1.5,197
1.5,205
1.5,185
1.5,195
1.5,174
1.5,211
1.5,202
1.5,203
1.5,234
1.5,216
1.5,204
1.5,187
1.5,185
1.5,203
1.5,216
1.5,190
1.5,206
1.5,217
1.5,199
1.5,194
1.5,205
1.5,226
1.5,216
1.5,207
1.5,195
1.5,200
1.5,201
1.5,185
1.5,208
1.5,197
1.5,202
1.5,212
1.5,183
1.5,224
1.5,231
1.5,206
1.5,218
1.5,188
1.5,200
1.5,187
1.5,193
1.5,194
1.5,204
1.5,201
1.5,211
1.5,199
1.5,198
1.5,214
1.5,206
1.5,209
1.5,188
1.5,212
1.5,198
1.5,213
1.5,204
1.5,192
1.5,209
1.5,228
1.5,202
1.5,177
1.5,201
1.5,195
1.5,209
1.5,195
1.5,182
1.5,182
1.5,218
1.5,202
1.5,207
1.5,233
1.5,203
1.5,219
1.5,228
1.5,211
1.5,203
1.5,197
1.5,189
1.5,186
1.5,191
1.5,205
1.5,210
1.5,217
1.5,208
1.5,206
1.5,212
1.5,218
1.5,202
1.5,209
1.5,224
1.5,204
1.5,176
1.5,195
1.5,197
1.5,203
1.5,204
1.5,198
1.5,219
1.5,197
1.5,180
1.5,212
1.5,208
1.5,194
1.5,239
1.5,193
1.5,195
1.5,219
1.5,198
1.5,198
1.5,203
1.5,222
1.5,193
1.5,193
1.5,238
1.5,202
1.5,213
1.5,212
1.5,210
1.5,197
1.5,211
1.5,210
1.5,192
1.5,203
1.5,209
1.5,198
1.5,189
1.5,218
1.5,203
1.5,184
1.5,187
1.5,198
1.5,179
1.5,182
1.5,206
1.5,211
1.5,185
1.5,205
1.5,215
1.5,193
1.5,210
1.5,162
1.5,200
1.5,212
1.5,197
1.5,193
1.5,209
1.5,216
1.5,197
1.5,209
1.5,204
1.5,211
1.5,191
1.5,188
1.5,194
1.5,197
1.5,192
1.5,223
1.5,211
1.5,189
1.5,205
1.5,196
1.5,202
1.5,184
1.5,209
1.5,198
1.5,199
1.5,194
1.5,217
1.5,194
1.5,210
1.5,201
1.5,187
1.5,193
1.5,220
1.5,207
1.5,221
1.5,214
1.5,196
1.5,223
1.5,208
1.5,188
1.5,201
1.5,199
1.5,193
1.5,201
1.5,212
1.5,213
1.5,212
1.5,210
1.5,208
1.5,204
1.5,196
1.5,220
1.5,238
1.5,189
1.5,234
1.5,220
1.5,182
1.5,228
1.5,196
1.5,199
1.5,218
1.5,213
1.5,193
1.5,181
1.5,203
1.5,194
1.5,194
1.5,219
1.5,207
1.5,218
1.5,214
1.5,216
1.5,197
1.5,197
1.5,213
1.5,197
1.5,178
1.5,229
1.5,200
1.5,195
1.5,208
1.5,203
1.5,212
1.5,212
1.5,203
1.5,202
1.5,178
1.5,201
1.5,205
1.5,192
1.5,210
1.5,227
1.5,226
1.5,199
1.5,220
1.5,204
1.5,206
1.5,178
1.5,194
1.5,214
1.5,205
1.5,217
1.5,179
1.5,213
1.5,204
1.5,206
1.5,220
1.5,203
1.5,201
1.5,226
1.5,201
1.5,219
1.5,215
1.5,209
1.5,204
1.5,206
1.5,205
1.5,192
1.5,188
1.5,204
1.5,197
1.5,206
1.5,199
1.5,195
1.5,188
1.5,193
1.5,185
1.5,191
1.5,187
1.5,205
1.5,196
1.5,218
1.5,215
1.5,220
1.5,198
1.5,194
1.5,211
1.5,212
1.5,188
1.5,194
1.5,205
1.5,223
1.5,217
1.5,201
1.5,205
1.5,212
1.5,209
1.5,215
1.5,221
1.5,200
1.5,207
1.5,232
1.5,184
1.5,212
1.5,198
1.5,211
1.5,185
1.5,199
1.5,217
1.5,194
1.5,202
1.5,187
1.5,187
1.5,193
1.5,193
1.5,208
1.5,206
1.5,184
1.5,204
1.5,198
1.5,217
1.5,252
1.5,205
1.5,189
1.5,211
1.5,189
1.5,222
1.5,215
1.5,187
1.5,202
1.5,204
1.5,185
1.5,225
1.5,204
1.5,202
1.5,174
1.5,210
1.5,211
1.5,226
1.5,212
1.5,185
1.5,186
1.5,198
1.5,225
1.5,206
1.5,204
1.5,211
1.5,195
1.5,195
1.5,182
1.5,213
1.5,223
1.5,206
1.5,229
1.5,222
1.5,185
1.5,195
1.5,222
1.5,199
1.5,214
1.5,225
1.5,184
1.5,206
1.5,202
1.5,238
1.5,199
1.5,203
1.5,208
1.5,230
1.5,199
1.5,218
1.5,188
1.5,210
1.5,210
1.5,210
1.5,219
1.5,211
1.5,214
1.5,211
1.5,212
1.5,217
1.5,201
1.5,200
1.5,231
1.5,194
1.5,208
1.5,205
1.5,210
1.5,229
1.5,191
1.5,200
1.5,200
1.5,219
1.5,187
1.5,210
1.5,206
1.5,204
1.5,195
1.5,208
1.5,199
1.5,205
1.5,181
1.5,188
1.5,199
1.5,233
1.5,198
1.5,222
1.5,233
1.5,212
1.5,220
1.5,202
1.5,198
1.5,203
1.5,187
1.5,196
1.5,193
1.5,198
1.5,214
1.5,208
1.5,213
1.5,184
1.5,216
1.5,187
1.5,218
1.5,195
1.5,218
1.5,187
1.5,199
1.5,161
1.5,202
1.5,213
1.5,199
1.5,197
1.5,187
1.5,195
1.5,173
1.5,191
1.5,214
1.5,207
1.5,203
1.5,191
1.5,182
1.5,223
1.5,196
1.5,212
1.5,227
1.5,214
1.5,209
1.5,209
1.5,206
1.5,215
1.5,202
1.5,178
1.5,194
1.5,206
1.5,204
1.5,193
1.5,231
1.5,185
1.5,211
1.5,202
1.5,195
1.5,206
1.5,246
1.5,221
1.5,215
1.5,215
1.5,215
1.5,213
1.5,199
1.5,224
1.5,224
1.5,198
1.5,219
1.5,193
1.5,224
1.5,211
1.5,175
1.5,203
1.5,199
1.5,203
1.5,196
1.5,216
1.5,181
1.5,184
1.5,201
1.5,216
1.5,208
1.5,216
1.5,203
1.5,174
1.5,181
1.5,212
1.5,195
1.5,202
1.5,188
1.5,188
1.5,201
1.5,184
1.5,193
1.5,212
1.5,184
1.5,191
1.5,204
1.5,179
1.5,196
1.5,188
1.5,218
1.5,224
1.5,206
1.5,204
1.5,194
1.5,230
1.5,197
1.5,207
1.5,206
1.5,204
1.5,185
1.5,191
1.5,212
1.5,217
1.5,212
1.5,207
1.5,209
1.5,192
1.5,182
1.5,216
1.5,193
1.5,190
1.5,198
1.5,225
1.5,196
1.5,213
1.5,196
1.5,187
1.5,219
1.5,208
1.5,194
1.5,202
1.5,195
1.5,177
1.5,209
1.5,204
1.5,221
1.5,228
1.5,202
1.5,207
1.5,220
1.5,199
1.5,220
1.5,206
1.5,189
1.5,206
1.5,207
1.5,214
1.5,202
1.5,180
1.5,199
1.5,183
1.5,225
1.5,200
1.5,206
1.5,213
1.5,214
1.5,203
1.5,203
1.5,242
1.5,229
1.5,191
1.5,210
1.5,205
1.5,202
1.5,190
1.5,200
1.5,231
1.5,190
1.5,228
1.5,196
1.5,200
1.5,174
1.5,196
1.5,218
1.5,214
1.5,196
1.5,229
1.5,188
1.5,187
1.5,190
1.5,179
1.5,210
1.5,217
1.5,208
1.5,198
1.5,210
1.5,197
1.5,210
1.5,201
1.5,194
1.5,206
1.5,201
1.5,206
1.5,212
1.5,210
1.5,209
1.5,232
1.5,213
1.5,206
1.5,203
1.5,204
1.5,235
1.5,200
1.5,209
1.5,187
1.5,204
1.5,225
1.5,195
1.5,208
1.5,226
1.5,191
1.5,188
1.5,221
1.5,188
1.5,201
1.5,183
1.5,215
1.5,223
1.5,212
1.5,192
1.5,205
1.5,174
1.5,214
1.5,227
1.5,195
1.5,196
1.5,203
1.5,212
1.5,215
1.5,209
1.5,203
1.5,195
1.5,213
1.5,204
1.5,208
1.5,226
1.5,215
1.5,209
1.5,179
1.5,202
1.5,205
1.5,199
1.5,222
1.5,189
1.5,218
1.5,195
1.5,194
1.5,203
1.5,213
1.5,186
1.5,217
1.5,203
1.5,208
1.5,183
1.5,185
1.5,182
1.5,212
1.5,230
1.5,232
1.5,210
1.5,202
1.5,214
1.5,236
1.5,204
1.5,219
1.5,197
1.5,194
1.5,200
1.5,198
1.5,183
1.5,211
1.5,213
1.5,190
1.5,192
1.5,184
1.5,205
1.5,194
1.5,182
1.5,196
1.5,196
1.5,223
1.5,204
1.5,192
1.5,189
1.5,187
1.5,203
1.5,186
1.5,220
1.5,206
1.5,226
1.5,199
1.5,186
1.5,192
1.5,208
1.5,198
1.5,210
1.5,180
1.5,185
1.5,209
1.5,201
1.5,195
1.5,222
1.5,198
1.5,218
1.5,220
1.5,209
1.5,219
1.5,216
1.5,199
1.5,186
1.5,192
1.5,196
1.5,202
1.5,216
1.5,190
1.5,228
1.5,192
1.5,215
1.5,201
1.5,200
1.5,185
1.5,213
1.5,211
1.5,181
1.5,201
1.5,199
1.5,229
1.5,204
1.5,217
1.5,242
1.5,199
1.5,192
1.5,195
1.5,206
1.5,223
1.5,222
1.5,181
1.5,198
1.5,226
1.5,213
1.5,190
1.5,215
1.5,212
1.5,230
1.5,196
1.5,190
1.5,201
1.5,204
1.5,223
1.5,202
1.5,225
1.5,209
1.5,202
1.5,201
1.5,220
1.5,197
1.5,205
1.5,218
1.5,221
1.5,205
1.5,206
1.5,213
1.5,214
1.5,197
1.5,187
1.5,195
1.5,182
1.5,165
1.5,225
1.5,190
1.5,210
1.5,219
1.5,199
1.5,189
1.5,212
1.5,186
1.5,178
1.5,197
1.5,189
1.5,197
1.5,194
1.5,199
1.5,196
1.5,214
1.5,205
1.5,187
1.5,201
1.5,201
1.5,185
1.5,198
1.5,213
1.5,211
1.5,223
1.5,204
1.5,212
1.5,212
1.5,223
1.5,210
1.5,220
1.5,221
1.5,175
1.5,212
1.5,192
1.5,196
1.5,203
1.5,220
1.5,196
1.5,195
1.5,189
1.5,196
1.5,199
1.5,211
1.5,187
1.5,229
1.5,201
1.5,166
1.5,192
1.5,190
1.5,200
1.5,180
1.5,181
1.5,187
1.5,223
1.5,204
1.5,198
1.5,188
1.5,202
1.5,204
1.5,203
1.5,192
1.5,208
1.5,201
1.5,188
1.5,194
1.5,204
1.5,188
1.5,189
1.5,212
1.5,173
1.5,204
1.5,203
1.5,211
1.5,211
1.5,191
1.5,216
1.5,190
1.5,202
1.5,232
1.5,203
1.5,174
1.5,200
1.5,190
1.5,204
1.5,185
1.5,203
1.5,208
1.5,229
1.5,196
1.5,205
1.5,183
1.5,192
1.5,208
1.5,176
1.5,215
1.5,189
1.5,177
1.5,187
1.5,225
1.5,169
1.5,204
1.5,214
1.5,187
1.5,204
1.5,199
1.5,195
1.5,214
1.5,207
1.5,207
1.5,195
1.5,209
1.5,210
1.5,219
1.5,177
1.5,217
1.5,211
1.5,215
1.5,224
1.5,193
1.5,188
1.5,206
1.5,188
1.5,180
1.5,193
1.5,190
1.5,210
1.5,203
1.5,189
1.5,216
1.5,210
1.5,205
1.5,201
1.5,206
1.5,218
1.5,197
1.5,227
1.5,223
1.5,207
1.5,191
1.5,216
1.5,206
1.5,212
1.5,172
1.5,178
1.5,194
1.5,200
1.5,186
1.5,219
1.5,225
1.5,229
1.5,176
1.5,207
1.5,206
1.5,177
1.5,202
1.5,247
1.5,209
1.5,189
1.5,202
1.5,206
1.5,236
1.5,182
1.5,223
1.5,179
1.5,227
1.5,203
1.5,184
1.5,228
1.5,201
1.5,211
1.5,204
1.5,224
1.5,189
1.5,217
1.5,187
1.5,206
1.5,190
1.5,209
1.5,203
1.5,212
1.5,203
1.5,205
1.5,214
1.5,192
1.5,186
1.5,179
1.5,195
1.5,205
1.5,200
1.5,238
1.5,202
1.5,226
1.5,200
1.5,221
1.5,203
1.5,226
1.5,211
1.5,205
1.5,227
1.5,178
1.5,215
1.5,209
1.5,216
1.5,218
1.5,220
1.5,214
1.5,231
1.5,232
1.5,191
1.5,219
1.5,213
1.5,191
1.5,192
1.5,202
1.5,171
1.5,201
1.5,231
1.5,195
1.5,208
1.5,196
1.5,192
1.5,182
1.5,208
1.5,215
1.5,204
1.5,203
1.5,213
1.5,226
1.5,207
1.5,200
1.5,223
1.5,219
1.5,204
1.5,225
1.5,200
1.5,189
1.5,213
1.5,208
1.5,208
1.5,199
1.5,210
1.5,208
1.5,191
1.5,189
1.5,215
1.5,209
1.5,234
1.5,221
1.5,189
1.5,216
1.5,201
1.5,209
1.5,196
1.5,183
1.5,200
1.5,228
1.5,188
1.5,201
1.5,225
1.5,207
1.5,193
1.5,228
1.5,199
1.5,212
1.5,190
1.5,196
1.5,190
1.5,207
1.5,218
1.5,225
1.5,206
1.5,195
1.5,205
1.5,200
1.5,179
1.5,205
1.5,219
1.5,193
1.5,201
1.5,217
1.5,184
1.5,207
1.5,218
1.5,241
1.5,180
1.5,221
1.5,210
1.5,212
1.5,244
1.5,192
1.5,220
1.5,209
1.5,207
1.5,228
1.5,215
1.5,217
1.5,197
1.5,191
1.5,183
1.5,201
1.5,194
1.5,201
1.5,215
1.5,235
1.5,212
1.5,208
1.5,195
1.5,223
1.5,191
1.5,198
1.5,221
1.5,208
1.5,182
1.5,203
1.5,198
1.5,220
1.5,166
1.5,220
1.5,199
1.5,194
1.5,212
1.5,212
1.5,191
1.5,193
1.5,177
1.5,203
1.5,224
1.5,240
1.5,208
1.5,174
1.5,192
1.5,221
1.5,174
1.5,204
1.5,211
1.5,220
1.5,196
1.5,196
1.5,220
1.5,191
1.5,185
1.5,228
1.5,201
1.5,212
1.5,207
1.5,203
1.5,196
1.5,200
1.5,191
1.5,227
1.5,203
1.5,201
1.5,193
1.5,205
1.5,208
1.5,201
1.5,197
1.5,210
1.5,212
1.5,187
1.5,214
1.5,189
1.5,193
1.5,220
1.5,212
1.5,198
1.5,207
1.5,194
1.5,198
1.5,201
1.5,237
1.5,214
1.5,215
1.5,170
1.5,219
1.5,202
1.5,216
1.5,222
1.5,220
1.5,188
1.5,199
1.5,201
1.5,222
1.5,224
1.5,187
1.5,211
1.5,180
1.5,208
1.5,179
1.5,201
1.5,208
1.5,180
1.5,193
1.5,204
1.5,214
1.5,218
1.5,214
1.5,211
1.5,197
1.5,177
1.5,202
1.5,213
1.5,217
1.5,192
1.5,174
1.5,204
1.5,175
1.5,196
1.5,199
1.5,195
1.5,208
1.5,196
1.5,193
1.5,223
1.5,207
1.5,231
1.5,232
1.5,203
1.5,203
1.5,234
1.5,222
1.5,202
1.5,192
1.5,187
1.5,205
1.5,228
1.5,204
1.5,212
1.5,184
1.5,188
1.5,171
1.5,196
1.5,198
1.5,201
1.5,194
1.5,209
1.5,183
1.5,205
1.5,218
1.5,206
1.5,215
1.5,193
1.5,177
1.5,217
1.5,199
1.5,188
1.5,180
1.5,208
1.5,214
1.5,205
1.5,187
1.5,205
1.5,198
1.5,184
1.5,207
1.5,220
1.5,198
1.5,208
1.5,218
1.5,219
1.5,195
1.5,216
1.5,188
1.5,196
1.5,200
1.5,210
1.5,206
1.5,206
1.5,192
1.5,192
1.5,217
1.5,197
1.5,206
1.5,224
1.5,181
1.5,209
1.5,184
1.5,196
1.5,185
1.5,199
1.5,197
1.5,209
1.5,170
1.5,198
1.5,192
1.5,205
1.5,209
1.5,201
1.5,209
1.5,209
1.5,200
1.5,193
1.5,195
1.5,205
1.5,213
1.5,195
1.5,214
1.5,202
1.5,200
1.5,189
1.5,210
1.5,219
1.5,219
1.5,201
1.5,194
1.5,213
1.5,211
1.5,202
1.5,195
1.5,210
1.5,187
1.5,222
1.5,227
1.5,200
1.5,196
1.5,182
1.5,203
1.5,206
1.5,193
1.5,209
1.5,196
1.5,200
1.5,205
1.5,193
1.5,207
1.5,213
1.5,197
1.5,212
1.5,193
1.5,199
1.5,201
1.5,216
1.5,203
1.5,185
1.5,224
1.5,194
1.5,197
1.5,198
1.5,215
1.5,221
1.5,203
1.5,197
1.5,197
1.5,220
1.5,218
1.5,206
1.5,206
1.5,209
1.5,200
1.5,199
1.5,220
1.5,189
1.5,217
1.5,193
1.5,193
1.5,203
1.5,205
1.5,191
1.5,195
1.5,206
1.5,188
1.5,211
1.5,193
1.5,227
1.5,184
1.5,212
1.5,200
1.5,197
1.5,202
1.5,192
1.5,199
1.5,200
1.5,193
1.5,198
1.5,208
1.5,211
1.5,209
1.5,245
1.5,218
1.5,191
1.5,196
1.5,182
1.5,195
1.5,195
1.5,220
1.5,201
1.5,213
1.5,227
1.5,188
1.5,207
1.5,175
1.5,210
1.5,225
1.5,216
1.5,190
1.5,196
1.5,204
1.5,208
1.5,189
1.5,224
1.5,174
1.5,225
1.5,184
1.5,234
1.5,163
1.5,201
1.5,210
1.5,212
1.5,204
1.5,202
1.5,201
1.5,194
1.5,223
1.5,181
1.5,219
1.5,189
1.5,203
1.5,197
1.5,174
1.5,172
1.5,203
1.5,176
1.5,202
1.5,206
1.5,197
1.5,212
1.5,184
1.5,196
1.5,197
1.5,203
1.5,183
1.5,209
1.5,205
1.5,227
1.5,202
1.5,201
1.5,200
1.5,227
1.5,188
1.5,182
1.5,177
1.5,193
1.5,203
1.5,232
1.5,210
1.5,217
1.5,198
1.5,221
1.5,207
1.5,195
1.5,209
1.5,185
1.5,210
1.5,217
1.5,192
1.5,209
1.5,191
1.5,209
1.5,197
1.5,187
1.5,211
1.5,204
1.5,198
1.5,195
1.5,206
1.5,214
1.5,198
1.5,188
1.5,220
1.5,192
1.5,206
1.5,197
1.5,187
1.5,203
1.5,224
1.5,186
1.5,192
1.5,214
1.5,196
1.5,215
1.5,219
1.5,214
1.5,181
1.5,185
1.5,174
1.5,208
1.5,187
1.5,237
1.5,210
1.5,220
1.5,209
1.5,204
1.5,206
1.5,204
1.5,221
1.5,196
1.5,185
1.5,181
1.5,187
1.5,216
1.5,204
1.5,216
1.5,226
1.5,206
1.5,223
1.5,214
1.5,188
1.5,222
1.5,213
1.5,203
1.5,213
1.5,224
1.5,206
1.5,227
1.5,191
1.5,191
1.5,203
1.5,200
1.5,195
1.5,216
1.5,207
1.5,217
1.5,204
1.5,206
1.5,212
1.5,203
1.5,202
1.5,212
1.5,203
1.5,190
1.5,181
1.5,228
1.5,208
1.5,194
1.5,194
1.5,205
1.5,206
1.5,239
1.5,208
1.5,203
1.5,206
1.5,208
1.5,227
1.5,183
1.5,208
1.5,204
1.5,190
1.5,232
1.5,226
1.5,210
1.5,215
1.5,206
1.5,181
1.5,199
1.5,204
1.5,212
1.5,216
1.5,201
1.5,234
1.5,209
1.5,213
1.5,200
1.5,192
1.5,190
1.5,210
1.5,194
1.5,202
1.5,189
1.5,206
1.5,212
1.5,181
1.5,191
1.5,201
1.5,202
1.5,207
1.5,194
1.5,211
1.5,216
1.5,215
1.5,205
1.5,195
1.5,194
1.5,218
1.5,219
1.5,223
1.5,211
1.5,215
1.5,192
1.5,193
1.5,226
1.5,184
1.5,173
1.5,229
1.5,199
1.5,212
1.5,195
1.5,205
1.5,188
1.5,187
1.5,192
1.5,180
1.5,187
1.5,194
1.5,208
1.5,189
1.5,204
1.5,206
1.5,201
1.5,198
1.5,212
1.5,210
1.5,221
1.5,221
1.5,214
1.5,184
1.5,228
1.5,187
1.5,203
1.5,210
1.5,207
1.5,196
1.5,219
1.5,224
1.5,197
1.5,180
1.5,205
1.5,208
1.5,193
1.5,218
1.5,227
1.5,194
1.5,201
1.5,196
1.5,206
1.5,214
1.5,202
1.5,198
1.5,193
1.5,207
1.5,198
1.5,205
1.5,199
1.5,205
1.5,241
1.5,220
1.5,176
1.5,202
1.5,186
1.5,212
1.5,205
1.5,193
1.5,214
1.5,230
1.5,198
1.5,205
1.5,202
1.5,192
1.5,192
1.5,214
1.5,205
1.5,170
1.5,208
1.5,202
1.5,197
1.5,194
1.5,193
1.5,225
1.5,251
1.5,212
1.5,204
1.5,209
1.5,170
1.5,206
1.5,205
1.5,195
1.5,175
1.5,197
1.5,206
1.5,224
1.5,198
1.5,211
1.5,197
1.5,223
1.5,212
1.5,232
1.5,223
1.5,223
1.5,189
1.5,211
1.5,190
1.5,226
1.5,208
1.5,203
1.5,230
1.5,197
1.5,184
1.5,184
1.5,212
1.5,203
1.5,232
1.5,195
1.5,219
1.5,232
1.5,238
1.5,202
1.5,192
1.5,195
1.5,222
1.5,206
1.5,201
1.5,184
1.5,210
1.5,195
1.5,211
1.5,193
1.5,202
1.5,217
1.5,161
1.5,194
1.5,226
1.5,188
1.5,185
1.5,187
1.5,199
1.5,205
1.5,210
1.5,213
1.5,218
1.5,184
1.5,250
1.5,173
1.5,200
1.5,187
1.5,201
1.5,192
1.5,206
1.5,239
1.5,213
1.5,206
1.5,216
1.5,207
1.5,189
1.5,206
1.5,175
1.5,168
1.5,192
1.5,192
1.5,222
1.5,209
1.5,216
1.5,203
1.5,218
1.5,205
1.5,209
1.5,237
1.5,217
1.5,195
1.5,196
1.5,201
1.5,220
1.5,211
1.5,193
1.5,182
1.5,211
1.5,178
1.5,183
1.5,213
1.5,210
1.5,182
1.5,185
1.5,210
1.5,193
1.5,185
1.5,199
1.5,211
1.5,198
1.5,185
1.5,232
1.5,211
1.5,208
1.5,213
1.5,204
1.5,216
1.5,199
1.5,219
1.5,236
1.5,204
1.5,183
1.5,207
1.5,200
1.5,189
1.5,173
1.5,188
1.5,215
1.5,218
1.5,196
1.5,222
1.5,217
1.5,204
1.5,191
1.5,181
1.5,224
1.5,198
1.5,199
1.5,223
1.5,201
1.5,182
1.5,209
1.5,207
1.5,207
1.5,200
1.5,216
1.5,194
1.5,190
1.5,201
1.5,215
1.5,202
1.5,209
1.5,185
1.5,180
1.5,217
1.5,196
1.5,216
1.5,194
1.5,208
1.5,205
1.5,197
1.5,213
1.5,197
1.5,202
1.5,203
1.5,190
1.5,215
1.5,189
1.5,206
1.5,216
1.5,217
1.5,200
1.5,203
1.5,216
1.5,204
1.5,211
1.5,191
1.5,219
1.5,199
1.5,216
1.5,208
1.5,187
1.5,196
1.5,188
1.5,213
1.5,193
1.5,216
1.5,207
1.5,218
1.5,193
1.5,198
1.5,219
1.5,219
1.5,199
1.5,202
1.5,200
1.5,209
1.5,215
1.5,199
1.5,211
1.5,205
1.5,222
1.5,211
1.5,203
1.5,193
1.5,222
1.5,192
1.5,207
1.5,222
1.5,236
1.5,209
1.5,196
1.5,223
1.5,213
1.5,219
1.5,209
1.5,177
1.5,206
1.5,181
1.5,210
1.5,188
1.5,191
1.5,197
1.5,222
1.5,219
1.5,199
1.5,194
1.5,186
1.5,185
1.5,188
1.5,204
1.5,216
1.5,195
1.5,217
1.5,201
1.5,214
1.5,201
1.5,211
1.5,207
1.5,195
1.5,185
1.5,195
1.5,199
1.5,171
1.5,212
1.5,198
1.5,235
1.5,176
1.5,207
1.5,187
1.5,212
1.5,214
1.5,214
1.5,196
1.5,192
1.5,195
1.5,204
1.5,188
1.5,222
1.5,226
1.5,206
1.5,204
1.5,202
1.5,215
1.5,210
1.5,210
1.5,170
1.5,191
1.5,201
1.5,212
1.5,201
1.5,197
1.5,194
1.5,198
1.5,234
1.5,208
1.5,185
1.5,200
1.5,212
1.5,185
1.5,220
1.5,189
1.5,213
1.5,200
1.5,197
1.5,203
1.5,202
1.5,209
1.5,215
1.5,220
1.5,213
1.5,217
1.5,210
1.5,195
1.5,205
1.5,191
1.5,198
1.5,202
1.5,185
1.5,193
1.5,189
1.5,204
1.5,231
1.5,213
1.5,200
1.5,219
1.5,206
1.5,190
1.5,219
1.5,199
1.5,198
1.5,191
1.5,199
1.5,205
1.5,217
1.5,201
1.5,190
1.5,207
1.5,223
1.5,210
1.5,214
1.5,201
1.5,196
1.5,193
1.5,207
1.5,189
1.5,178
1.5,214
1.5,205
1.5,193
1.5,175
1.5,192
1.5,217
1.5,205
1.5,196
1.5,212
1.5,191
1.5,216
1.5,219
1.5,213
1.5,193
1.5,231
1.5,207
1.5,190
1.5,214
1.5,225
1.5,209
1.5,210
1.5,207
1.5,206
1.5,226
1.5,218
1.5,208
1.5,202
1.5,220
1.5,218
1.5,231
1.5,179
1.5,180
1.5,206
1.5,197
1.5,205
1.5,206
1.5,223
1.5,220
1.5,220
1.5,198
1.5,213
1.5,220
1.5,228
1.5,176
1.5,219
1.5,220
1.5,198
1.5,197
1.5,203
1.5,202
1.5,195
1.5,220
1.5,203
1.5,211
1.5,215
1.5,217
1.5,180
1.5,229
1.5,211
1.5,232
1.5,213
1.5,227
1.5,202
1.5,207
1.5,197
1.5,182
1.5,216
1.5,213
1.5,197
1.5,176
1.5,196
1.5,188
1.5,197
1.5,206
1.5,187
1.5,205
1.5,196
1.5,190
1.5,211
1.5,200
1.5,225
1.5,195
1.5,200
1.5,216
1.5,194
1.5,210
1.5,207
1.5,192
1.5,209
1.5,198
1.5,193
1.5,196
1.5,218
1.5,214
1.5,184
1.5,225
1.5,182
1.5,214
1.5,210
1.5,189
1.5,199
1.5,175
1.5,194
1.5,212
1.5,198
1.5,219
1.5,198
1.5,213
1.5,204
1.5,207
1.5,219
1.5,205
1.5,195
1.5,232
1.5,224
1.5,201
1.5,190
1.5,222
1.5,214
1.5,220
1.5,213
1.5,189
1.5,231
1.5,222
1.5,201
1.5,210
1.5,206
1.5,231
1.5,197
1.5,208
1.5,183
1.5,212
1.5,211
1.5,190
1.5,204
1.5,186
1.5,189
1.5,197
1.5,234
1.5,203
1.5,228
1.5,181
1.5,212
1.5,204
1.5,202
1.5,222
1.5,213
1.5,184
1.5,206
1.5,189
1.5,177
1.5,209
1.5,216
1.5,189
1.5,187
1.5,208
1.5,197
1.5,209
1.5,195
1.5,222
1.5,182
1.5,198
1.5,191
1.5,221
1.5,211
1.5,201
1.5,176
1.5,215
1.5,212
1.5,212
1.5,207
1.5,217
1.5,203
1.5,185
1.5,194
1.5,164
1.5,201
1.5,203
1.5,193
1.5,197
1.5,201
1.5,211
1.5,199
1.5,199
1.5,222
1.5,189
1.5,220
1.5,169
1.5,196
1.5,196
1.5,218
1.5,181
1.5,178
1.5,209
1.5,206
1.5,235
1.5,181
1.5,210
1.5,233
1.5,215
1.5,216
1.5,192
1.5,215
1.5,214
1.5,197
1.5,186
1.5,205
1.5,185
1.5,192
1.5,197
1.5,225
1.5,213
1.5,220
1.5,214
1.5,186
1.5,193
1.5,211
1.5,202
1.5,244
1.5,197
1.5,197
1.5,202
1.5,177
1.5,180
1.5,185
1.5,221
1.5,191
1.5,225
1.5,225
1.5,222
1.5,203
1.5,202
1.5,208
1.5,197
1.5,182
1.5,231
1.5,206
1.5,213
1.5,182
1.5,200
1.5,217
1.5,202
1.5,198
1.5,217
1.5,197
1.5,224
1.5,203
1.5,207
1.5,188
1.5,218
1.5,207
1.5,229
1.5,193
1.5,180
1.5,208
1.5,181
1.5,211
1.5,205
1.5,213
1.5,216
1.5,212
1.5,225
1.5,201
1.5,229
1.5,211
1.5,200
1.5,207
1.5,206
1.5,209
1.5,203
1.5,227
1.5,198
1.5,212
1.5,204
1.5,197
1.5,197
1.5,215
1.5,198
1.5,218
1.5,231
1.5,245
1.5,180
1.5,177
1.5,211
1.5,184
1.5,218
1.5,184
1.5,222
1.5,208
1.5,201
1.5,215
1.5,216
1.5,201
1.5,187
1.5,208
1.5,186
1.5,211
1.5,215
1.5,199
1.5,196
1.5,209
1.5,199
1.5,200
1.5,206
1.5,209
1.5,193
1.5,202
1.5,177
1.5,194
1.5,198
1.5,169
1.5,184
1.5,218
1.5,185
1.5,214
1.5,207
1.5,218
1.5,222
1.5,194
1.5,217
1.5,219
1.5,208
1.5,209
1.5,185
1.5,193
1.5,202
1.5,205
1.5,207
1.5,179
1.5,211
1.5,199
1.5,225
1.5,186
1.5,207
1.5,203
1.5,219
1.5,195
1.5,200
1.5,214
1.5,217
1.5,212
1.5,184
1.5,178
1.5,177
1.5,209
1.5,197
1.5,257
1.5,206
1.5,216
1.5,190
1.5,198
1.5,210
1.5,180
1.5,215
1.5,212
1.5,214
1.5,185
1.5,208
1.5,178
1.5,198
1.5,211
1.5,192
1.5,202
1.5,200
1.5,205
1.5,210
1.5,195
1.5,204
1.5,193
1.5,197
1.5,183
1.5,208
1.5,200
1.5,218
1.5,205
1.5,202
1.5,211
1.5,210
1.5,198
1.5,183
1.5,202
1.5,234
1.5,207
1.5,221
1.5,196
1.5,214
1.5,176
1.5,189
1.5,219
1.5,198
1.5,190
1.5,208
1.5,191
1.5,205
1.5,213
1.5,187
1.5,219
1.5,195
1.5,205
1.5,195
1.5,196
1.5,190
1.5,173
1.5,184
1.5,188
1.5,199
1.5,199
1.5,205
1.5,210
1.5,197
1.5,203
1.5,179
1.5,193
1.5,184
1.5,188
1.5,194
1.5,170
1.5,218
1.5,201
1.5,203
1.5,213
1.5,200
1.5,206
1.5,197
1.5,201
1.5,199
1.5,192
1.5,214
1.5,165
1.5,200
1.5,204
1.5,207
1.5,200
1.5,209
1.5,226
1.5,180
1.5,198
1.5,195
1.5,203
1.5,194
1.5,216
1.5,214
1.5,215
1.5,210
1.5,201
1.5,199
1.5,229
1.5,189
1.5,229
1.5,184
1.5,203
1.5,207
1.5,220
1.5,226
1.5,215
1.5,219
1.5,205
1.5,217
1.5,215
1.5,212
1.5,216
1.5,213
1.5,182
1.5,183
1.5,192
1.5,219
1.5,199
1.5,176
1.5,206
1.5,188
1.5,216
1.5,181
1.5,195
1.5,217
1.5,213
1.5,199
1.5,206
1.5,211
1.5,189
1.5,201
1.5,199
1.5,222
1.5,201
1.5,190
1.5,210
1.5,184
1.5,197
1.5,182
1.5,217
1.5,207
1.5,195
1.5,220
1.5,203
1.5,227
1.5,223
1.5,218
1.5,196
1.5,206
1.5,204
1.5,232
1.5,168
1.5,207
1.5,215
1.5,180
1.5,196
1.5,207
1.5,210
1.5,198
1.5,199
1.5,222
1.5,205
1.5,195
1.5,197
1.5,194
1.5,205
1.5,195
1.5,152
1.5,201
1.5,193
1.5,182
1.5,188
1.5,208
1.5,192
1.5,210
1.5,202
1.5,204
1.5,222
1.5,197
1.5,195
1.5,187
1.5,231
1.5,213
1.5,195
1.5,184
1.5,216
1.5,213
1.5,200
1.5,195
1.5,182
1.5,202
1.5,200
1.5,230
1.5,211
1.5,207
1.5,210
1.5,207
1.5,202
1.5,198
1.5,221
1.5,190
1.5,217
1.5,219
1.5,206
1.5,199
1.5,209
1.5,222
1.5,207
1.5,199
1.5,246
1.5,201
1.5,202
1.5,196
1.5,233
1.5,178
1.5,203
1.5,227
1.5,208
1.5,218
1.5,213
1.5,229
1.5,217
1.5,212
1.5,177
1.5,224
1.5,194
1.5,189
1.5,201
1.5,218
1.5,193
1.5,197
1.5,202
1.5,212
1.5,222
1.5,205
1.5,228
1.5,179
1.5,199
1.5,202
1.5,175
1.5,189
1.5,182
1.5,191
1.5,216
1.5,186
1.5,184
1.5,194
1.5,196
1.5,194
1.5,221
1.5,203
1.5,184
1.5,194
1.5,204
1.5,223
1.5,227
1.5,214
1.5,191
1.5,216
1.5,196
1.5,236
1.5,196
1.5,214
1.5,188
1.5,192
1.5,184
1.5,188
1.5,196
1.5,205
1.5,230
1.5,180
1.5,231
1.5,217
1.5,196
1.5,202
1.5,231
1.5,208
1.5,202
1.5,200
1.5,189
1.5,196
1.5,203
1.5,205
1.5,198
1.5,192
1.5,195
1.5,206
1.5,189
1.5,202
1.5,205
1.5,187
1.5,225
1.5,204
1.5,207
1.5,203
1.5,214
1.5,213
1.5,213
1.5,214
1.5,211
1.5,182
1.5,206
1.5,202
1.5,195
1.5,214
1.5,193
1.5,215
1.5,225
1.5,201
1.5,192
1.5,197
1.5,183
1.5,211
1.5,202
1.5,203
1.5,174
1.5,246
1.5,229
1.5,209
1.5,214
1.5,206
1.5,236
1.5,202
1.5,214
1.5,203
1.5,199
1.5,172
1.5,224
1.5,226
1.5,180
1.5,213
1.5,198
1.5,210
1.5,220
1.5,174
1.5,181
1.5,203
1.5,208
1.5,205
1.5,203
1.5,206
1.5,209
1.5,203
1.5,241
1.5,235
1.5,206
1.5,202
1.5,209
1.5,204
1.5,206
1.5,217
1.5,210
1.5,214
1.5,203
1.5,211
1.5,202
1.5,218
1.5,175
1.5,206
1.5,211
1.5,178
1.5,206
1.5,214
1.5,202
1.5,204
1.5,191
1.5,223
1.5,199
1.5,200
1.5,188
1.5,179
1.5,220
1.5,195
1.5,198
1.5,212
1.5,209
1.5,235
1.5,217
1.5,236
1.5,204
1.5,182
1.5,170
1.5,185
1.5,209
1.5,202
1.5,208
1.5,206
1.5,203
1.5,210
1.5,224
1.5,200
1.5,216
1.5,217
1.5,210
1.5,197
1.5,203
1.5,172
1.5,184
1.5,175
1.5,212
1.5,230
1.5,196
1.5,197
1.5,207
1.5,189
1.5,215
1.5,199
1.5,200
1.5,218
1.5,180
1.5,213
1.5,225
1.5,195
1.5,220
1.5,187
1.5,220
1.5,229
1.5,213
1.5,203
1.5,184
1.5,227
1.5,207
1.5,204
1.5,209
1.5,201
1.5,189
1.5,190
1.5,164
1.5,191
1.5,223
1.5,193
1.5,228
1.5,194
1.5,207
1.5,209
1.5,195
1.5,211
1.5,196
1.5,195
1.5,195
1.5,201
1.5,205
1.5,186
1.5,206
1.5,196
1.5,196
1.5,202
1.5,207
1.5,192
1.5,219
1.5,205
1.5,194
1.5,214
1.5,209
1.5,176
1.5,193
1.5,208
1.5,211
1.5,203
1.5,202
1.5,168
1.5,209
1.5,196
1.5,211
1.5,227
1.5,223
1.5,215
1.5,174
1.5,195
1.5,194
1.5,198
1.5,214
1.5,223
1.5,206
1.5,213
1.5,195
1.5,194
1.5,218
1.5,207
1.5,203
1.5,184
1.5,199
1.5,212
1.5,209
1.5,188
1.5,217
1.5,207
1.5,204
1.5,220
1.5,213
1.5,174
1.5,189
1.5,217
1.5,203
1.5,186
1.5,202
1.5,207
1.5,203
1.5,205
1.5,209
1.5,238
1.5,203
1.5,206
1.5,209
1.5,201
1.5,205
1.5,197
1.5,214
1.5,213
1.5,206
1.5,211
1.5,172
1.5,174
1.5,210
1.5,210
1.5,190
1.5,191
1.5,212
1.5,194
1.5,225
1.5,222
1.5,182
1.5,222
1.5,221
1.5,224
1.5,191
1.5,196
1.5,222
1.5,236
1.5,194
1.5,201
1.5,220
1.5,197
1.5,215
1.5,223
1.5,230
1.5,191
1.5,193
1.5,208
1.5,214
1.5,196
1.5,202
1.5,187
1.5,196
1.5,190
1.5,199
1.5,192
1.5,189
1.5,192
1.5,189
1.5,225
1.5,183
1.5,222
1.5,219
1.5,218
1.5,212
1.5,203
1.5,193
1.5,201
1.5,214
1.5,218
1.5,206
1.5,178
1.5,212
1.5,233
1.5,191
1.5,194
1.5,199
1.5,204
1.5,207
1.5,200
1.5,203
1.5,169
1.5,222
1.5,173
1.5,196
1.5,182
1.5,183
1.5,211
1.5,199
1.5,210
1.5,220
1.5,190
1.5,217
1.5,192
1.5,199
1.5,203
1.5,198
1.5,233
1.5,227
1.5,219
1.5,195
1.5,227
1.5,210
1.5,214
1.5,189
1.5,188
1.5,198
1.5,193
1.5,192
1.5,214
1.5,198
1.5,217
1.5,201
1.5,208
1.5,203
1.5,209
1.5,176
1.5,190
1.5,192
1.5,173
1.5,214
1.5,176
1.5,221
1.5,227
1.5,216
1.5,208
1.5,182
1.5,224
1.5,185
1.5,229
1.5,211
1.5,209
1.5,208
1.5,229
1.5,233
1.5,210
1.5,203
1.5,196
1.5,204
1.5,200
1.5,236
1.5,204
1.5,202
1.5,213
1.5,190
1.5,200
1.5,231
1.5,216
1.5,217
1.5,201
1.5,204
1.5,215
1.5,201
1.5,228
1.5,185
1.5,237
1.5,187
1.5,181
1.5,204
1.5,208
1.5,191
1.5,182
1.5,204
1.5,212
1.5,185
1.5,211
1.5,210
1.5,199
1.5,214
1.5,200
1.5,221
1.5,199
1.5,198
1.5,215
1.5,194
1.5,210
1.5,200
1.5,210
1.5,193
1.5,183
1.5,208
1.5,186
1.5,194
1.5,207
1.5,180
1.5,213
1.5,218
1.5,203
1.5,192
1.5,191
1.5,211
1.5,188
1.5,208
1.5,199
1.5,213
1.5,210
1.5,210
1.5,194
1.5,190
1.5,183
1.5,219
1.5,185
1.5,204
1.5,200
1.5,185
1.5,208
1.5,192
1.5,207
1.5,176
1.5,185
1.5,197
1.5,227
1.5,201
1.5,196
1.5,187
1.5,219
1.5,213
1.5,172
1.5,213
1.5,227
1.5,206
1.5,225
1.5,190
1.5,185
1.5,208
1.5,236
1.5,180
1.5,205
1.5,195
1.5,228
1.5,222
1.5,200
1.5,183
1.5,206
1.5,191
1.5,207
1.5,210
1.5,199
1.5,210
1.5,212
1.5,197
1.5,177
1.5,210
1.5,204
1.5,192
1.5,229
1.5,204
1.5,212
1.5,198
1.5,179
1.5,181
1.5,199
1.5,215
1.5,201
1.5,206
1.5,211
1.5,179
1.5,218
1.5,189
1.5,223
1.5,185
1.5,212
1.5,201
1.5,217
1.5,213
1.5,202
1.5,194
1.5,207
1.5,189
1.5,214
1.5,214
1.5,233
1.5,204
1.5,209
1.5,196
1.5,218
1.5,214
1.5,210
1.5,206
1.5,211
1.5,204
1.5,198
1.5,191
1.5,222
1.5,205
1.5,196
1.5,195
1.5,228
1.5,179
1.5,211
1.5,209
1.5,190
1.5,205
1.5,206
1.5,194
1.5,191
1.5,189
1.5,208
1.5,204
1.5,200
1.5,168
1.5,200
1.5,189
1.5,211
1.5,180
1.5,202
1.5,204
1.5,219
1.5,190
1.5,215
1.5,199
1.5,200
1.5,215
1.5,206
1.5,196
1.5,210
1.5,223
1.5,205
1.5,221
1.5,207
1.5,203
1.5,186
1.5,195
1.5,204
1.5,200
1.5,209
1.5,197
1.5,194
1.5,200
1.5,200
1.5,214
1.5,215
1.5,214
1.5,192
1.5,201
1.5,193
1.5,201
1.5,201
1.5,186
1.5,204
1.5,219
1.5,207
1.5,173
1.5,208
1.5,192
1.5,183
1.5,189
1.5,221
1.5,197
1.5,214
1.5,217
1.5,198
1.5,215
1.5,207
1.5,204
1.5,203
1.5,225
1.5,230
1.5,213
1.5,206
1.5,214
1.5,212
1.5,199
1.5,213
1.5,213
1.5,200
1.5,213
1.5,206
1.5,169
1.5,193
1.5,189
1.5,210
1.5,198
1.5,196
1.5,188
1.5,202
1.5,200
1.5,214
1.5,225
1.5,171
1.5,211
1.5,210
1.5,205
1.5,200
1.5,208
1.5,208
1.5,186
1.5,185
1.5,228
1.5,215
1.5,178
1.5,202
1.5,204
1.5,197
1.5,218
1.5,232
1.5,222
1.5,232
1.5,214
1.5,216
1.5,199
1.5,186
1.5,212
1.5,201
1.5,201
1.5,219
1.5,212
1.5,204
1.5,195
1.5,215
1.5,213
1.5,209
1.5,195
1.5,212
1.5,203
1.5,183
1.5,190
1.5,201
1.5,188
1.5,208
1.5,195
1.5,202
1.5,180
1.5,204
1.5,187
1.5,213
1.5,256
1.5,227
1.5,205
1.5,204
1.5,190
1.5,199
1.5,201
1.5,217
1.5,241
1.5,205
1.5,198
1.5,204
1.5,202
1.5,196
1.5,208
1.5,196
1.5,220
1.5,202
1.5,210
1.5,192
1.5,203
1.5,182
1.5,193
1.5,196
1.5,187
1.5,203
1.5,210
1.5,180
1.5,214
1.5,194
1.5,186
1.5,222
1.5,194
1.5,234
1.5,190
1.5,201
1.5,193
1.5,208
1.5,202
1.5,191
1.5,188
1.5,226
1.5,194
1.5,195
1.5,188
1.5,235
1.5,201
1.5,196
1.5,188
1.5,178
1.5,217
1.5,196
1.5,210
1.5,201
1.5,198
1.5,200
1.5,201
1.5,205
1.5,181
1.5,176
1.5,186
1.5,214
1.5,205
1.5,222
1.5,235
1.5,192
1.5,211
1.5,217
1.5,191
1.5,196
1.5,214
1.5,191
1.5,196
1.5,206
1.5,180
1.5,192
1.5,196
1.5,200
1.5,196
1.5,194
1.5,197
1.5,218
1.5,184
1.5,202
1.5,203
1.5,216
1.5,186
1.5,198
1.5,204
1.5,199
1.5,194
1.5,204
1.5,202
1.5,209
1.5,200
1.5,217
1.5,206
1.5,181
1.5,235
1.5,208
1.5,216
1.5,209
1.5,202
1.5,224
1.5,216
1.5,199
1.5,197
1.5,210
1.5,157
1.5,198
1.5,207
1.5,197
1.5,194
1.5,192
1.5,172
1.5,213
1.5,189
1.5,218
1.5,220
1.5,219
1.5,209
1.5,197
1.5,216
1.5,213
1.5,201
1.5,218
1.5,191
1.5,187
1.5,203
1.5,208
1.5,199
1.5,215
1.5,212
1.5,206
1.5,209
1.5,236
1.5,193
1.5,223
1.5,217
1.5,191
1.5,207
1.5,210
1.5,211
1.5,205
1.5,221
1.5,205
1.5,203
1.5,231
1.5,213
1.5,203
1.5,199
1.5,183
1.5,199
1.5,196
1.5,217
1.5,193
1.5,173
1.5,192
1.5,165
1.5,206
1.5,207
1.5,212
1.5,239
1.5,208
1.5,214
1.5,214
1.5,200
1.5,177
1.5,186
1.5,220
1.5,223
1.5,206
1.5,207
1.5,224
1.5,202
1.5,206
1.5,207
1.5,191
1.5,203
1.5,213
1.5,203
1.5,191
1.5,215
1.5,217
1.5,214
1.5,185
1.5,198
1.5,191
1.5,228
1.5,195
1.5,196
1.5,201
1.5,178
1.5,196
1.5,210
1.5,220
1.5,212
1.5,208
1.5,205
1.5,202
1.5,209
1.5,204
1.5,190
1.5,191
1.5,197
1.5,211
1.5,180
1.5,203
1.5,227
1.5,186
1.5,220
1.5,176
1.5,190
1.5,204
1.5,208
1.5,190
1.5,205
1.5,206
1.5,194
1.5,224
1.5,210
1.5,202
1.5,203
1.5,218
1.5,172
1.5,200
1.5,194
1.5,227
1.5,207
1.5,214
1.5,214
1.5,190
1.5,179
1.5,185
1.5,188
1.5,210
1.5,212
1.5,195
1.5,218
1.5,211
1.5,209
1.5,202
1.5,189
1.5,200
1.5,197
1.5,212
1.5,191
1.5,191
1.5,227
1.5,184
1.5,224
1.5,193
1.5,217
1.5,207
1.5,193
1.5,203
1.5,166
1.5,180
1.5,203
1.5,225
1.5,217
1.5,197
1.5,194
1.5,190
1.5,215
1.5,198
1.5,186
1.5,209
1.5,216
1.5,218
1.5,229
1.5,215
1.5,194
1.5,191
1.5,212
1.5,201
1.5,188
1.5,201
1.5,203
1.5,211
1.5,186
1.5,171
1.5,163
1.5,212
1.5,201
1.5,184
1.5,217
1.5,207
1.5,230
1.5,201
1.5,206
1.5,201
1.5,224
1.5,223
1.5,222
1.5,199
1.5,185
1.5,199
1.5,185
1.5,180
1.5,223
1.5,184
1.5,180
1.5,207
1.5,197
1.5,205
1.5,240
1.5,194
1.5,212
1.5,210
1.5,217
1.5,199
1.5,221
1.5,208
1.5,196
1.5,203
1.5,179
1.5,210
1.5,190
1.5,165
1.5,184
1.5,184
1.5,197
1.5,214
1.5,186
1.5,217
1.5,199
1.5,209
1.5,213
1.5,199
1.5,211
1.5,187
1.5,197
1.5,192
1.5,222
1.5,177
1.5,210
1.5,217
1.5,201
1.5,201
1.5,218
1.5,203
1.5,198
1.5,176
1.5,213
1.5,207
1.5,211
1.5,227
1.5,212
1.5,192
1.5,199
1.5,225
1.5,215
1.5,188
1.5,178
1.5,194
1.5,191
1.5,201
1.5,174
1.5,211
1.5,208
1.5,198
1.5,221
1.5,196
1.5,209
1.5,216
1.5,232
1.5,187
1.5,172
1.5,216
1.5,216
1.5,211
1.5,245
1.5,210
1.5,193
1.5,213
1.5,175
1.5,197
1.5,210
1.5,207
1.5,202
1.5,177
1.5,205
1.5,205
1.5,198
1.5,192
1.5,193
1.5,197
1.5,190
1.5,181
1.5,199
1.5,226
1.5,212
1.5,211
1.5,214
1.5,202
1.5,191
1.5,175
1.5,240
1.5,206
1.5,186
1.5,220
1.5,180
1.5,207
1.5,211
