id,product,component,status,resolution,severity,priority,creation_time,cf_last_resolved,target_milestone,version,summary
1872560,Firefox,Firefox View,RESOLVED,FIXED,--,--,2024-01-01T00:34:44Z,2024-01-04T08:44:03Z,123 Branch,unspecified,"Perma browser_history_firefoxview_next.js | Uncaught exception in test bound test_list_ordering - at PlacesUtils.sys.mjs:781 - Error: PageInfo: Invalid value for property 'visits': [{""date"":""2024-12-01T00:09:58.096Z""}]"
1872607,Firefox,Address Bar,RESOLVED,FIXED,S3,P3,2024-01-01T16:36:42Z,2024-12-17T17:06:04Z,135 Branch,Firefox 121,keyword.enabled suggests to execute a search if the typed string ends with *
1872686,Firefox,Messaging System,RESOLVED,FIXED,--,P1,2024-01-02T13:39:37Z,2024-01-03T21:46:46Z,123 Branch,unspecified,Themes.jsx - ESLint error when upgrading eslint-plugin-jsx-a11y: A form label must be associated with a control
1872688,Firefox,Messaging System,RESOLVED,FIXED,--,--,2024-01-02T13:50:03Z,2024-01-05T04:59:48Z,123 Branch,unspecified,Fix unknown property issues in aboutwelcome/newtab code when upgrading eslint-plugin-react to 7.33.2
1872721,Firefox,PDF Viewer,VERIFIED,FIXED,S3,P1,2024-01-02T17:31:33Z,2024-01-10T23:06:46Z,123 Branch,unspecified,Highlight on cropped pdf isn't visible when saving/printing
1872739,Firefox,Settings UI,RESOLVED,FIXED,S4,P1,2024-01-02T19:49:31Z,2024-01-03T21:46:50Z,123 Branch,unspecified,Applications richlistbox's actionsMenu comboboxes in Settings UI are unlabelled
1872743,Firefox,Settings UI,RESOLVED,FIXED,S4,P1,2024-01-02T20:19:12Z,2024-01-03T21:46:55Z,123 Branch,unspecified,Default and Default Private Engine comboboxes in Settings UI are unlabelled
1872757,Firefox,Search,RESOLVED,FIXED,N/A,P2,2024-01-02T22:25:57Z,2024-01-04T04:59:10Z,123 Branch,unspecified,Update SearchTestUtils.useTestEngines to be able to load search-config-v2 configurations
1872764,Firefox,Screenshots,VERIFIED,FIXED,S3,P1,2024-01-02T23:05:41Z,2024-01-12T17:42:16Z,123 Branch,unspecified,Exit/Copy/Download buttons do not work on certain website with screenshot component enabled
1872768,Firefox,Messaging System,VERIFIED,FIXED,--,P1,2024-01-02T23:38:09Z,2024-01-19T09:39:36Z,123 Branch,unspecified,Enhanced Tracking Protection milestone doorhanger shows incorrect date
1872797,Firefox,PDF Viewer,RESOLVED,FIXED,--,--,2024-01-03T06:15:56Z,2024-01-03T21:47:00Z,123 Branch,unspecified,Update PDF.js to new version 231c79800b4e0bb5b705353a98c7e8c8cff70393 from 2023-12-31 14:34:28
1872851,Firefox,Firefox View,VERIFIED,FIXED,S4,P1,2024-01-03T13:21:56Z,2024-01-17T04:11:34Z,123 Branch,Firefox 123,Firefox View longer typed terms will extend the search results box out of view in History section
1872860,Firefox,Translations,RESOLVED,FIXED,--,P3,2024-01-03T15:02:54Z,2024-02-09T21:48:51Z,124 Branch,unspecified,Populate Secondary Translation Settings UI elements
1872878,Firefox,Search,RESOLVED,FIXED,N/A,P2,2024-01-03T17:18:18Z,2024-01-10T04:57:32Z,123 Branch,unspecified,Update search-telemetry-v2 schema with searchPageMatches
1872899,Firefox,Search,RESOLVED,FIXED,S4,P5,2024-01-03T19:37:26Z,2024-02-03T09:27:05Z,124 Branch,unspecified,"Perma [tier 2] TEST-UNEXPECTED-FAIL | browser/components/search/test/browser/browser_searchbar_openpopup.js | Node is not accessible via accessibility API: id: , tagName: html:body, className:  -"
1872903,Firefox,General,RESOLVED,FIXED,S4,P3,2024-01-03T20:00:20Z,2024-01-05T05:00:03Z,123 Branch,unspecified,Add an exception from a11y_checks for a click on a web content in Desktop UI
1872909,Firefox,Settings UI,RESOLVED,FIXED,--,--,2024-01-03T20:32:03Z,2024-01-26T21:49:51Z,124 Branch,unspecified,Commit to deemphasized descriptive text pattern in preferences that has already been introduced under Search settings in order to improve information architecture
1872922,Firefox,General,RESOLVED,FIXED,S3,P1,2024-01-03T21:17:13Z,2024-01-18T05:56:28Z,123 Branch,unspecified,Replace last few uses of XPCOMUtils.defineLazyGetter with ChromeUtils.defineLazyGetter and add linter error for XPCOMUtils.defineLazyGetter
1872925,Firefox,General,RESOLVED,FIXED,S4,P3,2024-01-03T21:26:09Z,2024-01-05T05:00:08Z,123 Branch,unspecified,Add an accessible name to a chromebutton in Desktop UI accesskeys test
1872933,Firefox,Installer,RESOLVED,FIXED,S4,P5,2024-01-03T22:32:37Z,2024-01-04T00:13:17Z,123 Branch,unspecified,Perma Windows MinGW all [tier 2] /builds/worker/checkouts/gecko/toolkit/system/windowsPackageManager/nsWindowsPackageManager.cpp:304:28: error: use of undeclared identifier 'StoreProductResult'
1872935,Firefox,Search,RESOLVED,FIXED,N/A,P1,2024-01-03T22:47:01Z,2024-03-23T09:35:36Z,126 Branch,unspecified,Reconcile original categorization ping patches with updated code
1872940,Firefox,Search,VERIFIED,FIXED,N/A,P2,2024-01-03T23:34:43Z,2024-01-26T03:58:51Z,124 Branch,unspecified,Implement support for prior settings when using the new search configuration
1872954,Firefox,Protections UI,RESOLVED,FIXED,--,--,2024-01-04T00:48:04Z,2024-01-05T05:00:12Z,123 Branch,unspecified,[Protections Panel] Protections doorhanger has a blocked tracker milestones subviewbutton that is unlabeled
1873002,Firefox,Settings UI,VERIFIED,FIXED,S3,P3,2024-01-04T11:05:26Z,2024-01-13T09:24:29Z,123 Branch,unspecified,Certificate Manager popup doesn't grow with content
1873010,Firefox,Messaging System,RESOLVED,FIXED,--,--,2024-01-04T12:13:50Z,2024-01-08T09:08:16Z,123 Branch,unspecified,Remove chai-json-schema module from aboutwelcome/asrouter test code as it is not used
1873013,Firefox,New Tab Page,RESOLVED,FIXED,N/A,P1,2024-01-04T12:19:08Z,2024-01-11T09:56:51Z,123 Branch,unspecified,Remove unused react-test-renderer from newtab's node_modules
1873019,Firefox,Messaging System,VERIFIED,FIXED,S3,P1,2024-01-04T12:57:52Z,2024-01-12T04:59:44Z,123 Branch,unspecified,[User Journey] After refresh about welcome page becomes unfunctional
1873025,Firefox,Firefox View,VERIFIED,FIXED,S3,P2,2024-01-04T14:06:09Z,2024-04-05T09:44:17Z,126 Branch,unspecified,Sorting on recent tabs after search is confusing
1873026,Firefox,Messaging System,RESOLVED,FIXED,--,P1,2024-01-04T14:13:19Z,2024-01-11T09:56:55Z,123 Branch,unspecified,ASRouter tests under browser/components/asrouter are not being run in CI
1873049,Firefox,Tabbed Browser,RESOLVED,FIXED,S2,P3,2024-01-04T16:19:51Z,2024-03-11T21:19:19Z,125 Branch,unspecified,scrollbutton-down and scrollbutton-up toolbarbuttons are missing accessible names
1873055,Firefox,Search,RESOLVED,FIXED,N/A,P1,2024-01-04T17:27:51Z,2024-01-05T05:00:25Z,123 Branch,unspecified,Fix missing awaits in test_engine_selector_environment.js and test_engine_selector_defaults.js
1873094,Firefox,Firefox View,RESOLVED,FIXED,S4,P3,2024-01-04T21:44:09Z,2024-01-11T21:11:44Z,123 Branch,unspecified,Update the Firefox View Open Tabs test case to send a click on a menuitem itself instead of its container
1873194,Firefox,Messaging System,VERIFIED,FIXED,S2,--,2024-01-05T12:52:24Z,2024-01-08T12:53:42Z,---,Trunk,"[Experiment] The URL of the ""VPN Moments"" page from the ""Treatment A"" branch is wrongly set to ""https://www.mozilla.org/en-GB/firefox/welcome/17a/"" instead of ""https://www.mozilla.org/en/firefox/welcome/17a/"""
1873212,Firefox,Firefox View,VERIFIED,FIXED,--,--,2024-01-05T14:38:44Z,2024-01-06T09:41:20Z,123 Branch,unspecified,"In Recent Browsing, entering and clearing a search term wipes out tabs from other devices"
1873223,Firefox,Installer,RESOLVED,FIXED,--,--,2024-01-05T15:43:33Z,2024-01-23T09:21:29Z,124 Branch,unspecified,"FireFox Same Site ""Strict"" Cookie Bypass via firefox/firefox-private protocol/schemes registered with the OS and using an external browser"
1873264,Firefox,New Tab Page,VERIFIED,FIXED,--,P1,2024-01-05T19:01:04Z,2024-02-10T21:06:00Z,124 Branch,unspecified,"Newtab replacing ""Recommended by Pocket"" with generalize copy"
1873345,Firefox,PDF Viewer,RESOLVED,FIXED,S3,P3,2024-01-06T17:43:21Z,2026-06-18T12:35:56Z,154 Branch,Firefox 121,PDF Viewer: text with a background is invisible
1873433,Firefox,Messaging System,RESOLVED,FIXED,--,--,2024-01-08T12:29:48Z,2024-10-15T11:41:54Z,---,unspecified,[META][QA][QA-2241] Recommend add-ons  - Staff Pick - Early Day users
1873434,Firefox,Messaging System,VERIFIED,FIXED,S2,P1,2024-01-08T12:36:01Z,2024-01-09T14:23:33Z,---,Trunk,"[Experiment] The ""Recommend Add-ons - Staff pick"" feature callout is not triggered"
1873443,Firefox,Messaging System,RESOLVED,FIXED,--,--,2024-01-08T12:56:28Z,2024-04-26T12:36:04Z,---,unspecified,[META] [QA] [QA-2136] Picture-in-Picture: first-time use callout
1873464,Firefox,Search,RESOLVED,FIXED,N/A,P3,2024-01-08T14:06:12Z,2024-01-09T09:58:19Z,123 Branch,unspecified,"For search related configurations, only validate additional properties on nightly builds"
1873471,Firefox,Search,RESOLVED,FIXED,N/A,P2,2024-01-08T15:03:30Z,2024-01-09T09:58:23Z,123 Branch,unspecified,Search's `metrics.yaml` doesn't have a tag
1873476,Firefox,PDF Viewer,RESOLVED,FIXED,--,--,2024-01-08T15:42:00Z,2024-01-10T21:38:09Z,123 Branch,unspecified,Update PDF.js to new version 903af4ee0009afbb5e42f5866b966fdefe4185b7 from 2024-01-10 09:03:52
1873514,Firefox,Security,RESOLVED,FIXED,N/A,P1,2024-01-08T18:26:09Z,2024-10-24T09:47:34Z,133 Branch,unspecified,Update about:neterror appearance and strings (SEC_ERROR_UNKNOWN_ISSUER)
1873545,Firefox,Messaging System,RESOLVED,FIXED,S3,P3,2024-01-08T21:49:05Z,2024-01-10T04:58:00Z,123 Branch,unspecified,ToastNotification.jsm will never resolve: waiting on `alertshown` instead of `alertshow`
1873547,Firefox,Nimbus Desktop Client,RESOLVED,FIXED,--,--,2024-01-08T21:52:28Z,2024-01-11T09:57:09Z,123 Branch,unspecified,Update `updateRecipes` to sort by `publishedDate`
1873645,Firefox,Messaging System,VERIFIED,FIXED,S3,--,2024-01-09T12:06:41Z,2024-01-11T07:43:02Z,---,Trunk,[Experiment] The “Recommended Add-ons - Staff Pick” feature callout is only partially displayed at trigger
1873653,Firefox,Messaging System,VERIFIED,FIXED,S4,--,2024-01-09T13:38:12Z,2024-01-11T07:44:10Z,---,Trunk,[Experiment] The “Explore add-ons” button from the “Recommended Add-ons - Staff Pick” feature callout is partially overlapping the callout’s string while the button is being focused
1873659,Firefox,Installer,VERIFIED,FIXED,S3,--,2024-01-09T14:04:39Z,2024-01-15T20:40:53Z,123 Branch,unspecified,"appChooser: Missing icons in ""always ask"" prompts"
1873683,Firefox,Firefox View,RESOLVED,FIXED,S4,P1,2024-01-09T16:20:44Z,2024-01-17T04:11:53Z,123 Branch,unspecified,Firefox view history card list items expands while minimized/maximized the browser with browser buttons
1873719,Firefox,Site Permissions,VERIFIED,FIXED,S3,P3,2024-01-09T18:50:38Z,2024-01-16T05:05:41Z,123 Branch,Firefox 121,notification blocked but still asking for it
1873727,Firefox,Migration,VERIFIED,FIXED,S3,P1,2024-01-09T18:57:18Z,2024-01-12T05:00:09Z,123 Branch,unspecified,Extra padding appears at the top and bottom of the migration wizard panellist when embedded in a XUL panel
1873743,Firefox,Translations,RESOLVED,FIXED,--,P2,2024-01-09T19:45:48Z,2024-02-21T09:10:37Z,125 Branch,unspecified,Centralize the architecture of the machine learning engine
1873766,Firefox,Sync,VERIFIED,FIXED,--,--,2024-01-09T21:12:06Z,2024-01-13T22:02:01Z,123 Branch,unspecified,invisible VPN icon in sync menu
1873788,Firefox,Address Bar,VERIFIED,FIXED,S3,P3,2024-01-09T23:23:02Z,2024-01-11T09:57:15Z,123 Branch,unspecified,Bookmark keyword search and search mode search uses the default engine search when there is restrict symbol at the end of search string
1873793,Firefox,Messaging System,VERIFIED,FIXED,--,P1,2024-01-09T23:54:52Z,2024-02-02T04:45:40Z,124 Branch,unspecified,"Land ""Tail Fox"" doodle set to default Spotlight on train"
1873833,Firefox,Screenshots,VERIFIED,FIXED,S3,P3,2024-01-10T07:09:34Z,2024-03-13T21:35:08Z,125 Branch,Trunk,The buttons of the selection done by click/mouse drag do not show tooltips upon mouse hover
1873862,Firefox,Screenshots,VERIFIED,FIXED,S3,P3,2024-01-10T09:59:37Z,2024-04-27T09:29:47Z,127 Branch,Trunk,The pixels size counter is not visible enough on the selected screenshot region
1873868,Firefox,PDF Viewer,RESOLVED,FIXED,S3,P3,2024-01-10T10:25:19Z,2025-07-24T12:52:45Z,---,Firefox 121,pdf date input box auto corrects DD/MM/YYYY format to American format of MM/DD/YYYY
1873882,Firefox,Screenshots,VERIFIED,FIXED,S4,P3,2024-01-10T11:20:04Z,2024-01-17T09:28:30Z,123 Branch,Firefox 123,Include Retry Button in Drag/Click Screenshot Capture Options
1873942,Firefox,Firefox View,RESOLVED,FIXED,--,P2,2024-01-10T16:28:36Z,2024-04-18T09:59:04Z,127 Branch,unspecified,Add test coverage for device connection and sync
1873947,Firefox,Screenshots,VERIFIED,FIXED,S3,P1,2024-01-10T16:48:07Z,2024-03-08T04:48:29Z,125 Branch,Trunk,Screenshots get broken when dragging the tab to a new window
1873954,Firefox,Firefox View,RESOLVED,FIXED,--,P2,2024-01-10T17:22:11Z,2026-04-24T20:50:58Z,152 Branch,unspecified,Add test for sync admin disabled to browser_syncedtabs_errors_firefoxview.js
1873957,Firefox,Firefox View,RESOLVED,FIXED,--,P2,2024-01-10T17:23:44Z,2024-04-11T21:38:29Z,126 Branch,unspecified,Add missing test coverage for error states
1873960,Firefox,Security,RESOLVED,FIXED,N/A,P1,2024-01-10T17:25:05Z,2024-01-15T20:55:10Z,123 Branch,unspecified,Land test for Bug 1857430
1873969,Firefox,New Tab Page,RESOLVED,FIXED,N/A,P1,2024-01-10T17:54:52Z,2024-01-23T05:46:45Z,124 Branch,unspecified,Convert HighlightsFeed.jsm into an ESM
1873977,Firefox,Screenshots,VERIFIED,FIXED,S3,--,2024-01-10T18:19:27Z,2024-01-18T04:51:44Z,123 Branch,Trunk,The last click selection is remembered after clicking away
1873987,Firefox,Translations,RESOLVED,FIXED,--,P3,2024-01-10T19:07:00Z,2024-01-24T09:37:30Z,124 Branch,unspecified,Clean up visibility assertions in the Translations test suite
1874013,Firefox,PDF Viewer,RESOLVED,FIXED,S3,P3,2024-01-10T20:06:21Z,2024-05-07T13:17:55Z,127 Branch,Firefox 115,Slow rendering of PDF files with smask
1874014,Firefox,Screenshots,VERIFIED,FIXED,S3,--,2024-01-10T20:19:51Z,2024-01-12T05:00:19Z,123 Branch,Trunk,Issues with Copy functionality after removing Screenshots button from Toolbar
1874024,Firefox,Messaging System,RESOLVED,FIXED,--,P1,2024-01-10T21:12:17Z,2024-01-31T05:13:15Z,124 Branch,unspecified,Add telemetry check to `browser_ProtectionsUI.js` test for panel info message
1874026,Firefox,Screenshots,VERIFIED,FIXED,S3,P3,2024-01-10T21:21:48Z,2024-02-15T03:55:31Z,124 Branch,Trunk,Extra space added to the end of screenshot overlay when Zooming
1874053,Firefox,Private Browsing,RESOLVED,FIXED,S4,P5,2024-01-10T23:38:56Z,2024-01-31T05:13:22Z,124 Branch,unspecified,Intermittent browser/components/privatebrowsing/test/browser/browser_privatebrowsing_protocolhandler.js | single tracking bug
1874072,Firefox,Address Bar,RESOLVED,FIXED,S3,P3,2024-01-11T01:58:25Z,2024-01-11T21:12:45Z,123 Branch,unspecified,The Suggest Rust backend queries all Rust providers regardless of which suggestion types are enabled
1874108,Firefox,Untriaged,RESOLVED,FIXED,--,--,2024-01-11T08:53:31Z,2024-01-12T05:00:26Z,123 Branch,Trunk,obj-x86_64-pc-solaris2.11/dist/include/mozilla/ProfilerBandwidthCounter.h:8:65: error: expected class-name before ‘{’ token
1874154,Firefox,Screenshots,VERIFIED,FIXED,S4,P5,2024-01-11T12:08:54Z,2024-02-15T03:55:35Z,124 Branch,Trunk,"Consistent Positioning for ""Screenshot Copied!"" Indicator"
1874155,Firefox,Firefox View,RESOLVED,FIXED,--,P3,2024-01-11T12:32:17Z,2026-03-24T09:53:24Z,151 Branch,unspecified,Remove virtualizer pref
1874162,Firefox,Toolbars and Customization,VERIFIED,FIXED,--,--,2024-01-11T13:14:36Z,2024-01-19T13:13:35Z,---,Firefox 121,[META][QA][QA-2225] Restore FxA toolbar menu panel on desktop
1874177,Firefox,Installer,RESOLVED,FIXED,--,--,2024-01-11T14:04:47Z,2024-01-12T05:00:30Z,123 Branch,unspecified,enable macos attribution reporting by default
1874184,Firefox,Sync,VERIFIED,FIXED,--,--,2024-01-11T14:50:53Z,2024-01-19T12:20:32Z,---,Firefox 121,"[Experiment] [Intermittent] The ""Manage account"" option from the FxA toolbar menu panel contains an extra string"
1874186,Firefox,Search,RESOLVED,FIXED,N/A,P2,2024-01-11T14:51:56Z,2024-01-18T04:51:54Z,123 Branch,unspecified,Remove remains of extension ID facility from OpenSearch engines
1874189,Firefox,Sync,VERIFIED,FIXED,S3,--,2024-01-11T14:55:43Z,2024-01-19T12:15:32Z,---,Firefox 121,"[Experiment] [Intermittent] The ""Sign in"" option from the FxA toolbar menu panel does not have the correct naming"
1874200,Firefox,Address Bar,RESOLVED,FIXED,S3,P3,2024-01-11T15:44:03Z,2024-01-13T09:26:00Z,123 Branch,unspecified,Disable the clipboard provider if the clipboard contents are too large
1874202,Firefox,Address Bar,RESOLVED,FIXED,S3,P3,2024-01-11T15:49:04Z,2024-01-29T21:42:48Z,124 Branch,unspecified,Add a stopwatch telemetry to record the time it takes to read from the clipboard
1874215,Firefox,Sync,RESOLVED,FIXED,S3,P2,2024-01-11T16:29:01Z,2024-01-26T03:59:05Z,124 Branch,unspecified,Sync sets the log max_level for Rust code to Debug in all builds
1874233,Firefox,Sync,RESOLVED,FIXED,--,--,2024-01-11T17:28:15Z,2024-01-12T05:00:40Z,123 Branch,unspecified,Add test to ensure an incoming bookmark with an invalid URL causes an outgoing tombstone
1874253,Firefox,Firefox View,VERIFIED,FIXED,S3,P1,2024-01-11T18:58:09Z,2024-01-18T04:51:58Z,123 Branch,unspecified,Loading the obsolete about:firefoxview-next doesnt show the malformed URI error page
1874255,Firefox,Settings UI,RESOLVED,FIXED,S4,P5,2024-01-11T19:06:20Z,2024-01-11T22:41:43Z,---,unspecified,Intermittent [TV] browser/components/preferences/tests/browser_search_within_preferences_2.js | Toggle is not visible after clearing search. -
1874264,Firefox,Messaging System,RESOLVED,FIXED,--,P1,2024-01-11T20:06:26Z,2024-01-19T09:39:43Z,123 Branch,unspecified,Add featureCallout to valid reach telemetry objects
1874276,Firefox,New Tab Page,RESOLVED,FIXED,S3,P2,2024-01-11T20:59:51Z,2024-01-26T09:56:31Z,124 Branch,unspecified,Convert PlacesFeed.jsm into an ESM
1874277,Firefox,Search,VERIFIED,FIXED,S3,P2,2024-01-11T21:01:08Z,2024-01-23T22:04:50Z,124 Branch,Firefox 123,Switching to Search Bar with TAB does not select the previous search term
1874290,Firefox,Address Bar,RESOLVED,FIXED,S4,P3,2024-01-11T21:50:42Z,2024-01-23T22:04:54Z,124 Branch,unspecified,Add exceptions from a11y_checks for clicks on non-interactive toolbarsprings in Search and Address Bar tests
1874301,Firefox,Menus,RESOLVED,FIXED,--,--,2024-01-11T22:40:57Z,2024-01-18T09:00:43Z,---,unspecified,Support MenuTouchObserver outside of Windows
1874311,Firefox,Firefox Accounts,RESOLVED,FIXED,--,P2,2024-01-11T23:18:17Z,2024-01-17T04:12:30Z,123 Branch,unspecified,Enable FxA toolbar button by default when user not signed in
1874344,Firefox,Address Bar,RESOLVED,FIXED,N/A,P3,2024-01-12T03:57:12Z,2024-01-13T09:26:18Z,123 Branch,unspecified,Add additional tests and documentation for existing persisted search term logic
1874380,Firefox,Screenshots,RESOLVED,FIXED,S3,P1,2024-01-12T10:48:05Z,2024-02-02T09:48:12Z,124 Branch,Trunk,[HCM] Visibility issues of the Screenshots overlay with high contrast mode enabled
1874459,Firefox,Search,RESOLVED,FIXED,N/A,P3,2024-01-12T18:15:07Z,2025-02-24T12:18:57Z,---,unspecified,[meta]Search configuration v2 - QA bug tracking
1874473,Firefox,Search,RESOLVED,FIXED,N/A,P3,2024-01-12T19:47:38Z,2024-01-23T05:47:02Z,124 Branch,unspecified,Simpifly the OpenSearch update system
1874543,Firefox,Address Bar,RESOLVED,FIXED,S4,P5,2024-01-13T11:18:13Z,2024-09-18T21:14:50Z,132 Branch,unspecified,Intermittent browser/components/urlbar/tests/browser-tips/browser_searchTips_interaction.js | single tracking bug
1874546,Firefox,Address Bar,VERIFIED,FIXED,--,--,2024-01-13T12:09:06Z,2024-01-18T04:52:05Z,123 Branch,unspecified,Perma TEST-UNEXPECTED-FAIL | browser/components/urlbar/tests/unit/test_autofill_urls.js | xpcshell return code: 0 when Gecko 123 merges to Beta on 2024-01-22
1874599,Firefox,Tabbed Browser,VERIFIED,FIXED,S3,--,2024-01-14T08:53:20Z,2024-01-26T09:56:36Z,124 Branch,Firefox 121,"Links opened from external applications no longer respect Multi Account Container addon ""Always Open This Site In..."" setting"
1874624,Firefox,Address Bar,RESOLVED,FIXED,N/A,P1,2024-01-14T23:59:11Z,2024-02-09T21:48:56Z,124 Branch,unspecified,Show icon for Yelp suggestion
1874663,Firefox,Screenshots,VERIFIED,FIXED,S2,P1,2024-01-15T10:38:09Z,2024-02-02T09:48:18Z,124 Branch,Trunk,"[HCM] Visibility and Hover Effect Issues with ""Save"" Buttons on Windows"
1874671,Firefox,Screenshots,VERIFIED,FIXED,S3,P1,2024-01-15T10:56:52Z,2024-02-02T09:48:24Z,124 Branch,Trunk,[HCM] The resize points of the capture selection are not visible on Windows
1874693,Firefox,Tabbed Browser,VERIFIED,FIXED,S4,P3,2024-01-15T12:58:01Z,2024-01-22T16:05:01Z,124 Branch,unspecified,Flickering favicon on https://dgtized.github.io/shimmers/#/sketches
1874742,Firefox,Session Restore,RESOLVED,FIXED,--,P2,2024-01-15T17:46:17Z,2024-04-03T09:40:10Z,126 Branch,unspecified,Improve telemetry and logging coverage
1874824,Firefox,Settings UI,RESOLVED,FIXED,--,--,2024-01-16T08:11:41Z,2024-01-16T10:41:30Z,123 Branch,Trunk,Sub-dialog buttons overlap with content
1874917,Firefox,Search,RESOLVED,FIXED,N/A,P3,2024-01-16T17:31:00Z,2024-05-24T04:15:27Z,128 Branch,unspecified,Rename SearchTestUtils.promiseNewSearchEngine to installOpenSearchEngine or something similar
1874921,Firefox,Search,RESOLVED,FIXED,N/A,P2,2024-01-16T17:46:02Z,2024-01-23T05:47:25Z,124 Branch,unspecified,Replace usages of SearchService.addOpenSearchEngine in test code with SearchTestUtils.promiseNewSearchEngine.
1874933,Firefox,Nimbus Desktop Client,RESOLVED,FIXED,S3,P3,2024-01-16T18:54:32Z,2025-04-29T17:30:10Z,---,unspecified,[meta] Support Co-Enrollment of Features
1874939,Firefox,Nimbus Desktop Client,RESOLVED,FIXED,--,--,2024-01-16T19:13:51Z,2025-04-24T03:39:21Z,139 Branch,unspecified,Update Nimbus to support co-enrollment
1874944,Firefox,Installer,RESOLVED,FIXED,--,--,2024-01-16T19:55:09Z,2024-01-26T09:56:40Z,124 Branch,unspecified,treat attributable builds with empty attribution strings as a distinct error on macOS
1874952,Firefox,General,RESOLVED,FIXED,N/A,P1,2024-01-16T20:46:39Z,2024-02-05T21:00:08Z,124 Branch,unspecified,Confirmation hint panels are not aligned to their originating toolbarbuttons
1874968,Firefox,Messaging System,VERIFIED,FIXED,S3,P1,2024-01-16T21:59:06Z,2024-01-20T09:45:41Z,123 Branch,unspecified,Implement support to focus urlbar on newtab after onboarding
1874990,Firefox,Sync,RESOLVED,FIXED,--,--,2024-01-17T01:15:14Z,2024-01-19T09:39:54Z,123 Branch,unspecified,Vendor application-services into mozilla-central
1875034,Firefox,Screenshots,VERIFIED,FIXED,S3,P1,2024-01-17T09:49:21Z,2024-01-26T03:59:14Z,124 Branch,Trunk,Captures taken with the component version of Screenshots are more blurry
1875053,Firefox,PDF Viewer,RESOLVED,FIXED,--,--,2024-01-17T12:20:36Z,2024-01-18T04:52:57Z,123 Branch,unspecified,Update PDF.js to new version a22b5a4f02d046b5113630b1c333281841cbe309 from 2024-01-16 21:27:14
1875071,Firefox,Search,VERIFIED,FIXED,N/A,P3,2024-01-17T14:10:09Z,2024-01-23T05:47:35Z,124 Branch,unspecified,Simplify OpenSearchEngine loading and install process in the search service
1875083,Firefox,Firefox View,RESOLVED,FIXED,--,P2,2024-01-17T15:14:33Z,2026-04-24T20:51:03Z,152 Branch,unspecified,Create test to ensure maxRenderCountEstimate is never being set to Infinity in virtual-list component in Fx View
1875084,Firefox,General,VERIFIED,FIXED,--,--,2024-01-17T15:17:51Z,2024-01-18T21:38:21Z,123 Branch,unspecified,Perma browser/base/content/test/static/browser_parsable_css.js | Got error message for chrome://global/skin/popup.css: Unknown property ‘zoom’. Declaration dropped. - when Gecko 123 merges to Beta on 2024-01-22
1875090,Firefox,General,RESOLVED,FIXED,--,P3,2024-01-17T15:44:41Z,2024-01-19T09:39:59Z,123 Branch,unspecified,Rename is_hidden and is_visible test utility functions to camelCase
1875109,Firefox,Screenshots,VERIFIED,FIXED,--,--,2024-01-17T16:53:04Z,2024-01-23T05:47:39Z,124 Branch,unspecified,Perma DevEdition browser/components/screenshots/tests/browser/browser_screenshots_short_page_test.js | The screenshot toolbar button is visible - when Gecko 123 merges to Beta on 2024-01-22
1875112,Firefox,Messaging System,RESOLVED,FIXED,--,P1,2024-01-17T17:20:53Z,2024-02-05T17:11:21Z,---,unspecified,[Experiment] Launch Device Migration Q4 Spotlights for clients not messaged via device-migration-q4-spotlights
1875143,Firefox,Tabbed Browser,VERIFIED,FIXED,S3,P1,2024-01-17T19:57:03Z,2024-01-25T09:51:32Z,124 Branch,unspecified,Cannot scroll tab list when card preview is shown
1875162,Firefox,Messaging System,RESOLVED,FIXED,--,P1,2024-01-17T21:19:48Z,2024-03-25T16:12:02Z,---,unspecified,[Experiment] Configure and Launch focus urlbar on newtab after onboarding
1875203,Firefox,Messaging System,RESOLVED,FIXED,S4,P2,2024-01-18T03:53:16Z,2024-03-14T05:17:30Z,125 Branch,unspecified,Intermittent browser/components/aboutwelcome/tests/browser/browser_aboutwelcome_multistage_experimentAPI.js | single tracking bug
1875204,Firefox,Messaging System,RESOLVED,FIXED,S4,P1,2024-01-18T03:53:59Z,2024-02-21T16:17:08Z,---,unspecified,Intermittent browser/components/aboutwelcome/tests/browser/browser_aboutwelcome_multistage_languageSwitcher.js | single tracking bug
1875267,Firefox,Search,RESOLVED,FIXED,N/A,P3,2024-01-18T13:02:43Z,2024-01-23T05:47:50Z,124 Branch,unspecified,Move browser_ContentSearch.js into browser/components/search
1875286,Firefox,Search,RESOLVED,FIXED,--,--,2024-01-18T14:26:05Z,2024-01-19T13:45:04Z,---,Trunk,[META][QA][QA-2256] SERP Ad Telemetry for Firefox 114-118
1875287,Firefox,Search,VERIFIED,FIXED,S3,P2,2024-01-18T14:28:19Z,2024-03-12T09:33:11Z,125 Branch,Trunk,"The target"": ""non_ads_link"" is registered in the serp glean telemetry after clicking the Shopping tab from Google"
1875337,Firefox,Nimbus Desktop Client,RESOLVED,FIXED,--,--,2024-01-18T18:12:43Z,2024-01-23T05:48:02Z,124 Branch,unspecified,Prevent new isEarlyStartup features from being added
1875357,Firefox,PDF Viewer,RESOLVED,FIXED,--,--,2024-01-18T20:36:18Z,2024-01-26T11:00:42Z,124 Branch,unspecified,Highlight drop down in-content needs carot to point up to indicate close
1875383,Firefox,Translations,RESOLVED,FIXED,--,P3,2024-01-18T22:52:50Z,2024-01-24T09:38:02Z,124 Branch,unspecified,Refactor Translations test suite to support Select Translations more easily
1875404,Firefox,Nimbus Desktop Client,RESOLVED,FIXED,--,--,2024-01-19T02:21:03Z,2024-01-23T05:48:13Z,124 Branch,unspecified,Specify branch in setPref annotations
1875481,Firefox,Data Loss Prevention,RESOLVED,FIXED,--,--,2024-01-19T14:16:24Z,2024-04-10T09:52:18Z,126 Branch,unspecified,Add content analysis support for printing operations
1875483,Firefox,Search,RESOLVED,FIXED,N/A,P2,2024-01-19T14:36:22Z,2024-01-23T22:05:39Z,124 Branch,unspecified,Remove locale and limit app version to major version number in the categorization event
1875486,Firefox,Screenshots,VERIFIED,FIXED,S3,P1,2024-01-19T14:42:29Z,2024-01-29T21:43:01Z,124 Branch,Trunk,Save buttons are not dismissed on click selection on the about:crashes page
1875509,Firefox,Translations,RESOLVED,FIXED,--,--,2024-01-19T16:59:12Z,2024-01-23T05:48:37Z,124 Branch,unspecified,"TypeError: can't access property ""kiosk"" in Android"
1875510,Firefox,Nimbus Desktop Client,RESOLVED,FIXED,S3,P1,2024-01-19T17:03:54Z,2024-01-24T09:38:07Z,124 Branch,unspecified,"Implement Nimbus ""is_ready"" event and feature"
1875533,Firefox,Address Bar,RESOLVED,FIXED,S3,P2,2024-01-19T20:49:29Z,2024-01-26T09:56:47Z,124 Branch,unspecified,Exposure event: Hidden exposures are overcounted
1875542,Firefox,Translations,RESOLVED,FIXED,--,--,2024-01-19T21:44:38Z,2024-01-23T05:48:41Z,124 Branch,unspecified,Bergamot builds should not use wormhole
1875551,Firefox,Tabbed Browser,RESOLVED,FIXED,N/A,--,2024-01-19T22:24:43Z,2024-01-25T15:15:01Z,---,Firefox 124,Tab card preview listeners should only be active while preview is shown
1875553,Firefox,Tabbed Browser,VERIFIED,FIXED,S3,P2,2024-01-19T22:32:55Z,2024-04-26T16:03:29Z,---,unspecified,Tab card preview should not show in non-active windows
1875554,Firefox,Shell Integration,RESOLVED,FIXED,--,--,2024-01-19T22:40:26Z,2024-01-23T16:45:30Z,124 Branch,unspecified,Perma [Tier-2] MinGW /builds/worker/checkouts/gecko/browser/components/shell/nsWindowsShellService.cpp:1572:24: error: use of undeclared identifier 'PKEY_Link_Arguments'
1875587,Firefox,Firefox View,RESOLVED,FIXED,N/A,P1,2024-01-20T01:22:39Z,2024-01-23T05:48:45Z,124 Branch,unspecified,The onToggleContainer function in firefoxview/helpers.mjs is no longer used
1875654,Firefox,Search,VERIFIED,FIXED,S3,P3,2024-01-20T22:05:28Z,2024-01-23T22:05:57Z,124 Branch,Firefox 123,Impossible to leave search bar with shift+tab
1875678,Firefox,Sync,RESOLVED,FIXED,S3,P2,2024-01-21T13:05:41Z,2024-02-07T16:25:29Z,124 Branch,Firefox 123,firefox with sync prefs.js is ansi instead utf-8
1875772,Firefox,Address Bar,RESOLVED,FIXED,N/A,P3,2024-01-22T10:26:18Z,2024-01-23T22:06:11Z,124 Branch,unspecified,UrlbarProviderInputHistory should set isBlockable to true/false rather than true/undefined
1875831,Firefox,Tabbed Browser,VERIFIED,FIXED,S2,--,2024-01-22T15:02:38Z,2024-03-23T09:35:43Z,125 Branch,unspecified,Tab hover card changes window order
1875852,Firefox,Search,RESOLVED,FIXED,--,--,2024-01-22T16:23:59Z,2024-01-23T05:49:06Z,124 Branch,unspecified,Missing clickURL in search config overrides v2 schema
1875864,Firefox,Messaging System,RESOLVED,FIXED,S3,P1,2024-01-22T17:07:13Z,2024-03-11T19:02:03Z,---,unspecified,"[SPIKE] Add ""Other"" write-in field in about:welcome survey template"
1875898,Firefox,Messaging System,RESOLVED,FIXED,S3,P1,2024-01-22T19:29:05Z,2024-02-28T15:27:39Z,---,unspecified,[Experiment] Configure and Launch New Profile Survey: New vs. Existing vs. Returning (All locales)
1875945,Firefox,Search,RESOLVED,FIXED,N/A,P2,2024-01-22T23:21:06Z,2024-01-23T22:06:18Z,124 Branch,unspecified,Reset categorization event scheduler in relevant tests if feature gate is enabled
1875952,Firefox,Address Bar,RESOLVED,FIXED,--,--,2024-01-23T00:12:38Z,2024-01-24T09:38:28Z,124 Branch,unspecified,Make RemoteSettings devtools environment available in the Suggest Rust backend
1875955,Firefox,Search,RESOLVED,FIXED,N/A,P2,2024-01-23T00:34:24Z,2024-01-26T03:59:18Z,124 Branch,unspecified,"Support the ""optional"" search engine configuration flag"
1875957,Firefox,Settings UI,RESOLVED,FIXED,S3,P1,2024-01-23T00:43:44Z,2024-03-08T04:48:38Z,125 Branch,unspecified,Modify web appearance warning to use moz-message-bar
1875958,Firefox,Messaging System,RESOLVED,FIXED,--,P1,2024-01-23T00:52:22Z,2024-02-12T17:42:57Z,---,unspecified,Add an option to randomize MultiSelect items (microsurvey answers) to avoid first-choice bias
1875960,Firefox,Remote Settings Client,RESOLVED,FIXED,--,--,2024-01-23T00:57:44Z,2024-04-09T16:03:42Z,126 Branch,unspecified,mobile doesn't use most files installed in defaults/settings
1875963,Firefox,Address Bar,RESOLVED,FIXED,N/A,P1,2024-01-23T01:45:39Z,2024-03-25T17:23:49Z,---,unspecified,[meta] Implement Yelp Suggestions
1875966,Firefox,Address Bar,RESOLVED,FIXED,--,--,2024-01-23T01:53:18Z,2024-01-24T09:38:32Z,124 Branch,unspecified,Add Yelp-modifiers data for test
1876020,Firefox,Address Bar,VERIFIED,FIXED,S2,P1,2024-01-23T10:43:21Z,2024-01-24T21:19:13Z,124 Branch,Trunk,Top pick alignment is broken
1876039,Firefox,Search,RESOLVED,FIXED,--,--,2024-01-23T13:05:29Z,2024-01-23T22:06:40Z,124 Branch,unspecified,Remove cbhStudyUs and cbhStudyRow variables from Nimbus search feature
1876096,Firefox,PDF Viewer,VERIFIED,FIXED,--,P1,2024-01-23T16:07:14Z,2024-01-26T11:01:38Z,124 Branch,unspecified,Add the possibility to change a free highlight thickness
1876099,Firefox,Translations,RESOLVED,FIXED,--,P3,2024-01-23T16:14:02Z,2026-05-01T15:05:21Z,---,unspecified,"Audit and fix any issues around translating bidirectional language pairs (RTL to LTR, or LTR to RTL)"
1876104,Firefox,New Tab Page,RESOLVED,FIXED,--,--,2024-01-23T16:45:11Z,2024-02-02T09:48:34Z,124 Branch,unspecified,Convert non-ASRouter JSMs under browser/components/newtab into ESMs
1876108,Firefox,Firefox View,RESOLVED,FIXED,--,P3,2024-01-23T17:12:22Z,2026-03-25T16:27:56Z,151 Branch,unspecified,Add hairline separators between synced tabs device lists on the Recent Browsing page in Fx View
1876109,Firefox,Firefox View,RESOLVED,FIXED,--,P3,2024-01-23T17:17:01Z,2026-03-31T21:11:34Z,151 Branch,unspecified,Update font size and weight for synced tabs device name headers in Firefox View
1876146,Firefox,Address Bar,RESOLVED,FIXED,S4,P3,2024-01-23T20:26:49Z,2024-01-25T09:51:44Z,124 Branch,unspecified,Remove the fail-if notation for `browser_acknowledgeFeedbackAndDismissal.js` that is passing a11y_checks
1876159,Firefox,New Tab Page,RESOLVED,FIXED,--,--,2024-01-23T21:15:39Z,2024-01-26T09:57:08Z,124 Branch,unspecified,A bug has been identified in the instrumentation for 1862493
1876165,Firefox,Firefox View,RESOLVED,FIXED,--,P1,2024-01-23T22:15:43Z,2024-03-04T16:58:36Z,125 Branch,unspecified,Create BookmarkList class that internally stays up-to-date to indicate bookmarked open tabs in Fx View
1876166,Firefox,Messaging System,RESOLVED,FIXED,--,P1,2024-01-23T22:19:01Z,2024-08-07T23:38:41Z,---,unspecified,[Experiment] Launch Import - Embedded Modal - all users
1876168,Firefox,Messaging System,VERIFIED,FIXED,--,P1,2024-01-23T22:25:38Z,2024-03-21T09:41:13Z,126 Branch,unspecified,Add the ability to reverse left/right sections of split Spotlight layout
1876173,Firefox,Messaging System,VERIFIED,FIXED,--,P1,2024-01-23T22:42:06Z,2024-03-26T04:14:11Z,126 Branch,unspecified,Add the ability to disable split Spotlight RDM
1876176,Firefox,Messaging System,VERIFIED,FIXED,--,P1,2024-01-23T23:06:22Z,2024-03-22T05:14:21Z,126 Branch,unspecified,Update the embedded migration wizard to support configurations from Figma
1876178,Firefox,Search,RESOLVED,FIXED,N/A,P3,2024-01-23T23:16:20Z,2024-11-26T09:39:45Z,135 Branch,unspecified,"Add more specificity on when to record telemetry on reloaded due to a config change (search engine changed, engine-update)"
1876186,Firefox,Nimbus Desktop Client,RESOLVED,FIXED,S4,P5,2024-01-24T00:25:17Z,2024-01-26T09:57:12Z,124 Branch,unspecified,Intermittent toolkit/components/nimbus/test/unit/test_RemoteSettingsExperimentLoader_updateRecipes.js | single tracking bug
1876286,Firefox,Translations,RESOLVED,FIXED,--,P3,2024-01-24T13:32:51Z,2024-04-11T04:28:29Z,126 Branch,unspecified,Dynamically populate the dropdown menu selectors in the Secondary Translation Settings
1876342,Firefox,Shell Integration,RESOLVED,FIXED,S3,P3,2024-01-24T18:12:13Z,2024-03-14T05:17:34Z,125 Branch,unspecified,Modify Firefox to register itself as a native messaging client for Chrome for the Dual Browser extensions on Windows
1876344,Firefox,Shell Integration,RESOLVED,FIXED,S3,P3,2024-01-24T18:18:42Z,2024-03-14T05:17:38Z,125 Branch,unspecified,Modify Firefox to register itself as a native messaging client for Chrome for the Dual Browser extensions on Mac
1876381,Firefox,Address Bar,RESOLVED,FIXED,N/A,P3,2024-01-24T20:48:11Z,2024-01-26T09:57:23Z,124 Branch,unspecified,Rename `TestProvider._results` to `.results`
1876406,Firefox,Translations,RESOLVED,FIXED,--,--,2024-01-24T22:41:07Z,2024-01-30T21:51:01Z,124 Branch,unspecified,Enable matrix multiplication optimizations in Release
1876409,Firefox,Messaging System,RESOLVED,FIXED,--,P1,2024-01-24T22:54:07Z,2024-04-01T16:56:40Z,---,unspecified,spike making Skylight CTR data into the web app
1876410,Firefox,Search,RESOLVED,FIXED,N/A,P3,2024-01-24T22:57:23Z,2024-01-30T04:54:22Z,124 Branch,unspecified,Separate old engine selector tests from the new engine selector tests in `toolkit/components/search/tests/xpcshell/`
1876421,Firefox,Address Bar,RESOLVED,FIXED,S4,P2,2024-01-24T23:55:40Z,2024-02-03T09:27:44Z,124 Branch,unspecified,"Perma [tier 2] browser/components/urlbar/tests/browser/browser_acknowledgeFeedbackAndDismissal.js | Interactive elements must be labeled: id: , tagName: menuitem, className: urlbarView-result-menuitem -"
1876493,Firefox,Tabbed Browser,VERIFIED,FIXED,S3,--,2024-01-25T10:45:23Z,2024-03-19T14:41:38Z,---,Firefox 124,Moving the cursor on different elements from the tab after the preview is displayed makes the preview to disappear and reappear
1876508,Firefox,PDF Viewer,RESOLVED,FIXED,--,P1,2024-01-25T11:57:20Z,2024-01-26T03:59:40Z,124 Branch,unspecified,Update PDF.js to new version bf9236009521621891d73dd77acc68215cb2cadb from 2024-01-25 09:07:48
1876513,Firefox,Address Bar,VERIFIED,FIXED,N/A,P2,2024-01-25T12:21:56Z,2024-06-20T16:13:11Z,129 Branch,unspecified,Address bar should not prefix schemeless URI that will be handled by schemeless HTTPS-First
1876518,Firefox,Bookmarks & History,VERIFIED,FIXED,S3,P2,2024-01-25T12:47:32Z,2024-02-01T05:33:18Z,124 Branch,unspecified,Only the icons are displayed for Options inside the Open a new container Tab context menu option inside the Library and the Sidebar
1876522,Firefox,Tabbed Browser,VERIFIED,FIXED,S3,--,2024-01-25T13:14:43Z,2024-03-19T09:40:55Z,126 Branch,Firefox 124,Tab preview delay is also applied when hovering between tabs
1876547,Firefox,General,RESOLVED,FIXED,--,--,2024-01-25T15:10:20Z,2024-01-26T03:59:47Z,124 Branch,unspecified,browser_parsable_css.js fails because of new lines inside var(...)
1876555,Firefox,Enterprise Policies,RESOLVED,FIXED,S3,P3,2024-01-25T15:23:08Z,2024-03-28T21:38:27Z,126 Branch,unspecified,Locking Proxy doesn't do anything unless you also set a value in the policy
1876556,Firefox,Address Bar,RESOLVED,FIXED,N/A,P1,2024-01-25T15:24:06Z,2024-01-30T04:54:35Z,124 Branch,unspecified,Change urlbar engagement telemetry to disabled: false
1876558,Firefox,Tabbed Browser,VERIFIED,FIXED,S3,P2,2024-01-25T15:47:27Z,2024-07-18T04:04:41Z,130 Branch,Firefox 124,Tab preview still displayed when focusing the URL bar using keyboard shortcut covering the search entry
1876559,Firefox,General,RESOLVED,FIXED,S3,P3,2024-01-25T15:52:47Z,2024-01-31T05:13:37Z,124 Branch,unspecified,Set up triage owner rotations for Fx and Toolkit General components
1876564,Firefox,PDF Viewer,RESOLVED,FIXED,--,--,2024-01-25T16:18:00Z,2024-02-02T16:25:32Z,124 Branch,unspecified,Change the icon to add a FreeText annotation to a pdf
1876582,Firefox,Tabbed Browser,RESOLVED,FIXED,N/A,P2,2024-01-25T17:45:42Z,2024-07-11T19:26:03Z,---,unspecified,A11y engineering review for Tab Hover Preview
1876588,Firefox,PDF Viewer,VERIFIED,FIXED,--,--,2024-01-25T18:16:37Z,2024-02-02T16:25:55Z,124 Branch,unspecified,Change the cursors used to highlight
1876599,Firefox,Messaging System,RESOLVED,FIXED,N/A,P2,2024-01-25T19:14:37Z,2024-06-20T16:58:09Z,---,unspecified,Implement CTR rates in Skylight message dashboard
1876600,Firefox,Messaging System,RESOLVED,FIXED,N/A,P1,2024-01-25T19:17:42Z,2024-02-05T21:51:47Z,---,unspecified,"Add jest / React Testing Library to Skylight, write first test"
1876602,Firefox,Messaging System,RESOLVED,FIXED,N/A,P1,2024-01-25T19:24:51Z,2024-02-03T01:20:22Z,---,unspecified,Implement experiment display in Skylight
1876604,Firefox,Tabbed Browser,RESOLVED,FIXED,--,--,2024-01-25T19:42:06Z,2024-02-07T21:55:40Z,124 Branch,unspecified,"""document.visibilityState"" of the formerly active tab is not set to ""hidden"" after creating or switching between tabs"
1876725,Firefox,Shell Integration,RESOLVED,FIXED,--,--,2024-01-26T12:46:24Z,2024-01-26T12:47:03Z,---,unspecified,Prototype to use existing image caches as primary source for favicons
1876743,Firefox,Address Bar,RESOLVED,FIXED,N/A,P3,2024-01-26T13:56:25Z,2024-02-07T21:55:44Z,124 Branch,unspecified,Enable cross-container Tab Search in Nightly
1876759,Firefox,Address Bar,VERIFIED,FIXED,--,--,2024-01-26T15:18:18Z,2024-01-27T09:26:31Z,124 Branch,unspecified,"Add proper voice over for ""Switch To Tab across containers"" chiclet"
1876779,Firefox,Screenshots,VERIFIED,FIXED,S3,P1,2024-01-26T16:30:21Z,2024-01-31T05:13:56Z,124 Branch,unspecified,last screenshot method is not remembered
1876801,Firefox,Messaging System,VERIFIED,FIXED,--,P3,2024-01-26T17:51:36Z,2024-01-27T09:26:34Z,124 Branch,unspecified,Restore AdditionalCTA link styles
1876862,Firefox,Firefox View,RESOLVED,FIXED,S4,P5,2024-01-26T22:33:03Z,2024-03-05T09:53:48Z,125 Branch,unspecified,"Intermittent [TV] browser/components/firefoxview/tests/browser/browser_history_firefoxview.js | This test exceeded the timeout threshold. It should be rewritten or split up. If that's not possible, use requestLongerTimeout(N), but only as a last resort. -"
1876934,Firefox,Headless,RESOLVED,FIXED,--,--,2024-01-27T22:24:24Z,2024-01-30T04:54:54Z,124 Branch,unspecified,Run widget/headless/tests/test_headless.js with e10s enabled
1876957,Firefox,Bookmarks & History,VERIFIED,FIXED,--,--,2024-01-28T06:15:46Z,2024-02-15T03:56:00Z,124 Branch,Firefox 122,Bookmark tasks freeze after mass deletion of bookmarks from manager
1876972,Firefox,Settings UI,RESOLVED,FIXED,S3,P3,2024-01-28T08:23:59Z,2024-02-01T05:33:30Z,124 Branch,Firefox 124,"""@"" based LTR/latin search engine keywords in settings don't display correctly in RTL locales (""@"" appears in the wrong place)"
1877029,Firefox,New Tab Page,RESOLVED,FIXED,--,--,2024-01-28T22:59:54Z,2024-01-30T04:55:09Z,124 Branch,unspecified,"Update mots to reflect new ownerships and peers (New Tab Page, Onboarding, In-product Messaging)"
1877120,Firefox,Firefox View,VERIFIED,FIXED,S3,P2,2024-01-29T09:46:22Z,2024-04-17T04:11:57Z,127 Branch,Firefox 123,Firefox View websites lists are sometimes not rendered after page refreshes
1877160,Firefox,Messaging System,VERIFIED,FIXED,S3,--,2024-01-29T12:35:53Z,2024-02-05T17:51:27Z,---,Trunk,The Old version of the Review Checker Callout 2 is displayed after 5 days have passed and the Opted-in user reached a product details page
1877175,Firefox,Shell Integration,RESOLVED,FIXED,--,P3,2024-01-29T13:32:10Z,2024-10-15T11:41:52Z,---,unspecified,"[META][QA][QA-2263] Feature configuration testing for ""mailto"""
1877181,Firefox,Search,RESOLVED,FIXED,N/A,P2,2024-01-29T13:41:11Z,2024-02-01T05:33:39Z,124 Branch,unspecified,Add an explicit lazy getter for accessing the allowlist in SearchService
1877196,Firefox,Messaging System,RESOLVED,FIXED,--,P2,2024-01-29T14:41:00Z,2024-02-06T03:08:20Z,124 Branch,unspecified,Move more ASRouter modules to browser/components/asrouter
1877197,Firefox,New Tab Page,RESOLVED,FIXED,--,--,2024-01-29T14:41:45Z,2024-02-03T09:28:07Z,124 Branch,unspecified,newtab telemetry bug - not setting tile position.
1877202,Firefox,Messaging System,RESOLVED,FIXED,--,P2,2024-01-29T15:10:06Z,2024-02-02T09:48:39Z,124 Branch,unspecified,Consider moving ModalOverlay back into browser/components/newtab
1877207,Firefox,Messaging System,RESOLVED,FIXED,--,P2,2024-01-29T15:17:21Z,2024-02-27T22:50:48Z,---,unspecified,Further reduce coupling of modules between aboutwelcome and asrouter
1877210,Firefox,Messaging System,RESOLVED,FIXED,--,P2,2024-01-29T15:22:44Z,2024-03-09T09:01:49Z,125 Branch,unspecified,"Remove ImpressionsWrapper, ConditionalWrapper and template-utils"
1877212,Firefox,Messaging System,RESOLVED,FIXED,--,P2,2024-01-29T15:32:30Z,2024-03-09T03:34:42Z,125 Branch,unspecified,Move test_AboutWelcome* tests from newtab to aboutwelcome
1877267,Firefox,Messaging System,RESOLVED,FIXED,--,P1,2024-01-29T19:33:51Z,2024-02-21T16:14:21Z,---,unspecified,"[Experiment] Configure and Launch New Profile Survey: Usage Context such as Work, School, or Personal"
1877271,Firefox,Messaging System,RESOLVED,FIXED,--,P1,2024-01-29T20:06:14Z,2024-03-15T17:15:25Z,---,unspecified,[Experiment] Build Review Checker Microsurvey 2
1877295,Firefox,Messaging System,RESOLVED,FIXED,--,P1,2024-01-29T21:33:06Z,2024-03-16T09:27:25Z,125 Branch,unspecified,Investigate option to return to first-run onboarding at a later time
1877298,Firefox,Theme,RESOLVED,FIXED,N/A,P1,2024-01-29T21:53:15Z,2024-03-26T04:14:15Z,126 Branch,unspecified,"Create reusable token for colors used in the tab ""attention"" radial gradient"
1877302,Firefox,Disability Access,RESOLVED,FIXED,S4,--,2024-01-29T22:12:36Z,2024-02-22T09:24:10Z,125 Branch,unspecified,Update a11y review documentation to reference assigned value
1877315,Firefox,Messaging System,RESOLVED,FIXED,--,P1,2024-01-29T23:12:20Z,2026-07-30T20:33:52Z,155 Branch,unspecified,Intermittent TV browser/components/privatebrowsing/test/browser/browser_privatebrowsing_about_focus_promo.js | single tracking bug
1877426,Firefox,PDF Viewer,VERIFIED,FIXED,S2,P1,2024-01-30T12:08:23Z,2024-02-15T19:03:15Z,124 Branch,unspecified,Support highlighting text using the keyboard
1877459,Firefox,Messaging System,RESOLVED,FIXED,S3,P1,2024-01-30T15:17:50Z,2024-02-01T17:08:03Z,---,unspecified,[SPIKE] Investigate about:welcome survey template legal additions
1877465,Firefox,New Tab Page,RESOLVED,FIXED,--,--,2024-01-30T15:56:58Z,2024-03-02T21:58:22Z,125 Branch,unspecified,Home and Newtab for topsites add back create topsite button
1877467,Firefox,General,RESOLVED,FIXED,S3,P3,2024-01-30T16:05:24Z,2024-04-26T16:27:14Z,127 Branch,unspecified,Refresh Firefox General triage rotation before it runs out
1877494,Firefox,Search,RESOLVED,FIXED,N/A,P3,2024-01-30T17:41:27Z,2024-04-16T03:50:55Z,127 Branch,unspecified,Collect telemetry on Google account signed-in status
1877497,Firefox,Shell Integration,RESOLVED,FIXED,S3,P3,2024-01-30T17:48:45Z,2024-04-24T10:22:06Z,---,unspecified,"Automatically add the webmailer to the list of known web mailers when registerProtocolHandler(""mailto"", ""site"") is called."
1877498,Firefox,Shell Integration,RESOLVED,FIXED,S3,P3,2024-01-30T17:50:24Z,2024-04-24T10:23:22Z,---,unspecified,"Ensure that “Not now” infobar option remembers this site-specific decision when registerProtocolHandler(""mailto"", ""site"") is called"
1877499,Firefox,Shell Integration,RESOLVED,FIXED,S3,P3,2024-01-30T17:51:13Z,2024-04-24T10:24:02Z,---,unspecified,Modify the “Set as default” mailto button to set the current site as default within Firefox AND Firefox as OS default handler for mailto.
1877500,Firefox,Shell Integration,RESOLVED,FIXED,S3,P3,2024-01-30T17:52:12Z,2024-03-12T09:33:18Z,125 Branch,unspecified,Replace the currently existing two infobar default mail-to handler approach with one Infobar with correct button colors
1877507,Firefox,Messaging System,RESOLVED,FIXED,--,P1,2024-01-30T18:39:48Z,2024-02-26T17:43:09Z,---,unspecified,[Experiment] Launch the FxA toolbarbutton visibility pt 3 experiment
1877512,Firefox,Messaging System,RESOLVED,FIXED,S3,P2,2024-01-30T18:58:04Z,2024-05-03T22:02:13Z,127 Branch,unspecified,Make the feature callout dismiss button transparent
1877536,Firefox,Address Bar,RESOLVED,FIXED,N/A,P1,2024-01-30T20:27:21Z,2024-02-07T23:31:33Z,---,Firefox 124,Update RemoteSettingsConfig call for new parameter order
1877538,Firefox,Firefox View,RESOLVED,FIXED,S4,P5,2024-01-30T20:36:56Z,2024-02-01T13:50:15Z,---,unspecified,"Perma [tier 2] browser/components/firefoxview/tests/browser/browser_opentabs_tab_indicators.js | Node is not focusable via the accessibility API: id: fxview-tab-row-media-button, tagName: BUTTON, className: fxview-tab-row-button"
1877545,Firefox,General,RESOLVED,FIXED,N/A,P1,2024-01-30T21:10:14Z,2024-03-06T04:45:57Z,125 Branch,unspecified,Add a probe to count how many times --first-startup is passed in when there's an existing user profile
1877548,Firefox,Sync,RESOLVED,FIXED,S3,P2,2024-01-30T21:26:49Z,2024-02-21T20:55:55Z,---,unspecified,Decline in sync success rates for tabs and clients engines on Beta
1877557,Firefox,Messaging System,VERIFIED,FIXED,S3,P1,2024-01-30T22:05:30Z,2024-03-02T21:58:28Z,125 Branch,unspecified,Update configuration so above_button_content renders below MultiSelect/Tiles and before action buttons
1877593,Firefox,Search,RESOLVED,FIXED,N/A,P3,2024-01-31T01:03:00Z,2024-02-01T05:34:15Z,124 Branch,unspecified,Add search-config-v2.json to simple-engines directory to fix broken tests
1877594,Firefox,Firefox View,RESOLVED,FIXED,S4,P2,2024-01-31T01:16:27Z,2024-03-08T14:48:38Z,---,unspecified,Perma browser/components/firefoxview/tests/browser/browser_history_firefoxview.js | Uncaught exception in test bound test_list_ordering - undefined - timed out after 50 tries.
1877595,Firefox,Address Bar,RESOLVED,FIXED,N/A,P1,2024-01-31T01:19:29Z,2024-02-08T09:57:40Z,124 Branch,unspecified,Update the MDN suggestions implementation to account for Rust
1877602,Firefox,Settings UI,RESOLVED,FIXED,S4,P3,2024-01-31T02:54:59Z,2024-02-02T04:46:24Z,124 Branch,unspecified,Update the test cases in Customizable UI that are clicking on unlabeled toolbarbuttons
1877603,Firefox,Settings UI,RESOLVED,FIXED,S4,P3,2024-01-31T03:11:30Z,2024-02-02T04:46:29Z,124 Branch,unspecified,Add an exception from a11y_checks for a click on a disabled control in a Customizable UI test
1877631,Firefox,Nimbus Desktop Client,RESOLVED,FIXED,S3,P3,2024-01-31T07:59:57Z,2024-02-06T03:08:31Z,124 Branch,unspecified,Show branch slug for experiments in about:studies
1877677,Firefox,Firefox View,RESOLVED,FIXED,S4,P5,2024-01-31T12:18:14Z,2024-02-02T04:46:35Z,124 Branch,unspecified,Intermittent browser/components/firefoxview/tests/browser/browser_opentabs_tab_indicators.js | single tracking bug
1877678,Firefox,Firefox View,RESOLVED,FIXED,--,--,2024-01-31T12:22:04Z,2024-03-19T19:00:27Z,126 Branch,unspecified,Intermittent browser/components/firefoxview/tests/browser/browser_opentabs_cards.js | single tracking bug
1877695,Firefox,Enterprise Policies,RESOLVED,FIXED,N/A,P3,2024-01-31T13:17:36Z,2025-06-11T18:43:27Z,141 Branch,unspecified,Add support for explicitly setting strict tracking protection
1877721,Firefox,Search,RESOLVED,FIXED,N/A,P3,2024-01-31T14:33:47Z,2025-09-26T20:50:33Z,145 Branch,unspecified,Remove nsISearchEngine.identifier
1877735,Firefox,Private Browsing,RESOLVED,FIXED,S4,P3,2024-01-31T15:08:21Z,2026-08-29T06:49:29Z,---,Trunk,The End Private Session button is not restored after restoring defaults while the normal browsing window is opened and the browser was not restarted
1877758,Firefox,Search,RESOLVED,FIXED,S4,P5,2024-01-31T16:10:52Z,2024-02-01T05:34:32Z,124 Branch,unspecified,Intermittent TV browser/components/search/test/browser/telemetry/browser_search_telemetry_spa_multi_tab.js | single tracking bug
1877786,Firefox,Firefox View,RESOLVED,FIXED,--,P3,2024-01-31T18:17:25Z,2024-03-09T03:34:53Z,125 Branch,unspecified,Create test for keyboard navigation with muted/soundplaying tabs in Firefox View
1877788,Firefox,Messaging System,RESOLVED,FIXED,--,P1,2024-01-31T18:19:07Z,2024-03-09T03:34:57Z,125 Branch,unspecified,Record reach for all messaging experiment features
1877789,Firefox,PDF Viewer,RESOLVED,FIXED,--,--,2024-01-31T18:20:59Z,2024-02-02T04:46:50Z,124 Branch,unspecified,Update PDF.js to new version eb5c1d441ab03c88d7031d6d04f8441f983b8307 from 2024-01-31 21:12:52
1877837,Firefox,Tabbed Browser,VERIFIED,FIXED,N/A,P1,2024-01-31T21:32:04Z,2024-06-17T09:11:56Z,---,unspecified,Change the tab hover card previews POV to show the right side of the page based on the document directionality
1877838,Firefox,Tabbed Browser,VERIFIED,FIXED,--,--,2024-01-31T21:34:14Z,2024-05-24T04:15:33Z,128 Branch,unspecified,"The ""about:"" text is omitted from about: pages in the tab preview cards"
1877883,Firefox,Enterprise Policies,RESOLVED,FIXED,--,--,2024-02-01T01:34:40Z,2024-02-07T04:20:03Z,124 Branch,unspecified,"Some enterprise policy notices refer to ""your administrator"" and others refer to ""your organization"""
1877920,Firefox,Address Bar,RESOLVED,FIXED,N/A,P1,2024-02-01T06:50:44Z,2024-02-07T16:25:45Z,124 Branch,unspecified,Add a Nimbus variable to show Yelp suggestions as a top pick
1877995,Firefox,Messaging System,VERIFIED,FIXED,S3,P3,2024-02-01T13:36:16Z,2024-02-14T05:00:01Z,124 Branch,Trunk,Unable to navigate with NVDA using Down arrow from the X Close button of the Review Checker Callouts v1.1
1878033,Firefox,Messaging System,RESOLVED,FIXED,--,--,2024-02-01T15:04:04Z,2024-04-26T12:35:30Z,---,unspecified,[META] [QA] [QA-2279] Review Checker Callouts v1.1 Experiment
1878036,Firefox,Messaging System,VERIFIED,FIXED,S3,P1,2024-02-01T15:14:19Z,2024-02-06T03:08:35Z,124 Branch,Trunk,[Experiment] Callout 1 is triggered after the user opts in Review Checker and then turns off the feature
1878038,Firefox,Tabbed Browser,VERIFIED,FIXED,S3,P2,2024-02-01T15:20:26Z,2024-06-20T23:07:04Z,129 Branch,Firefox 124,Missing content in the preview thumbnail if using Firefox in a wide window
1878051,Firefox,Tabbed Browser,VERIFIED,FIXED,S3,P1,2024-02-01T15:53:12Z,2024-05-25T09:44:41Z,128 Branch,Trunk,Hover effect is active while having a context menu opened
1878062,Firefox,Search,RESOLVED,FIXED,N/A,P1,2024-02-01T16:33:16Z,2024-02-07T21:55:55Z,124 Branch,unspecified,"For tracked SPAs, accurately remove listeners from the content process and content specific engagements that cause search page changes"
1878072,Firefox,Messaging System,RESOLVED,FIXED,S3,P1,2024-02-01T17:02:53Z,2024-03-08T04:48:41Z,125 Branch,unspecified,Consider increasing branch coverage in Karma to 80%
1878086,Firefox,New Tab Page,RESOLVED,FIXED,--,--,2024-02-01T17:43:51Z,2024-02-15T09:58:27Z,124 Branch,unspecified,Home and newtab phase 2 spoc treatment
1878121,Firefox,Screenshots,VERIFIED,FIXED,S3,P1,2024-02-01T19:42:37Z,2024-03-21T09:41:25Z,126 Branch,unspecified,Screenshots preview face not visible in HCM
1878141,Firefox,Screenshots,VERIFIED,FIXED,--,--,2024-02-01T20:42:21Z,2024-02-07T04:20:14Z,124 Branch,unspecified,Screenshots copy button is not visibly focused
1878147,Firefox,Site Permissions,VERIFIED,FIXED,S3,P3,2024-02-01T20:53:05Z,2024-02-08T05:02:58Z,124 Branch,unspecified,Lost ability to locate tab(s) sharing camera or microphone from permission dropdown in macOS menu bar
1878190,Firefox,Address Bar,VERIFIED,FIXED,S4,P1,2024-02-02T00:02:45Z,2024-02-03T09:28:57Z,124 Branch,unspecified,The weather current conditions box isn't vertically centered anymore
1878206,Firefox,Address Bar,RESOLVED,FIXED,N/A,P1,2024-02-02T02:16:19Z,2024-02-09T09:41:57Z,124 Branch,unspecified,Fill find_loc parameter of Yelp suggestion if user does not specify the location
1878219,Firefox,Search,RESOLVED,FIXED,N/A,P2,2024-02-02T04:07:28Z,2024-02-21T04:32:19Z,125 Branch,unspecified,Move core Categorization Map into a worker
1878264,Firefox,Address Bar,RESOLVED,FIXED,N/A,P4,2024-02-02T09:33:57Z,2024-02-13T21:09:06Z,124 Branch,unspecified,Remove ext-urlbar.js once condprof profiles are regenerated
1878277,Firefox,Search,VERIFIED,FIXED,S3,P2,2024-02-02T10:51:07Z,2024-02-07T21:55:59Z,124 Branch,Trunk,Prior search settings are not kept when using amazon.es or amazon.se as default search engine
1878279,Firefox,Settings UI,RESOLVED,FIXED,S3,--,2024-02-02T10:52:34Z,2024-02-07T09:43:26Z,124 Branch,Firefox 124,‘Show trending search suggestions’ is greyed out with Bing’s Trending Predictions(RS Stage)
1878281,Firefox,New Tab Page,VERIFIED,FIXED,--,--,2024-02-02T11:03:17Z,2024-02-10T09:46:08Z,124 Branch,Firefox 122,"China repack (CN) new tab extension fails with ""Oops, something went wrong loading this content."""
1878310,Firefox,Sync,RESOLVED,FIXED,--,--,2024-02-02T14:27:39Z,2024-02-07T09:43:29Z,124 Branch,unspecified,"Synced tabs menu should hide remote ""inactive"" tabs by default"
1878327,Firefox,Messaging System,RESOLVED,FIXED,--,--,2024-02-02T15:12:57Z,2024-02-08T20:09:13Z,---,Firefox 121,"repeated ""give your browsing a boost"" recommended feature pop-up"
1878394,Firefox,Search,RESOLVED,FIXED,--,P2,2024-02-02T20:09:36Z,2024-02-03T09:29:15Z,124 Branch,unspecified,Modify inconclusive domains to only have a single category (just 'inconclusive')
1878420,Firefox,Sync,RESOLVED,FIXED,S3,P3,2024-02-02T21:43:57Z,2025-07-02T09:21:09Z,142 Branch,unspecified,Use `AbortSignal.any` and `AbortSignal.timeout` in bookmark sync
1878441,Firefox,Address Bar,RESOLVED,FIXED,N/A,P1,2024-02-03T00:46:25Z,2024-02-08T09:57:45Z,124 Branch,unspecified,Update the weather suggestions implementation to account for Rust
1878444,Firefox,Address Bar,RESOLVED,FIXED,N/A,P1,2024-02-03T00:51:39Z,2024-02-13T09:40:01Z,124 Branch,unspecified,Update quick suggest config to account for Rust
1878450,Firefox,Tabbed Browser,RESOLVED,FIXED,S3,P1,2024-02-03T02:34:03Z,2024-02-08T05:03:02Z,124 Branch,unspecified,Oversight with syncThrobberAnimations possibly trying to reduce an empty array
1878462,Firefox,Tabbed Browser,RESOLVED,FIXED,S4,P5,2024-02-03T06:09:18Z,2024-02-04T09:29:10Z,124 Branch,unspecified,"Intermittent [TV] browser/base/content/test/tabs/browser_window_open_modifiers.js | This test exceeded the timeout threshold. It should be rewritten or split up. If that's not possible, use requestLongerTimeout(N), but only as a last resort. -"
1878519,Firefox,Address Bar,RESOLVED,FIXED,S3,P1,2024-02-03T22:41:35Z,2024-02-21T04:32:24Z,125 Branch,unspecified,Prefer recent searches over trending
1878554,Firefox,Messaging System,RESOLVED,FIXED,--,P1,2024-02-04T13:14:10Z,2024-02-07T16:26:06Z,124 Branch,unspecified,Simplify the ESLint configuration for aboutwelcome/asrouter/newtab
1878556,Firefox,Messaging System,RESOLVED,FIXED,--,P1,2024-02-04T13:25:08Z,2024-02-07T16:26:12Z,124 Branch,unspecified,Move addUtmParams.js to aboutwelcome and rename aboutwelcome content js files to mjs
1878636,Firefox,Session Restore,RESOLVED,FIXED,N/A,P3,2024-02-05T12:03:51Z,2024-02-13T21:09:10Z,124 Branch,unspecified,Remove filterPrivateTabs as extensions can't create private tabs in non-private windows anymore
1878645,Firefox,Translations,RESOLVED,FIXED,--,--,2024-02-05T12:49:21Z,2024-02-06T03:09:08Z,124 Branch,unspecified,Upgrade gemmology to a version with improved aarch64
1878650,Firefox,Tabbed Browser,VERIFIED,FIXED,S3,--,2024-02-05T13:22:08Z,2024-04-04T12:10:21Z,125 Branch,Firefox 124,No borders/shadows for tab preview card on Windows and Ubuntu
1878655,Firefox,Translations,RESOLVED,FIXED,S3,--,2024-02-05T13:43:27Z,2024-07-17T14:13:38Z,---,Firefox 122,Firefox page translation not working correctly
1878695,Firefox,Translations,RESOLVED,FIXED,--,--,2024-02-05T16:25:10Z,2024-02-07T04:20:38Z,124 Branch,unspecified,Take advantage of gemmology support for avx512vnni instructions
1878700,Firefox,Data Loss Prevention,VERIFIED,FIXED,--,--,2024-02-05T16:40:13Z,2024-04-16T03:51:07Z,127 Branch,unspecified,DLP UX feedback - connection indicator
1878701,Firefox,Data Loss Prevention,RESOLVED,FIXED,--,--,2024-02-05T16:42:13Z,2024-02-22T04:43:32Z,125 Branch,unspecified,DLP UX feedback - busy dialog
1878710,Firefox,Translations,RESOLVED,FIXED,--,--,2024-02-05T17:16:26Z,2024-07-17T04:12:57Z,130 Branch,unspecified,Add translation support for all relevant HTML attributes
1878721,Firefox,Translations,RESOLVED,FIXED,--,P3,2024-02-05T17:59:51Z,2024-04-06T08:58:52Z,126 Branch,unspecified,Rework Opening the Select Translations Panel
1878727,Firefox,Address Bar,RESOLVED,FIXED,N/A,P1,2024-02-05T18:36:11Z,2024-02-14T05:00:17Z,124 Branch,unspecified,Final UX for Yelp suggestions
1878728,Firefox,Address Bar,RESOLVED,FIXED,N/A,P1,2024-02-05T18:37:45Z,2024-02-09T09:42:16Z,124 Branch,unspecified,Implement result menu for Yelp
1878731,Firefox,Messaging System,RESOLVED,FIXED,--,P1,2024-02-05T18:46:42Z,2024-02-13T05:24:20Z,124 Branch,unspecified,Convert JSMs under browser/components/asrouter into ESMs
1878746,Firefox,Firefox View,RESOLVED,FIXED,S4,P5,2024-02-05T19:53:48Z,2024-02-11T21:38:42Z,124 Branch,unspecified,"Perma a11y-checks [tier 2] browser/components/firefoxview/tests/browser/browser_firefoxview_search_telemetry.js | Node is not accessible via accessibility API: id: , tagName: BODY, className: -"
1878747,Firefox,New Tab Page,RESOLVED,FIXED,S4,P1,2024-02-05T19:54:25Z,2024-02-15T03:56:19Z,124 Branch,unspecified,Shortcut context menu outside shortcut hover area
1878770,Firefox,Messaging System,RESOLVED,FIXED,--,P2,2024-02-05T21:50:54Z,2024-02-20T16:49:54Z,---,unspecified,Get jest tests running in Github Action CI and blocking merging to main
1878771,Firefox,General,RESOLVED,FIXED,N/A,P3,2024-02-05T21:51:26Z,2024-02-28T04:35:14Z,125 Branch,unspecified,Update AccessibilityUtils to include show-all and a few image buttons on the about:config page that are removed before the l10n is completed in the label checks exceptions
1878781,Firefox,Search,VERIFIED,FIXED,S3,P3,2024-02-05T22:10:38Z,2024-12-11T10:06:05Z,135 Branch,unspecified,"When search parameters (e.g. searchTerms), are in the path of the search URL they should be encoded."
1878783,Firefox,New Tab Page,RESOLVED,FIXED,--,--,2024-02-05T22:13:17Z,2024-02-16T04:10:47Z,124 Branch,unspecified,Get rid of babel-jsm-to-commonjs rules and script
1878784,Firefox,New Tab Page,RESOLVED,FIXED,--,--,2024-02-05T22:19:17Z,2024-02-07T04:20:54Z,124 Branch,unspecified,`about:asrouter` crashes in debug builds due to bad CSP
1878808,Firefox,Sync,VERIFIED,FIXED,--,P1,2024-02-06T01:10:41Z,2024-02-09T09:42:31Z,124 Branch,unspecified,Update the FxA toolbar icon to direct to about:preferences#sync
1878814,Firefox,Address Bar,RESOLVED,FIXED,--,--,2024-02-06T02:35:24Z,2024-02-07T16:26:21Z,124 Branch,unspecified,"Show ""Sponsored"" label for Yelp suggestions"
1878818,Firefox,Search,RESOLVED,FIXED,N/A,P2,2024-02-06T03:57:53Z,2024-02-07T09:43:33Z,124 Branch,unspecified,Fix search-telemetry-v2 schema on Remote Settings
1878834,Firefox,Search,RESOLVED,FIXED,N/A,P3,2024-02-06T08:03:52Z,2024-03-26T04:14:21Z,126 Branch,unspecified,Rename search-telemetry(-ui)-schema.json to match the collection name (include -v2) and add description and UI schema test
1878920,Firefox,Tabbed Browser,VERIFIED,FIXED,S3,--,2024-02-06T16:53:38Z,2024-03-28T09:29:22Z,126 Branch,Firefox 124,Tab preview displayed when dragging a tab in the tab strip
1878925,Firefox,Tabbed Browser,RESOLVED,FIXED,S3,P2,2024-02-06T17:05:37Z,2024-07-19T13:48:47Z,---,Firefox 124,Tab preview closes when moving with the cursor between the pinned tabs and the rest of the normal tabs
1878935,Firefox,Messaging System,RESOLVED,FIXED,--,P1,2024-02-06T18:01:10Z,2024-02-28T04:35:25Z,125 Branch,unspecified,Land strings for Addons picker screen
1878950,Firefox,Disability Access,RESOLVED,FIXED,S4,P3,2024-02-06T19:28:28Z,2024-02-08T09:57:52Z,124 Branch,unspecified,HCM Media Query docs updates
1878956,Firefox,Nimbus Desktop Client,RESOLVED,FIXED,S3,P1,2024-02-06T20:31:17Z,2024-03-06T04:46:04Z,125 Branch,unspecified,typo in isearlystartup deprecation warning
1878983,Firefox,Address Bar,RESOLVED,FIXED,N/A,P2,2024-02-07T00:38:29Z,2024-02-21T21:34:57Z,125 Branch,unspecified,Remove the `urlbar.impression` event
1879022,Firefox,Sync,RESOLVED,FIXED,S3,P3,2024-02-07T09:32:57Z,2024-03-06T19:36:19Z,---,Firefox 122,NS_ERROR_CONNECTION_REFUSED errors trying to sync
1879035,Firefox,PDF Viewer,VERIFIED,FIXED,S3,P1,2024-02-07T10:53:00Z,2024-07-17T08:22:37Z,130 Branch,Trunk,Unable to Free highlight over an already Highlighted Text
1879068,Firefox,Tabbed Browser,VERIFIED,FIXED,S3,P3,2024-02-07T12:25:08Z,2024-05-31T12:16:31Z,---,unspecified,Tab preview does not close on click
1879079,Firefox,Messaging System,VERIFIED,FIXED,--,--,2024-02-07T13:12:34Z,2024-02-08T13:39:20Z,---,Trunk,[META] [QA] [QA-2273] New Profile Survey: New vs. Existing vs. Returning (All locales)
1879089,Firefox,Tabbed Browser,VERIFIED,FIXED,--,P1,2024-02-07T13:48:09Z,2024-06-05T09:33:51Z,128 Branch,unspecified,Update the tab hover preview to reflect the current state of the page
1879090,Firefox,Messaging System,VERIFIED,FIXED,S2,P1,2024-02-07T13:48:14Z,2024-02-08T12:13:23Z,---,Trunk,[Experiment] The “Survey” screen from the “about:welcome” page has layout issues on Firefox locales with long strings
1879091,Firefox,New Tab Page,RESOLVED,FIXED,--,--,2024-02-07T13:52:10Z,2024-02-07T21:56:37Z,124 Branch,unspecified,firefox-source-docs: Broken links for the newtab / messaging system (superfluous 'content-src/asrouter/' in path)
1879102,Firefox,PDF Viewer,VERIFIED,FIXED,S3,P1,2024-02-07T14:59:20Z,2024-02-15T19:04:39Z,124 Branch,unspecified,Free Highlight element is highlighted incorrectly after being selected and rotating the PDF
1879103,Firefox,Tabbed Browser,RESOLVED,FIXED,S3,P3,2024-02-07T15:00:19Z,2024-07-31T03:53:38Z,130 Branch,unspecified,Tab preview does not update while it's hovered and the tab title and content have changed
1879104,Firefox,PDF Viewer,VERIFIED,FIXED,S3,P1,2024-02-07T15:01:06Z,2024-07-17T08:23:13Z,130 Branch,Trunk,The Highlight Delete and Colors menu does not work if the submenu is on top of a different highlight
1879107,Firefox,PDF Viewer,VERIFIED,FIXED,S3,P1,2024-02-07T15:07:17Z,2024-02-15T19:04:29Z,124 Branch,Trunk,The Small and Large Thickness DOTS from the PDF Highlights tool submenu are not visible with HCM
1879108,Firefox,PDF Viewer,VERIFIED,FIXED,S3,P1,2024-02-07T15:11:39Z,2024-02-15T19:04:14Z,124 Branch,unspecified,Free Highlight element jumps across the rotated PDF when changing its thickness
1879113,Firefox,PDF Viewer,VERIFIED,FIXED,S3,P1,2024-02-07T15:36:57Z,2024-02-15T19:03:58Z,124 Branch,unspecified,Free Highlight element has its tooltip incorrectly displayed in rotated PDF
1879122,Firefox,Theme,RESOLVED,FIXED,--,--,2024-02-07T16:03:27Z,2024-02-07T21:56:44Z,124 Branch,Trunk,Add cmkm and kcochrane as Desktop Theme peers
1879126,Firefox,Search,RESOLVED,FIXED,N/A,P3,2024-02-07T16:16:15Z,2024-02-13T17:08:54Z,124 Branch,unspecified,Simplify SearchService.#loadEngines and move policy object mapping into PolicySearchEngine
1879130,Firefox,General,RESOLVED,FIXED,--,--,2024-02-07T16:19:20Z,2024-02-08T05:03:29Z,124 Branch,unspecified,"Enable Report Broken Site in the prefs by default, with ""reason"" drop-down required"
1879140,Firefox,Messaging System,RESOLVED,FIXED,N/A,P2,2024-02-07T16:40:46Z,2024-06-11T18:54:48Z,---,unspecified,fix observatory.mozilla.org issues on fxms-skylight.netlify.app
1879144,Firefox,Messaging System,RESOLVED,FIXED,--,P2,2024-02-07T16:58:03Z,2024-05-13T17:22:25Z,---,unspecified,Spike SSO implementation for Skylight
1879149,Firefox,Data Loss Prevention,RESOLVED,FIXED,--,--,2024-02-07T17:25:04Z,2024-04-16T21:44:08Z,127 Branch,unspecified,DLP UX feedback - block and warn responses
1879152,Firefox,Data Loss Prevention,VERIFIED,FIXED,--,--,2024-02-07T17:28:24Z,2024-03-08T04:48:45Z,125 Branch,unspecified,DLP UX feedback - quit dialog
1879181,Firefox,Data Loss Prevention,RESOLVED,FIXED,--,--,2024-02-07T20:19:42Z,2024-03-12T09:33:26Z,125 Branch,unspecified,Add enable and disable URL lists for DLP
1879182,Firefox,Data Loss Prevention,RESOLVED,FIXED,--,--,2024-02-07T20:21:41Z,2024-02-15T03:56:29Z,124 Branch,unspecified,Add preference for default allow or deny for DLP
1879191,Firefox,Search,RESOLVED,FIXED,N/A,P2,2024-02-07T20:54:17Z,2024-02-28T04:35:34Z,125 Branch,unspecified,Update AccessibilityUtils to include XUL:buttons that are removed before the l10n is completed in the label checks exceptions
1879211,Firefox,Toolbars and Customization,RESOLVED,FIXED,S3,P1,2024-02-07T23:03:34Z,2024-02-14T05:00:21Z,124 Branch,unspecified,Move the strings for the PXI toolbar to be out of preview
1879220,Firefox,Messaging System,RESOLVED,FIXED,N/A,P1,2024-02-07T23:58:44Z,2024-02-09T09:42:46Z,124 Branch,unspecified,Adjust feature callout surface to handle panel surveys
1879222,Firefox,Address Bar,RESOLVED,FIXED,S4,P5,2024-02-08T00:10:07Z,2026-04-01T09:46:38Z,151 Branch,unspecified,Frequent browser/components/urlbar/tests/browser/browser_locationBarCommand.js | single tracking bug
1879223,Firefox,PDF Viewer,RESOLVED,FIXED,--,--,2024-02-08T00:13:08Z,2024-02-09T09:42:52Z,124 Branch,unspecified,Update PDF.js to new version 60fd9d583df2376cc4f3899febc7a64851477932 from 2024-02-07 09:16:52
1879226,Firefox,Address Bar,RESOLVED,FIXED,S4,P5,2024-02-08T00:32:40Z,2024-07-22T09:29:47Z,130 Branch,unspecified,Intermittent browser/components/urlbar/tests/quicksuggest/unit/test_rust_ingest.js | single tracking bug
1879232,Firefox,Address Bar,RESOLVED,FIXED,N/A,P1,2024-02-08T01:12:18Z,2024-02-09T09:42:57Z,124 Branch,unspecified,Add Rust Yelp and MDN suggestions to Glean docs (metrics.yaml)
1879270,Firefox,Tabbed Browser,RESOLVED,FIXED,S4,P3,2024-02-08T08:50:46Z,2024-07-17T10:16:03Z,---,Firefox 124,Tab Hover Preview is blank for locally saved PDFs
1879278,Firefox,Search,RESOLVED,FIXED,S3,P3,2024-02-08T09:41:40Z,2024-02-10T09:46:36Z,124 Branch,unspecified,Could not load engine bing@search.mozilla.org: Error: Search terms missing from engine URL
1879281,Firefox,PDF Viewer,VERIFIED,FIXED,S3,P1,2024-02-08T09:50:54Z,2024-02-15T19:03:34Z,124 Branch,Trunk,Free Highlighting in PDF will lag behind the mouse cursor
1879313,Firefox,Tabbed Browser,VERIFIED,FIXED,S3,P2,2024-02-08T12:59:05Z,2024-06-18T07:13:53Z,---,Firefox 124,Inconsistent Tab Hover Previews after restarting Firefox or restoring previous session
1879326,Firefox,Tabbed Browser,VERIFIED,FIXED,S4,P3,2024-02-08T14:09:03Z,2024-05-30T09:13:25Z,---,Firefox 124,Ellipsis is missing from the tab hover preview for tabs with long titles
1879341,Firefox,Search,RESOLVED,FIXED,N/A,P2,2024-02-08T15:28:16Z,2024-02-27T10:15:36Z,125 Branch,unspecified,Add more functionality to topdown searches by parent
1879345,Firefox,Tabbed Browser,VERIFIED,FIXED,S4,--,2024-02-08T15:52:50Z,2024-04-23T06:21:48Z,125 Branch,Firefox 124,The full URL and parameters are displayed in the tab hover preview instead of just the main domain
1879368,Firefox,Search,RESOLVED,FIXED,N/A,P2,2024-02-08T18:26:50Z,2024-02-13T17:09:26Z,124 Branch,unspecified,Move exception throwing into SearchService.#addEngineToStore
1879386,Firefox,Theme,VERIFIED,FIXED,S3,P3,2024-02-08T19:35:34Z,2024-02-13T05:24:28Z,124 Branch,unspecified,Checkboxes and radio buttons do not respect SelectedText color in Windows 10 dark HCM
1879390,Firefox,Messaging System,RESOLVED,FIXED,S3,P1,2024-02-08T20:01:57Z,2024-02-14T05:00:28Z,124 Branch,unspecified,Add screen ID to fox doodle message
1879394,Firefox,Address Bar,RESOLVED,FIXED,N/A,P1,2024-02-08T20:20:41Z,2024-02-09T21:50:46Z,124 Branch,unspecified,Yelp result menu should show the Feedback label
1879397,Firefox,Address Bar,RESOLVED,FIXED,N/A,P1,2024-02-08T20:39:40Z,2024-02-09T09:43:12Z,124 Branch,unspecified,"Yelp top picks should have a ""Local recommendations"" group label"
1879404,Firefox,Search,RESOLVED,FIXED,S3,P2,2024-02-08T21:09:30Z,2024-02-14T05:00:32Z,124 Branch,unspecified,A search submit event is cached even if the user doesn't submit a new search
1879415,Firefox,Translations,VERIFIED,FIXED,S3,P3,2024-02-08T21:50:37Z,2024-02-13T09:40:19Z,124 Branch,unspecified,"Firefox Translation UI shows a solid-orange square, where it should have text showing the language that we translated to"
1879443,Firefox,Address Bar,RESOLVED,FIXED,N/A,P3,2024-02-09T00:08:06Z,2024-02-09T02:14:24Z,---,unspecified,"MDN suggestions: Change the URL for the ""border"" keyword"
1879448,Firefox,Address Bar,RESOLVED,FIXED,N/A,P1,2024-02-09T00:20:38Z,2024-02-09T09:43:16Z,124 Branch,unspecified,Add UTM parameters to Yelp suggestions
1879515,Firefox,Search,RESOLVED,FIXED,N/A,P3,2024-02-09T12:14:29Z,2024-05-22T15:18:55Z,---,unspecified,searchengine-devtools should handle comparing engineOrders and defaultEngines sections of search-config-v2
1879559,Firefox,PDF Viewer,VERIFIED,FIXED,S3,--,2024-02-09T15:27:02Z,2026-05-23T21:07:04Z,153 Branch,unspecified,Text selection in PDFs is barely visible
1879563,Firefox,Screenshots,RESOLVED,FIXED,S3,P3,2024-02-09T15:47:56Z,2024-03-21T09:41:29Z,126 Branch,unspecified,Hover element region can draw above cancel button
1879572,Firefox,Messaging System,RESOLVED,FIXED,S3,P1,2024-02-09T16:17:09Z,2024-02-15T03:56:41Z,124 Branch,unspecified,Land privacy notice link strings in m-c for survey experiments
1879587,Firefox,Pocket,RESOLVED,FIXED,--,--,2024-02-09T17:04:28Z,2024-02-13T09:40:34Z,124 Branch,unspecified,Update package.json dependencies
1879588,Firefox,PDF Viewer,RESOLVED,FIXED,--,--,2024-02-09T17:11:22Z,2024-02-15T19:02:48Z,124 Branch,unspecified,Add back the pref pdfjs.enableStampEditor to be able to make some experiments
1879609,Firefox,Firefox View,RESOLVED,FIXED,--,--,2024-02-09T18:34:43Z,2024-02-29T09:44:26Z,125 Branch,unspecified,Add New Tab page pinned tab indicator to Open Tabs in Firefox View
1879610,Firefox,Sync,RESOLVED,FIXED,S2,P2,2024-02-09T18:35:16Z,2024-02-16T04:10:51Z,124 Branch,unspecified,Update PXI panel FxA link entrypoints
1879614,Firefox,Address Bar,RESOLVED,FIXED,N/A,P1,2024-02-09T18:53:08Z,2024-02-15T09:58:34Z,124 Branch,unspecified,Do a final vendor of a-s into m-c for Suggest Yelp suggestions
1879621,Firefox,Search,RESOLVED,FIXED,N/A,P3,2024-02-09T19:18:22Z,2024-10-10T22:05:50Z,133 Branch,unspecified,Create new tests to ensure search-config-v2 search engines can be fully loaded
1879625,Firefox,Search,VERIFIED,FIXED,N/A,P2,2024-02-09T19:29:28Z,2024-02-28T04:35:45Z,125 Branch,unspecified,"Set the saved settings on SearchEngine objects as soon as they are created, rather than doing it later"
1879631,Firefox,Data Loss Prevention,RESOLVED,FIXED,--,--,2024-02-09T19:55:36Z,2024-05-05T09:41:32Z,127 Branch,unspecified,Add tests for DLP clipboard paste
1879637,Firefox,Address Bar,RESOLVED,FIXED,N/A,P1,2024-02-09T20:09:38Z,2024-02-13T21:09:29Z,124 Branch,unspecified,Update the Yelp suggestion result menu
1879638,Firefox,Messaging System,RESOLVED,FIXED,S3,P1,2024-02-09T20:11:56Z,2024-03-02T21:58:51Z,125 Branch,unspecified,Old references to files from before the newtab to asrouter/aboutwelcome move
1879642,Firefox,Address Bar,RESOLVED,FIXED,N/A,P1,2024-02-09T20:18:26Z,2024-02-15T09:58:38Z,124 Branch,unspecified,Update Yelp suggestion desktop integration for changes in Rust prefix matching
1879655,Firefox,Messaging System,VERIFIED,FIXED,S3,P1,2024-02-09T21:41:29Z,2024-02-28T04:35:54Z,125 Branch,unspecified,"Radio button of the Satisfaction Survey on Shopping Sidebar are missing ""name"" attribute and radiorgoup/fieldset container"
1879667,Firefox,Search,RESOLVED,FIXED,N/A,P3,2024-02-09T22:56:15Z,2024-07-17T21:24:36Z,130 Branch,unspecified,Need a way to record experiment information in the serp category ping
1879714,Firefox,Search,RESOLVED,FIXED,N/A,P2,2024-02-10T14:44:44Z,2024-03-07T09:59:21Z,125 Branch,unspecified,Update search-telemetry-v2 schema to expand top down search options and loosen component type registration
1879737,Firefox,Search,RESOLVED,FIXED,N/A,P2,2024-02-10T23:14:50Z,2024-02-14T12:40:14Z,124 Branch,unspecified,Add the ability to extract domains from query param values containing hrefs
1879815,Firefox,Theme,RESOLVED,FIXED,S3,P3,2024-02-12T09:54:52Z,2024-02-14T05:00:46Z,124 Branch,unspecified,Print preview checkbox/radio controls have less contrast in dark mode and no longer use teal color style
1879865,Firefox,Messaging System,RESOLVED,FIXED,--,--,2024-02-12T14:23:06Z,2024-02-14T09:14:05Z,---,unspecified,"[META] [QA] [QA-2266] New Profile Survey: Usage Context such as Work, School, or Personal"
1879872,Firefox,Messaging System,VERIFIED,FIXED,S2,P1,2024-02-12T14:42:20Z,2024-02-13T07:16:52Z,---,unspecified,[Experiment] The “Your feedback helps make Firefox even better.” subtitle is not displayed on the Survey slide
1879881,Firefox,Installer,VERIFIED,FIXED,S3,--,2024-02-12T15:04:40Z,2024-04-23T21:52:34Z,127 Branch,Trunk,"The ""Open Firefox automatically when your computer starts up"" option is not available in about:preferences if the feature pref is manually set to true"
1879883,Firefox,Messaging System,VERIFIED,FIXED,S2,P1,2024-02-12T15:10:13Z,2024-02-13T07:15:03Z,---,unspecified,[Experiment] The “Privacy Policy” hyperlink is incorrectly displayed on the Survey slide
1879925,Firefox,Sidebar,RESOLVED,FIXED,--,P1,2024-02-12T18:32:17Z,2024-04-11T21:38:37Z,126 Branch,unspecified,Replace Synced Tabs component in sidebar
1879926,Firefox,Sidebar,RESOLVED,FIXED,--,--,2024-02-12T18:33:53Z,2024-03-27T05:07:15Z,126 Branch,unspecified,Replace History component in sidebar
1879933,Firefox,Translations,RESOLVED,FIXED,--,P2,2024-02-12T18:59:24Z,2024-09-06T09:38:37Z,132 Branch,unspecified,Add a button to change the translation direction in about:translations
1879941,Firefox,Search,VERIFIED,FIXED,S3,P3,2024-02-12T19:30:19Z,2024-03-09T03:35:10Z,125 Branch,unspecified,[win] search bar right-click can create two context menus
1879963,Firefox,Shell Integration,VERIFIED,FIXED,S2,P2,2024-02-12T22:04:06Z,2024-02-27T04:34:47Z,125 Branch,unspecified,[win10] The installer's pin generates a system popup asking for user confirmation
1879975,Firefox,Shell Integration,RESOLVED,FIXED,S2,P2,2024-02-12T23:14:22Z,2024-04-23T04:11:16Z,127 Branch,unspecified,Firefox pinning to taskbar on newer versions of Windows fails
1879980,Firefox,File Handling,RESOLVED,FIXED,S3,P1,2024-02-13T00:14:24Z,2024-04-23T21:47:01Z,127 Branch,unspecified,Add tests for bug 1866100
1880020,Firefox,Search,RESOLVED,FIXED,N/A,P3,2024-02-13T08:41:53Z,2024-02-15T03:56:56Z,124 Branch,unspecified,test_settings_duplicate.js isn't failing when duplication is allowed
1880021,Firefox,Search,RESOLVED,FIXED,N/A,P3,2024-02-13T08:51:07Z,2025-12-11T17:00:37Z,148 Branch,unspecified,Simplify code around duplicate SearchEngine detection when installing OpenSearch engines
1880066,Firefox,Address Bar,VERIFIED,FIXED,S4,P3,2024-02-13T13:22:21Z,2024-02-20T21:27:10Z,125 Branch,unspecified,Switch-to-tab container icons are blurry on Windows/Ubuntu
1880067,Firefox,Firefox View,VERIFIED,FIXED,S3,P1,2024-02-13T13:25:56Z,2024-02-21T04:32:53Z,125 Branch,unspecified,Typing in Firefox View's history search causes flickering and loss of characters typed
1880069,Firefox,Address Bar,VERIFIED,FIXED,S3,P2,2024-02-13T13:55:27Z,2024-03-01T22:12:52Z,125 Branch,unspecified,Switch-to-tab in a regular tab loads the url already opened in container tabs
1880078,Firefox,Address Bar,VERIFIED,FIXED,S3,P2,2024-02-13T14:20:03Z,2024-02-29T21:39:28Z,125 Branch,unspecified,Previously opened container tabs are still shown in the Tabs/Firefox suggest section after a browser restart
1880082,Firefox,Shell Integration,VERIFIED,FIXED,--,--,2024-02-13T14:28:52Z,2024-02-13T21:10:07Z,124 Branch,unspecified,Enable the new WindowsJumpList backend by default
1880101,Firefox,Sidebar,RESOLVED,FIXED,--,P1,2024-02-13T15:32:21Z,2024-08-19T16:19:53Z,---,unspecified,Investigate whether the tabstrip can be used vertically
1880109,Firefox,Shell Integration,RESOLVED,FIXED,--,--,2024-02-13T16:10:01Z,2024-06-13T09:38:34Z,129 Branch,unspecified,Remove the legacy Windows Jump List backend
1880138,Firefox,Firefox View,RESOLVED,FIXED,S4,P3,2024-02-13T17:49:14Z,2024-07-29T20:45:39Z,130 Branch,unspecified,Firefox View appears in the list of hidden tabs
1880144,Firefox,Address Bar,RESOLVED,FIXED,N/A,P1,2024-02-13T18:34:52Z,2024-02-15T03:57:02Z,124 Branch,unspecified,Enable Rust Suggest by default
1880167,Firefox,Translations,RESOLVED,FIXED,--,--,2024-02-13T21:32:29Z,2024-06-12T04:54:22Z,129 Branch,unspecified,Toolkit API to Clear Cache of Downloaded Languages
1880199,Firefox,Disability Access,RESOLVED,FIXED,S3,--,2024-02-14T00:55:59Z,2024-02-23T03:46:12Z,125 Branch,unspecified,Ensure pinned tabs expose their pinned state to the Accessibility API
1880212,Firefox,Search,RESOLVED,FIXED,N/A,P2,2024-02-14T03:30:14Z,2024-03-26T04:14:32Z,126 Branch,unspecified,"Update search-telemetry-v2 schema with queryParamValueIsHref, add textContent as the third domain extraction method and fix dataAttribute"
1880230,Firefox,Private Browsing,VERIFIED,FIXED,S4,P3,2024-02-14T08:21:00Z,2024-07-18T21:50:06Z,130 Branch,unspecified,An empty overflow menu is displayed in Normal Browsing if the End Private Session button is added to the Overflow Menu in Private Session
1880308,Firefox,New Tab Page,RESOLVED,FIXED,--,--,2024-02-14T15:26:31Z,2026-05-12T18:51:15Z,---,unspecified,Evaluate the top sites on the first run of the new tab page
1880314,Firefox,Data Loss Prevention,RESOLVED,FIXED,--,--,2024-02-14T15:53:55Z,2024-04-27T09:29:56Z,127 Branch,unspecified,"Allow ""default warn"" for DLP as well as ""default allow"""
1880321,Firefox,PDF Viewer,RESOLVED,FIXED,--,--,2024-02-14T16:06:07Z,2024-02-15T03:57:34Z,124 Branch,unspecified,Update PDF.js to new version 14874e50b788cb8d2c57cdfa97d37fc0afe6c543 from 2024-02-13 13:45:14
1880330,Firefox,Messaging System,RESOLVED,FIXED,S3,P1,2024-02-14T17:10:37Z,2024-02-14T21:54:00Z,---,unspecified,make skylight not link to dashboards for currently unsupported surfaces
1880334,Firefox,Messaging System,RESOLVED,FIXED,--,P1,2024-02-14T17:20:37Z,2024-02-28T18:05:56Z,---,unspecified,add Skylight support for infobar dashboards
1880335,Firefox,Messaging System,RESOLVED,FIXED,--,P1,2024-02-14T17:24:35Z,2024-02-15T00:46:38Z,---,unspecified,Add end-dates to experiments in Skylight dashboard
1880357,Firefox,Translations,RESOLVED,FIXED,--,P3,2024-02-14T18:59:35Z,2024-02-24T09:44:00Z,125 Branch,unspecified,Rename TranslationsPanel to FullPageTranslationsPanel
1880368,Firefox,Installer,RESOLVED,FIXED,S3,P3,2024-02-14T20:18:40Z,2024-03-01T10:01:29Z,125 Branch,unspecified,Change the firefox and firefox-private protocols to firefox-bridge and firefox-private-bridge
1880371,Firefox,Messaging System,VERIFIED,FIXED,S3,P1,2024-02-14T20:55:39Z,2024-02-28T10:02:58Z,124 Branch,unspecified,Shopping feature reminder includes brand styling in the main window
1880398,Firefox,Screenshots,RESOLVED,FIXED,S4,P5,2024-02-15T01:01:22Z,2024-05-09T21:26:23Z,127 Branch,unspecified,Intermittent browser/components/screenshots/tests/browser/browser_screenshots_telemetry_tests.js | single tracking bug
1880403,Firefox,Address Bar,VERIFIED,FIXED,S3,P1,2024-02-15T02:14:46Z,2024-02-15T09:58:50Z,124 Branch,unspecified,Re-enable Yelp suggestions when sponsored suggestions are enabled
1880409,Firefox,Search,RESOLVED,FIXED,N/A,P2,2024-02-15T03:32:01Z,2024-02-24T09:44:09Z,125 Branch,unspecified,Allow searching for elements without reporting counts to ad_impression
1880410,Firefox,Search,RESOLVED,FIXED,N/A,P2,2024-02-15T03:44:21Z,2024-02-24T09:44:13Z,125 Branch,unspecified,Cleanup parts of search telemetry
1880416,Firefox,Address Bar,RESOLVED,FIXED,S3,P1,2024-02-15T04:51:29Z,2024-02-15T16:23:01Z,124 Branch,unspecified,Problems with ingest in the Suggest Rust backend
1880452,Firefox,General,VERIFIED,FIXED,S2,P1,2024-02-15T11:53:42Z,2024-03-14T22:15:43Z,125 Branch,unspecified,"fx_new_window_ms has regressed by 175% since July 7th, 2023"
1880480,Firefox,Bookmarks & History,VERIFIED,FIXED,S3,P3,2024-02-15T14:33:42Z,2026-01-13T09:51:55Z,149 Branch,unspecified,ESC key should not save modified data in `Edit bookmark` from Star Icon
1880498,Firefox,Address Bar,RESOLVED,FIXED,N/A,P2,2024-02-15T15:39:20Z,2024-03-13T21:35:24Z,125 Branch,unspecified,"Modify the abandonment event, to also happen in case of a switch tab"
1880510,Firefox,Address Bar,RESOLVED,FIXED,--,--,2024-02-15T16:24:00Z,2024-02-20T21:27:15Z,125 Branch,unspecified,Use console.createInstance instead of Log.sys.mjs in Urlbar
1880518,Firefox,New Tab Page,RESOLVED,FIXED,--,--,2024-02-15T16:49:08Z,2025-04-30T09:28:38Z,140 Branch,unspecified,Home and newtab typography update to match design system
1880529,Firefox,Screenshots,RESOLVED,FIXED,S4,P5,2024-02-15T17:56:47Z,2024-04-30T21:08:14Z,127 Branch,unspecified,Intermittent browser/components/screenshots/tests/browser/browser_test_resize.js | single tracking bug
1880539,Firefox,Sidebar,RESOLVED,FIXED,--,--,2024-02-15T18:57:20Z,2024-03-20T04:52:36Z,126 Branch,unspecified,Refactor firefoxview/syncedtabs.mjs to make business logic more reusable
1880540,Firefox,Sidebar,RESOLVED,FIXED,--,P1,2024-02-15T19:02:23Z,2024-03-19T09:41:16Z,126 Branch,unspecified,Refactor firefoxview/history.mjs to make business logic reusable
1880542,Firefox,Sidebar,RESOLVED,FIXED,--,P1,2024-02-15T19:07:50Z,2024-03-27T05:07:20Z,126 Branch,unspecified,Refactor fxview-tab-list and fxview-tab-row
1880556,Firefox,Sync,RESOLVED,FIXED,--,--,2024-02-15T21:12:44Z,2024-02-23T03:47:13Z,125 Branch,unspecified,Add toggles for individual products in PXI panel
1880564,Firefox,Messaging System,RESOLVED,FIXED,--,P1,2024-02-15T22:31:13Z,2024-02-20T21:31:01Z,---,unspecified,make Skylight experiment dates readable
1880586,Firefox,Messaging System,RESOLVED,FIXED,S3,P1,2024-02-16T02:29:09Z,2024-02-21T04:33:04Z,125 Branch,unspecified,newtab npm bundle command generates different bundle on windows
1880644,Firefox,Shell Integration,VERIFIED,FIXED,S3,--,2024-02-16T14:56:06Z,2024-09-09T12:06:39Z,132 Branch,Firefox 124,Expose telemetry is not registered for the “mailto” feature configuration
1880662,Firefox,Address Bar,RESOLVED,FIXED,--,--,2024-02-16T16:43:58Z,2024-03-25T17:26:22Z,---,unspecified,[META] [QA] [QA-2280] Yelp Suggestions
1880664,Firefox,Address Bar,VERIFIED,FIXED,S2,--,2024-02-16T16:51:57Z,2024-02-21T09:10:44Z,125 Branch,unspecified,The same Yelp result is still triggered after previously being dismissed using the “Not relevant” option from the Feedback menu
1880667,Firefox,Address Bar,VERIFIED,FIXED,S3,P1,2024-02-16T16:58:05Z,2024-02-28T04:36:23Z,125 Branch,unspecified,The Firefox icon and text of the message displayed after dismissing a Yelp suggestion are misaligned
1880685,Firefox,Messaging System,VERIFIED,FIXED,--,--,2024-02-16T21:56:27Z,2024-02-19T21:26:59Z,125 Branch,unspecified,"Non-modal panels/popups like bookmark editing, permissions and translation offers overlap & compete-with modal dialogs, e.g. default-browser popup, close-and-quit dialog"
1880862,Firefox,Address Bar,VERIFIED,FIXED,S3,P1,2024-02-19T16:50:59Z,2024-02-28T16:34:00Z,125 Branch,unspecified,The location-sign is duplicated when a Yelp suggestion is triggered using the “in” location-sign
1880865,Firefox,Address Bar,VERIFIED,FIXED,S4,P1,2024-02-19T17:14:15Z,2024-03-01T10:01:37Z,125 Branch,unspecified,The “Thanks for your feedback” message is not aligned with the Address Bar results
1880888,Firefox,Remote Settings Client,RESOLVED,FIXED,--,--,2024-02-19T20:45:35Z,2025-01-23T21:52:41Z,136 Branch,Firefox 123,CRLite files are not downloaded if push services are disabled
1880909,Firefox,General,RESOLVED,FIXED,N/A,P3,2024-02-19T22:43:54Z,2024-05-03T15:46:05Z,127 Branch,unspecified,Move gBrowserInit to its own file
1880913,Firefox,Search,RESOLVED,FIXED,N/A,P3,2024-02-19T23:16:24Z,2025-02-04T21:43:34Z,137 Branch,unspecified,Move BrowserSearch out of browser.js
1880914,Firefox,General,RESOLVED,FIXED,N/A,P3,2024-02-19T23:29:49Z,2024-04-15T16:02:43Z,127 Branch,unspecified,"Move Browser* helper functions used from global menubar and similar commands to a single object in a separate file, loaded as-needed"
1880962,Firefox,Enterprise Policies,RESOLVED,FIXED,S4,P5,2024-02-20T05:11:38Z,2025-02-26T13:54:58Z,137 Branch,unspecified,Intermittent Hit MOZ_CRASH(Attempting to connect to non-local address! opener is [resource://gre/modules/UpdateService.sys.mjs:5289:15] [@ mozilla::net::nsHttpChannel::OnStartRequest] | single tracking bug
1880963,Firefox,Enterprise Policies,RESOLVED,FIXED,S4,P5,2024-02-20T05:11:59Z,2025-02-26T09:04:21Z,137 Branch,unspecified,"Intermittent Attempting to connect to non-local address! opener is [resource://gre/modules/UpdateService.sys.mjs:5289:15], uri is [https://aus5.mozilla.org/update/6/Firefox/125.0a1/20l] [@ mozilla::net::nsHttpChannel::OnStartRequest] | single tracking bug"
1881071,Firefox,Address Bar,VERIFIED,FIXED,S3,P1,2024-02-20T16:15:16Z,2024-02-28T04:37:11Z,125 Branch,unspecified,The “Show less frequently” option doesn’t seem to have any effect on the Yelp suggestions keywords
1881073,Firefox,Address Bar,VERIFIED,FIXED,S3,P1,2024-02-20T16:22:03Z,2024-02-22T09:24:31Z,125 Branch,unspecified,The “Show less frequently” option is not removed from the Feedback menu if the Address Bar panel is not closed after clicking it more times than the set cap value
1881082,Firefox,Messaging System,RESOLVED,FIXED,--,P1,2024-02-20T17:00:35Z,2024-02-21T17:48:56Z,---,unspecified,Make Skylight easier to read/skim
1881092,Firefox,Messaging System,RESOLVED,FIXED,--,P1,2024-02-20T17:47:12Z,2024-03-12T18:59:01Z,---,unspecified,[Experiment] Relaunch Recommend add-ons - Staff Pick - Early Day users Experiment
1881101,Firefox,New Tab Page,RESOLVED,FIXED,--,--,2024-02-20T18:52:53Z,2024-02-22T04:44:05Z,125 Branch,unspecified,Home and newtab small alignment issue for sponsored content UI
1881104,Firefox,Messaging System,RESOLVED,FIXED,--,P1,2024-02-20T19:02:53Z,2024-02-23T21:07:28Z,---,unspecified,[Experiment] Launch Fox guide reader mode - Part 2
1881106,Firefox,Messaging System,RESOLVED,FIXED,S3,P1,2024-02-20T19:13:46Z,2024-02-28T04:37:20Z,125 Branch,unspecified,"ModalOverlay.test.jsx is in the wrong directory (asrouter, should be in newtab)"
1881107,Firefox,Firefox View,VERIFIED,FIXED,S4,P2,2024-02-20T19:20:01Z,2024-04-10T09:52:42Z,126 Branch,unspecified,"In the open tab list, opening the meatball menu for the first time is delayed for half a second by a network request to Firefox Sync"
1881219,Firefox,PDF Viewer,VERIFIED,FIXED,S3,P1,2024-02-21T10:11:21Z,2024-03-02T14:47:39Z,125 Branch,Trunk,The Thickness levels remain locked after the Highlighted text is unselected
1881259,Firefox,Translations,RESOLVED,FIXED,--,P3,2024-02-21T14:46:24Z,2024-07-20T09:16:44Z,130 Branch,unspecified,Ensure Secondary Translation Settings interacts with Preferences
1881324,Firefox,Translations,RESOLVED,FIXED,S4,P5,2024-02-21T19:53:46Z,2024-02-28T04:38:04Z,125 Branch,unspecified,Intermittent ./mach doc | Error: 1 new warnings have been introduced compared to the limit in docs/config.yml
1881335,Firefox,Security,RESOLVED,FIXED,N/A,--,2024-02-21T20:44:36Z,2024-02-28T16:34:14Z,125 Branch,unspecified,collect error page telemetry for TLS errors and non-overridable certificate errors
1881389,Firefox,Settings UI,RESOLVED,FIXED,S2,P1,2024-02-22T03:15:03Z,2024-03-20T04:52:50Z,126 Branch,unspecified,Update preferences.css to use forced-colors instead of prefers-contrast where appropriate
1881397,Firefox,Shell Integration,RESOLVED,FIXED,--,--,2024-02-22T03:41:40Z,2024-03-06T10:02:01Z,125 Branch,unspecified,Remove or update probes expiring in Firefox 126: BROWSER_SET_DEFAULT_USER_CHOICE_RESULT
1881405,Firefox,Settings UI,RESOLVED,FIXED,N/A,P1,2024-02-22T04:06:03Z,2024-03-20T04:53:00Z,126 Branch,unspecified,Update privacy.css to use forced-colors instead of prefers-contrast where appropriate
1881408,Firefox,Search,RESOLVED,FIXED,--,--,2024-02-22T04:12:23Z,2024-02-28T16:34:24Z,125 Branch,unspecified,Remove or update probes expiring in Firefox 126: browser.searchinit.secure_opensearch_* before Gecko version gets increased to 126 on 2024-03-18
1881422,Firefox,PDF Viewer,RESOLVED,FIXED,--,--,2024-02-22T06:08:18Z,2024-02-23T21:06:51Z,125 Branch,unspecified,Update PDF.js to new version 72b8b29147c3a19ccacc9db111df4925efcbe1bf from 2024-02-21 09:14:40
1881488,Firefox,Tabbed Browser,RESOLVED,FIXED,--,--,2024-02-22T11:55:29Z,2024-02-27T04:35:06Z,125 Branch,unspecified,Tab preview delay feels too big
1881506,Firefox,Screenshots,VERIFIED,FIXED,S3,P3,2024-02-22T12:56:13Z,2024-03-26T04:14:38Z,126 Branch,Trunk,Mouse click event stuck when using right mouse click during taking a screenshot
1881524,Firefox,Security,VERIFIED,FIXED,S3,P3,2024-02-22T13:58:34Z,2025-09-23T21:59:58Z,145 Branch,Firefox 122,Incorrect IPv6 address presentation in certificate view
1881567,Firefox,Shell Integration,RESOLVED,FIXED,--,--,2024-02-22T16:41:49Z,2024-03-14T05:17:49Z,125 Branch,unspecified,Write standalone Rust application to process native messaging
1881573,Firefox,New Tab Page,RESOLVED,FIXED,--,--,2024-02-22T17:06:30Z,2024-02-24T21:21:49Z,125 Branch,unspecified,Drop use of ESLint rule max-depth from newtab/asrouter/aboutwelcome
1881585,Firefox,New Tab Page,VERIFIED,FIXED,--,--,2024-02-22T18:34:27Z,2024-03-21T09:41:43Z,126 Branch,unspecified,Create new tab page background image user pref
1881588,Firefox,New Tab Page,VERIFIED,FIXED,--,--,2024-02-22T18:49:15Z,2024-04-11T21:38:43Z,126 Branch,unspecified,Add Wallpaper feature to home & new tab page
1881606,Firefox,Address Bar,VERIFIED,FIXED,N/A,P1,2024-02-22T21:04:06Z,2024-02-28T04:38:26Z,125 Branch,unspecified,Add a Nimbus variable and pref for configuring Yelp suggestion index/position
1881607,Firefox,Address Bar,VERIFIED,FIXED,N/A,P1,2024-02-22T21:06:33Z,2024-02-24T09:44:23Z,125 Branch,unspecified,Change the Yelp suggestion non-top-pick icon size to 16px
1881640,Firefox,New Tab Page,RESOLVED,FIXED,--,--,2024-02-23T00:07:24Z,2024-06-19T17:31:53Z,---,unspecified,Create onboarding for new tab wallpapers
1881642,Firefox,New Tab Page,RESOLVED,FIXED,--,--,2024-02-23T00:10:50Z,2024-06-25T19:46:47Z,---,unspecified,Set up experiment for introducing new tab wallpapers for light/dark theme users.
1881643,Firefox,New Tab Page,RESOLVED,FIXED,--,--,2024-02-23T00:14:35Z,2024-03-22T05:14:33Z,126 Branch,unspecified,Add wallpaper thumbnail assets
1881675,Firefox,Search,RESOLVED,FIXED,N/A,P2,2024-02-23T06:16:02Z,2024-02-28T04:38:52Z,125 Branch,unspecified,Provide a way to deal with elements that need to be observed that load URLs but don't have hrefs visible at the time of load
1881684,Firefox,PDF Viewer,VERIFIED,FIXED,S3,--,2024-02-23T08:37:12Z,2024-03-02T14:48:22Z,125 Branch,Trunk,Unable to navigate inside the PDF file using Caret Browsing after Highlighting text
1881692,Firefox,PDF Viewer,VERIFIED,FIXED,S3,P1,2024-02-23T09:14:25Z,2024-03-01T09:40:33Z,---,unspecified,[Caret browsing] Caret is at the wrong position when moving up on a highlighted text
1881739,Firefox,Search,RESOLVED,FIXED,N/A,P3,2024-02-23T12:17:47Z,2024-08-01T09:31:23Z,130 Branch,unspecified,Create a SearchTestUtils function to simplify creating configurations for tests
1881743,Firefox,PDF Viewer,VERIFIED,FIXED,S2,P1,2024-02-23T12:34:15Z,2024-03-15T10:33:39Z,125 Branch,Trunk,Voice Over will not read highlighted text during editing inside a PDF
1881746,Firefox,PDF Viewer,VERIFIED,FIXED,S2,--,2024-02-23T12:41:09Z,2024-03-22T13:08:57Z,126 Branch,Trunk,NVDA and Voice Over will Focus on the Highlights first instead of the text from the PDF
1881782,Firefox,Tabbed Browser,RESOLVED,FIXED,S3,P2,2024-02-23T16:20:05Z,2024-07-24T08:03:45Z,---,Trunk,[Mac] Wrong tab hover preview opens when dragging a tab in another place in the tab strip
1881798,Firefox,Protections UI,RESOLVED,FIXED,N/A,P3,2024-02-23T17:26:09Z,2024-03-03T21:37:32Z,125 Branch,unspecified,Remove the legacy ETP webcompat reporter
1881802,Firefox,PDF Viewer,VERIFIED,FIXED,S3,P1,2024-02-23T17:49:20Z,2024-03-01T09:40:51Z,---,unspecified,[Caret browsing] Highlighting doesn't work when pressing shift and arrow down
1881803,Firefox,General,RESOLVED,FIXED,--,--,2024-02-23T18:01:45Z,2024-03-04T21:28:07Z,125 Branch,unspecified,Convert Report Site Issue extension to event pages
1881816,Firefox,New Tab Page,RESOLVED,FIXED,--,--,2024-02-23T19:36:29Z,2024-03-20T04:53:09Z,126 Branch,unspecified,Move newtab content-src files to use .mjs extensions where appropriate
1881817,Firefox,Messaging System,RESOLVED,FIXED,--,--,2024-02-23T19:37:27Z,2024-02-24T21:21:53Z,125 Branch,unspecified,Move asrouter content-src files to use .mjs extensions where appropriate
1881818,Firefox,New Tab Page,RESOLVED,FIXED,--,--,2024-02-23T19:40:02Z,2024-02-24T21:21:58Z,125 Branch,unspecified,Remove unused node modules from asrouter/aboutwelcome/newtab
1881819,Firefox,New Tab Page,RESOLVED,FIXED,--,--,2024-02-23T19:42:31Z,2024-02-24T21:22:02Z,125 Branch,unspecified,Remove inject-loader from asrouter/aboutwelcome/newtab
1881850,Firefox,Private Browsing,RESOLVED,FIXED,--,--,2024-02-23T22:54:24Z,2024-03-05T17:16:15Z,---,Firefox 123,Bookmarks Bar not showing in Private Mode
1881851,Firefox,Theme,RESOLVED,FIXED,S3,P2,2024-02-23T22:56:31Z,2024-07-10T09:46:47Z,130 Branch,unspecified,Toolbarbuttons should have a visible border in prefers-contrast/forced-colors
1881865,Firefox,Translations,RESOLVED,FIXED,S4,P5,2024-02-24T00:13:05Z,2024-06-04T21:07:02Z,128 Branch,unspecified,Intermittent browser/components/translations/tests/browser/browser_translations_full_page_panel_engine_destroy.js | single tracking bug
1881873,Firefox,Address Bar,RESOLVED,FIXED,N/A,P3,2024-02-24T01:01:05Z,2024-04-04T16:07:43Z,---,unspecified,[meta] Experiment framework for measuring potential suggestion impressions
1881874,Firefox,Address Bar,RESOLVED,FIXED,N/A,P3,2024-02-24T01:02:11Z,2024-03-01T00:27:48Z,---,unspecified,Decide if we can record potential impressions per keyword or need to do it per keyword set
1881875,Firefox,Address Bar,RESOLVED,FIXED,N/A,P3,2024-02-24T01:05:30Z,2024-04-04T09:34:56Z,126 Branch,unspecified,Add telemetry for potential suggestion impressions
1881901,Firefox,Messaging System,RESOLVED,FIXED,S3,P1,2024-02-24T10:33:29Z,2024-02-24T21:22:09Z,125 Branch,unspecified,Update asrouter/aboutwelcome to use latest node_modules to fix issues building with node 18.
1881963,Firefox,Private Browsing,RESOLVED,FIXED,--,--,2024-02-25T15:51:18Z,2024-03-19T17:05:39Z,---,Firefox 123,Every page change makes the Bookmark toolbar disappear despite the checkbox being checked to always display
1882028,Firefox,Toolbars and Customization,RESOLVED,FIXED,N/A,P3,2024-02-26T09:45:51Z,2024-02-26T17:03:39Z,125 Branch,unspecified,Add toolbar preferences to about:support
1882043,Firefox,Address Bar,VERIFIED,FIXED,S3,P1,2024-02-26T11:06:33Z,2024-02-28T16:34:45Z,125 Branch,unspecified,Recent searches section is mispositioned in the Address Bar
1882067,Firefox,Messaging System,RESOLVED,FIXED,S4,P1,2024-02-26T13:25:45Z,2024-03-08T04:49:13Z,125 Branch,unspecified,Intermittent browser/components/aboutwelcome/tests/browser/browser_aboutwelcome_observer.js | single tracking bug
1882099,Firefox,Tabbed Browser,VERIFIED,FIXED,--,--,2024-02-26T15:25:42Z,2024-02-28T04:39:19Z,125 Branch,unspecified,TabHoverStart and TabHoverEnd events are dispatched unnecessarily
1882114,Firefox,Firefox View,RESOLVED,FIXED,--,P2,2024-02-26T16:07:52Z,2024-04-16T03:51:12Z,127 Branch,Firefox 123,Remove obsolete Firefox View prefs
1882171,Firefox,General,RESOLVED,FIXED,--,--,2024-02-26T21:09:23Z,2024-02-28T21:24:52Z,125 Branch,unspecified,Stub out the initial base infrastructure for a profile backup component
1882174,Firefox,Address Bar,RESOLVED,FIXED,N/A,P1,2024-02-26T21:35:00Z,2024-02-28T16:34:56Z,125 Branch,unspecified,Do another final vendor + uplift of a-s into m-c for Suggest Yelp suggestions
1882220,Firefox,Address Bar,VERIFIED,FIXED,--,--,2024-02-27T06:37:24Z,2024-02-29T04:48:12Z,125 Branch,unspecified,Support simple UI weather suggestion
1882241,Firefox,Bookmarks & History,RESOLVED,FIXED,S3,P3,2024-02-27T09:49:05Z,2026-08-05T21:46:55Z,155 Branch,Firefox 124,Bookmark star fails to update when bookmark added in Library
1882248,Firefox,PDF Viewer,VERIFIED,FIXED,S4,P1,2024-02-27T10:22:11Z,2024-03-02T14:48:44Z,125 Branch,Trunk,The Delete Highlight button cannot be selected with the Space button
1882309,Firefox,Search,RESOLVED,FIXED,N/A,P3,2024-02-27T14:12:16Z,2024-04-15T16:02:48Z,127 Branch,unspecified,Move settings version dependency of SearchEngine._loadSettings to SearchSettings
1882316,Firefox,Security,RESOLVED,FIXED,S4,P3,2024-02-27T14:36:51Z,2024-10-25T04:14:10Z,133 Branch,unspecified,Invalid html in aboutNetError.html: button nested in anchor
1882334,Firefox,Translations,RESOLVED,FIXED,--,--,2024-02-27T16:14:04Z,2024-02-28T16:35:11Z,125 Branch,unspecified,Update xsimd to new version ce58d62666c315140eb54042498d93114edbaa68 from 2024-02-27
1882339,Firefox,Firefox Accounts,RESOLVED,FIXED,N/A,P2,2024-02-27T16:37:17Z,2024-04-03T09:40:29Z,126 Branch,unspecified,Don't initialize sync on oauth_webchannel_v1 until oauth data is recieved
1882341,Firefox,Translations,VERIFIED,FIXED,S3,P3,2024-02-27T16:41:53Z,2024-03-07T09:59:53Z,125 Branch,unspecified,Margin between the FullPage Translations Panel intro text and language selections has regressed
1882397,Firefox,New Tab Page,RESOLVED,FIXED,--,--,2024-02-27T21:09:53Z,2024-04-11T17:10:48Z,---,unspecified,Incorrect Pocket impressions recorded in telemetry
1882413,Firefox,Installer,RESOLVED,FIXED,N/A,P1,2024-02-27T23:45:44Z,2024-03-02T22:00:55Z,125 Branch,unspecified,Re-enable one-click set to default in MSIX packages
1882427,Firefox,Screenshots,RESOLVED,FIXED,N/A,P3,2024-02-28T00:49:59Z,2025-03-31T19:09:23Z,---,unspecified,Remove exception from browser_startup_content_mainthreadio.js
1882430,Firefox,Address Bar,RESOLVED,FIXED,S4,P5,2024-02-28T01:17:54Z,2024-03-09T03:35:54Z,125 Branch,unspecified,"Perma a11y [tier 2] TEST-UNEXPECTED-FAIL | browser/components/urlbar/tests/browser/browser_acknowledgeFeedbackAndDismissal.js | Interactive elements must be labeled: id: , tagName: menuitem, className: urlbarView-result-menuitem -"
1882478,Firefox,Address Bar,RESOLVED,FIXED,N/A,P3,2024-02-28T10:08:34Z,2024-02-28T21:25:05Z,125 Branch,unspecified,Enable clipboard suggestions feature in Release
1882528,Firefox,Search,RESOLVED,FIXED,N/A,P1,2024-02-28T14:47:21Z,2024-03-05T09:54:21Z,125 Branch,unspecified,Convert domains to category map to use a different hashing algorithm
1882559,Firefox,Enterprise Policies,RESOLVED,FIXED,N/A,P4,2024-02-28T17:16:26Z,2024-05-14T21:59:51Z,128 Branch,Firefox 115,security.mixed_content.upgrade_display_content - not settable via Firefox Policies
1882564,Firefox,Address Bar,RESOLVED,FIXED,S2,P3,2024-02-28T17:35:49Z,2024-07-02T21:29:04Z,129 Branch,unspecified,Urlbar-zoom-button lacks an informative accessible name for a browser zoom reset control
1882569,Firefox,Theme,RESOLVED,FIXED,--,--,2024-02-28T17:58:59Z,2024-02-29T04:48:47Z,125 Branch,unspecified,Set up triage rotation JSON file for Desktop Theme
1882577,Firefox,Search,RESOLVED,FIXED,N/A,P3,2024-02-28T18:09:57Z,2024-03-13T21:35:32Z,125 Branch,unspecified,Make nsISearchEngine.getIconURL an async function
1882583,Firefox,PDF Viewer,RESOLVED,FIXED,--,--,2024-02-28T19:06:06Z,2024-02-29T21:40:14Z,125 Branch,unspecified,Update PDF.js to new version 9fe15d4a018ad00d821ed78fbf93bad689f3588a from 2024-02-28 19:00:15
1882596,Firefox,Data Loss Prevention,RESOLVED,FIXED,--,--,2024-02-28T20:15:45Z,2024-03-05T09:54:28Z,125 Branch,unspecified,Add verification of signature of agent executable
1882597,Firefox,Firefox View,RESOLVED,FIXED,S4,P5,2024-02-28T20:17:36Z,2024-03-08T14:47:42Z,125 Branch,unspecified,"Perma [tier 2] browser/components/firefoxview/tests/browser/browser_tab_list_keyboard_navigation.js | Node is not focusable via the accessibility API: id: , tagName: BUTTON, className: -"
1882601,Firefox,Data Loss Prevention,RESOLVED,FIXED,S3,--,2024-02-28T20:31:57Z,2024-03-09T03:36:06Z,125 Branch,unspecified,setAndLockPref of relevant content analysis enterprise settings
1882603,Firefox,Data Loss Prevention,RESOLVED,FIXED,--,--,2024-02-28T20:34:59Z,2024-03-21T09:41:51Z,126 Branch,unspecified,Enable/disable display of DLP result notifications based on pref
1882604,Firefox,Data Loss Prevention,RESOLVED,FIXED,--,--,2024-02-28T20:37:51Z,2024-03-02T22:01:23Z,125 Branch,unspecified,Make DLP agent timeout period a config setting
1882605,Firefox,Firefox View,RESOLVED,FIXED,S4,P5,2024-02-28T20:43:25Z,2024-03-02T22:01:27Z,125 Branch,unspecified,Intermittent TV browser/components/firefoxview/tests/browser/browser_tab_list_keyboard_navigation.js | single tracking bug
1882606,Firefox,Data Loss Prevention,VERIFIED,FIXED,S3,--,2024-02-28T20:43:45Z,2024-03-21T09:41:55Z,126 Branch,unspecified,Add content analysis info to about:support
1882607,Firefox,Data Loss Prevention,RESOLVED,FIXED,--,--,2024-02-28T20:47:20Z,2026-08-06T23:35:06Z,---,unspecified,[meta] Release Content Analysis feature
1882609,Firefox,Messaging System,RESOLVED,FIXED,--,P2,2024-02-28T20:51:42Z,2024-06-26T18:55:18Z,---,unspecified,Implement SSO for Skylight
1882655,Firefox,Firefox View,RESOLVED,FIXED,N/A,P3,2024-02-29T00:33:17Z,2024-07-10T21:26:00Z,130 Branch,unspecified,Cache a value for application start time in tabbrowser-tab.js' lastSeenActive
1882662,Firefox,Messaging System,RESOLVED,FIXED,--,P1,2024-02-29T01:15:36Z,2024-03-12T09:33:38Z,125 Branch,unspecified,All our set-default messages should respect browser.shell.checkDefaultBrowserisFalse pref
1882677,Firefox,Address Bar,VERIFIED,FIXED,--,--,2024-02-29T02:24:44Z,2024-03-01T16:53:36Z,125 Branch,unspecified,"Change ""Learn More about Firefox Suggest"" menu item to ""Manage Firefox Suggest"" for weather suggestion"
1882776,Firefox,General,RESOLVED,FIXED,--,--,2024-02-29T13:34:30Z,2024-07-23T09:36:56Z,130 Branch,unspecified,gPopupBlockerObserver shouldn't live in browser.js
1882815,Firefox,Address Bar,RESOLVED,FIXED,N/A,P3,2024-02-29T16:37:39Z,2024-03-09T21:08:58Z,125 Branch,unspecified,Enable cross-container Tab Search for Release
1882830,Firefox,New Tab Page,RESOLVED,FIXED,--,--,2024-02-29T17:24:21Z,2024-03-15T17:14:53Z,125 Branch,unspecified,Home and newtab sponsored content messaging
1882844,Firefox,Search,RESOLVED,FIXED,--,P1,2024-02-29T18:15:49Z,2024-04-16T15:44:23Z,---,unspecified,Update search-telemetry-v2 collection on Remote Settings to include selectors for Bing SERPs
1882874,Firefox,Translations,RESOLVED,FIXED,S4,P5,2024-02-29T20:36:47Z,2024-03-01T10:02:42Z,125 Branch,unspecified,Perma ./mach doc | Error: 2 new warnings have been introduced compared to the limit in docs/config.yml
1882888,Firefox,Sync,VERIFIED,FIXED,--,--,2024-02-29T21:41:47Z,2024-03-02T10:21:04Z,125 Branch,unspecified,Hamburger menu -> Sync and save data goes to sync page instead of FxA sign in page
1882925,Firefox,Screenshots,VERIFIED,FIXED,S3,P2,2024-02-29T23:51:30Z,2024-03-08T04:49:20Z,125 Branch,unspecified,Random black vertical lines in screenshots copied from screenshot tool
1882967,Firefox,Address Bar,RESOLVED,FIXED,N/A,P2,2024-03-01T07:04:49Z,2024-03-21T21:19:26Z,126 Branch,unspecified,Create icon image by its blob and mimetype returned from Rust
1882981,Firefox,PDF Viewer,RESOLVED,FIXED,--,--,2024-03-01T09:45:22Z,2024-03-04T17:02:03Z,125 Branch,unspecified,Don't stringify telemetry data in the PDF Viewer
1883010,Firefox,PDF Viewer,RESOLVED,FIXED,--,--,2024-03-01T12:13:41Z,2024-03-01T22:13:32Z,125 Branch,unspecified,Update PDF.js to new version 29c493d36bb5a44251804e9204973211172e0412 from 2024-03-01 12:08:44
1883012,Firefox,Translations,RESOLVED,FIXED,--,--,2024-03-01T12:26:54Z,2024-03-04T21:28:21Z,125 Branch,unspecified,Upgrade gemmology to a version providing neon+i8mm instructions
1883015,Firefox,Translations,RESOLVED,FIXED,--,--,2024-03-01T12:29:18Z,2024-03-04T21:28:26Z,125 Branch,unspecified,Take advantage of i8mm instructions to speedup gemmology calls
1883049,Firefox,Tabbed Browser,RESOLVED,FIXED,--,--,2024-03-01T14:15:10Z,2024-03-01T22:13:41Z,125 Branch,unspecified,Set up triage rotation JSON file for Tabbed Browser
1883050,Firefox,PDF Viewer,RESOLVED,FIXED,--,--,2024-03-01T14:20:09Z,2024-03-01T23:41:32Z,---,unspecified,Make a pdf.js release in beta for the highlighting feature
1883076,Firefox,Messaging System,RESOLVED,FIXED,S4,--,2024-03-01T16:37:17Z,2024-03-02T17:32:03Z,---,unspecified,Intermittent browser/components/asrouter/tests/browser/browser_asrouter_toolbarbadge.js | single tracking bug
1883124,Firefox,Data Loss Prevention,RESOLVED,FIXED,--,--,2024-03-01T20:39:05Z,2024-05-05T20:29:39Z,127 Branch,unspecified,Add gtests to unit test ContentAnalysis
1883140,Firefox,Private Browsing,RESOLVED,FIXED,--,--,2024-03-01T21:54:13Z,2024-03-06T04:47:10Z,125 Branch,unspecified,Remove bookmark toolbar suppression requirement from private window redesign
1883199,Firefox,Search,RESOLVED,FIXED,S4,P3,2024-03-02T15:29:37Z,2024-04-23T21:43:11Z,127 Branch,unspecified,SearchService errors logged at startup for all extension-provided engines
1883205,Firefox,Address Bar,VERIFIED,FIXED,S4,P1,2024-03-02T18:20:41Z,2024-03-05T09:54:49Z,125 Branch,unspecified,"Perma browser/components/urlbar/tests/browser/browser_switchTab_inputHistory.js | Should be a switch tab result - 1 == 3 - {""filename"": <path> ""name"":""queryAndCheckOneSwitchTabResult"",""sourceId"": [...] when Gecko 125 merges to Beta on 2024-03-18"
1883231,Firefox,Firefox View,RESOLVED,FIXED,S3,P2,2024-03-03T02:50:56Z,2024-05-09T21:26:30Z,127 Branch,unspecified,"Searching history show ""No results"" first before showing results."
1883235,Firefox,Firefox View,VERIFIED,FIXED,S3,P1,2024-03-03T04:15:09Z,2024-03-05T09:54:56Z,125 Branch,Firefox 125,[Firefox View] The search box cannot fully display CJK characters
1883249,Firefox,Address Bar,RESOLVED,FIXED,S4,P5,2024-03-03T07:17:48Z,2026-03-11T05:09:31Z,150 Branch,unspecified,Intermittent browser/components/urlbar/tests/browser/browser_search_continuation.js | single tracking bug
1883278,Firefox,Session Restore,RESOLVED,FIXED,S3,--,2024-03-03T16:33:10Z,2024-03-13T21:35:40Z,125 Branch,unspecified,Force-enable plaform session store collection if SHIP is enabled
1883337,Firefox,Firefox View,VERIFIED,FIXED,S4,P1,2024-03-04T11:33:12Z,2024-03-06T04:47:23Z,125 Branch,Firefox 124,Firefox View websites in window cannot be browsed anymore after following specific steps
1883378,Firefox,Address Bar,RESOLVED,FIXED,S3,--,2024-03-04T14:59:58Z,2024-03-07T10:00:24Z,125 Branch,unspecified,Opening the SUMO page for a trending search saves the trending search in the Recent Searches section
1883384,Firefox,Messaging System,RESOLVED,FIXED,S3,P1,2024-03-04T15:12:11Z,2024-03-25T16:13:42Z,---,unspecified,[Experiment] Configure and Launch New Profile Survey: Value such as Privacy or Productivity
1883392,Firefox,Search,RESOLVED,FIXED,N/A,P3,2024-03-04T15:24:39Z,2025-12-05T04:48:59Z,147 Branch,unspecified,Investigate simplifying test_override_allowlist_switch.js
1883394,Firefox,PDF Viewer,VERIFIED,FIXED,S3,P1,2024-03-04T15:25:59Z,2024-03-07T12:40:58Z,125 Branch,Trunk,"Free Highlighting in PDF will record the ""other"" Highlight method with Glean"
1883402,Firefox,Search,RESOLVED,FIXED,N/A,P3,2024-03-04T15:38:30Z,2024-03-11T21:19:40Z,125 Branch,unspecified,Tidy up add-on related functions in the search service
1883424,Firefox,Firefox Accounts,RESOLVED,FIXED,S4,P2,2024-03-04T16:54:53Z,2024-03-22T05:14:40Z,126 Branch,unspecified,Update OAuth desktop crypto code
1883452,Firefox,General,RESOLVED,FIXED,N/A,--,2024-03-04T18:27:44Z,2024-03-28T09:29:27Z,126 Branch,unspecified,remove corroborator
1883466,Firefox,Shell Integration,RESOLVED,FIXED,--,--,2024-03-04T18:55:12Z,2024-03-06T10:02:09Z,125 Branch,unspecified,Extend BROWSER_SET_DEFAULT_PDF_HANDLER_USER_CHOICE_RESULT to not expire.
1883482,Firefox,Address Bar,VERIFIED,FIXED,S3,P1,2024-03-04T19:55:42Z,2024-03-08T04:49:50Z,125 Branch,unspecified,The dismissal acknowledgment is displayed outside the Firefox Suggest section after dismissing a non-top-pick Yelp suggestion positioned at the top of the section
1883497,Firefox,Firefox View,RESOLVED,FIXED,--,P3,2024-03-04T21:07:03Z,2026-04-15T15:50:13Z,151 Branch,unspecified,Check all second paramaters for TestUtils.waitForCondition in Fx View test files
1883503,Firefox,Profile Backup,RESOLVED,FIXED,--,--,2024-03-04T21:39:24Z,2024-04-10T13:12:17Z,---,unspecified,[meta] Add size measurements for things we'd like to back up
1883510,Firefox,Data Loss Prevention,RESOLVED,FIXED,S4,--,2024-03-04T22:14:11Z,2024-05-14T21:59:57Z,128 Branch,unspecified,Prefer StaticPrefs to Preferences in ContentAnalysis
1883516,Firefox,Messaging System,VERIFIED,FIXED,--,P1,2024-03-04T22:42:45Z,2024-04-12T10:26:42Z,126 Branch,unspecified,Add new wallpaper component for onboarding.
1883576,Firefox,Messaging System,RESOLVED,FIXED,--,P1,2024-03-05T06:09:13Z,2024-03-11T16:15:00Z,---,unspecified,show JSON / screenshots for experiment branches without previews
1883597,Firefox,Search,RESOLVED,FIXED,N/A,P3,2024-03-05T09:14:42Z,2024-03-11T21:19:43Z,125 Branch,unspecified,Extend Search schema validation to cover all schemas and ui schemas
1883605,Firefox,PDF Viewer,RESOLVED,FIXED,--,--,2024-03-05T10:10:22Z,2024-06-10T21:32:57Z,129 Branch,unspecified,Use ML to infer alt text for added stamp annotations
1883609,Firefox,PDF Viewer,VERIFIED,FIXED,S3,P1,2024-03-05T10:58:09Z,2024-03-07T12:41:34Z,125 Branch,unspecified,Highlighting an inserted text field will make it unclickable after saving
1883610,Firefox,Firefox View,RESOLVED,FIXED,S4,P5,2024-03-05T11:06:07Z,2024-03-07T10:00:44Z,125 Branch,unspecified,"Perma a11y-checks [tier 2] browser/components/firefoxview/tests/browser/browser_history_firefoxview.js | Node is not focusable via the accessibility API: id: , tagName: BUTTON, className:  -"
1883628,Firefox,Firefox View,VERIFIED,FIXED,S3,--,2024-03-05T13:09:47Z,2024-03-08T04:49:54Z,125 Branch,Trunk,Pinned tabs should be expanded to two rows when the first row is full
1883632,Firefox,PDF Viewer,VERIFIED,FIXED,S4,--,2024-03-05T13:46:42Z,2024-03-07T12:41:24Z,125 Branch,Trunk,Highlights from the Edge of a PDF are not Saved or Printed
1883642,Firefox,Profile Backup,RESOLVED,FIXED,N/A,P1,2024-03-05T14:40:41Z,2024-03-19T09:42:05Z,126 Branch,unspecified,Add disk size measurements for places.sqlite and favicons.sqlite
1883646,Firefox,Nimbus Desktop Client,RESOLVED,FIXED,S3,P3,2024-03-05T14:48:56Z,2024-04-17T04:12:03Z,127 Branch,unspecified,Migrate abouthomecache to use setPref instead of isEarlyStartup
1883655,Firefox,Profile Backup,RESOLVED,FIXED,N/A,P1,2024-03-05T15:08:35Z,2024-04-05T09:44:40Z,126 Branch,unspecified,Add disk size measurements for all extensions data
1883656,Firefox,Nimbus Desktop Client,RESOLVED,FIXED,S3,P3,2024-03-05T15:08:43Z,2024-03-08T04:49:59Z,125 Branch,unspecified,Migrate backgroundThreads to use setPref instead of isEarlyStartup
1883657,Firefox,Nimbus Desktop Client,RESOLVED,FIXED,S3,P3,2024-03-05T15:08:47Z,2024-03-08T04:50:03Z,125 Branch,unspecified,Migrate backgroundUpdate to use setPref instead of isEarlyStartup
1883658,Firefox,Nimbus Desktop Client,RESOLVED,FIXED,S3,P3,2024-03-05T15:08:51Z,2024-03-08T04:50:08Z,125 Branch,unspecified,Migrate bookmarks to use setPref instead of isEarlyStartup
1883660,Firefox,Nimbus Desktop Client,RESOLVED,FIXED,S3,P3,2024-03-05T15:08:59Z,2024-03-14T05:18:02Z,125 Branch,unspecified,Migrate deviceMigration to use setPref instead of isEarlyStartup
1883661,Firefox,Nimbus Desktop Client,RESOLVED,FIXED,S3,P3,2024-03-05T15:09:03Z,2024-03-08T04:50:12Z,125 Branch,unspecified,Migrate frecency to use setPref instead of isEarlyStartup
1883663,Firefox,Nimbus Desktop Client,RESOLVED,FIXED,S3,P3,2024-03-05T15:09:08Z,2024-03-08T04:50:19Z,125 Branch,unspecified,Migrate fullPageTranslation to use setPref instead of isEarlyStartup
1883664,Firefox,Nimbus Desktop Client,RESOLVED,FIXED,S3,P3,2024-03-05T15:09:12Z,2024-03-08T04:50:23Z,125 Branch,unspecified,Migrate fullPageTranslationAutomaticPopup to use setPref instead of isEarlyStartup
1883666,Firefox,Nimbus Desktop Client,RESOLVED,FIXED,S3,P3,2024-03-05T15:09:16Z,2024-03-08T04:50:28Z,125 Branch,unspecified,Migrate fxaButtonVisibility to use setPref instead of isEarlyStartup
1883667,Firefox,Nimbus Desktop Client,RESOLVED,FIXED,S3,P3,2024-03-05T15:09:20Z,2024-03-08T04:50:35Z,125 Branch,unspecified,Migrate gcParallelMarking to use setPref instead of isEarlyStartup
1883668,Firefox,Nimbus Desktop Client,RESOLVED,FIXED,S3,P3,2024-03-05T15:09:23Z,2024-04-18T21:43:40Z,127 Branch,unspecified,Migrate gleanInternalSdk to use setPref instead of isEarlyStartup
1883670,Firefox,Nimbus Desktop Client,RESOLVED,FIXED,S3,P3,2024-03-05T15:09:27Z,2024-03-08T04:50:39Z,125 Branch,unspecified,Migrate jitHintsCache to use setPref instead of isEarlyStartup
1883671,Firefox,Nimbus Desktop Client,RESOLVED,FIXED,S3,P3,2024-03-05T15:09:31Z,2024-03-08T04:50:43Z,125 Branch,unspecified,Migrate jitThresholds to use setPref instead of isEarlyStartup
1883672,Firefox,Nimbus Desktop Client,RESOLVED,FIXED,S3,P3,2024-03-05T15:09:35Z,2024-03-08T04:50:48Z,125 Branch,unspecified,Migrate jsParallelParsing to use setPref instead of isEarlyStartup
1883673,Firefox,Nimbus Desktop Client,RESOLVED,FIXED,S3,P3,2024-03-05T15:09:40Z,2024-04-25T09:45:33Z,127 Branch,unspecified,Migrate majorRelease2022 to use setPref instead of isEarlyStartup
1883674,Firefox,Nimbus Desktop Client,RESOLVED,FIXED,S3,P3,2024-03-05T15:09:44Z,2024-03-08T04:50:52Z,125 Branch,unspecified,Migrate migrationWizard to use setPref instead of isEarlyStartup
1883676,Firefox,Nimbus Desktop Client,RESOLVED,FIXED,S3,P3,2024-03-05T15:09:52Z,2024-03-07T10:00:52Z,125 Branch,unspecified,Migrate nimbus-qa-2 to use setPref instead of isEarlyStartup
1883677,Firefox,Nimbus Desktop Client,RESOLVED,FIXED,S3,P3,2024-03-05T15:09:56Z,2024-03-08T04:50:58Z,125 Branch,unspecified,Migrate opaqueResponseBlocking to use setPref instead of isEarlyStartup
1883678,Firefox,Screenshots,RESOLVED,FIXED,--,--,2024-03-05T15:09:57Z,2024-03-06T04:48:03Z,125 Branch,Firefox 125,Web content can receive and dispatch events used by the screenshot component
1883679,Firefox,Nimbus Desktop Client,RESOLVED,FIXED,S3,P3,2024-03-05T15:10:01Z,2024-03-08T04:51:05Z,125 Branch,unspecified,Migrate phc to use setPref instead of isEarlyStartup
1883681,Firefox,Nimbus Desktop Client,RESOLVED,FIXED,S3,P3,2024-03-05T15:10:09Z,2024-03-08T04:51:09Z,125 Branch,unspecified,Migrate powerSaver to use setPref instead of isEarlyStartup
1883682,Firefox,Nimbus Desktop Client,RESOLVED,FIXED,S3,P3,2024-03-05T15:10:13Z,2024-03-26T04:14:53Z,126 Branch,unspecified,Migrate saveToPocket to use setPref instead of isEarlyStartup
1883683,Firefox,Nimbus Desktop Client,RESOLVED,FIXED,S3,P3,2024-03-05T15:10:17Z,2024-03-08T04:51:13Z,125 Branch,unspecified,Migrate reportBrokenSite to use setPref instead of isEarlyStartup
1883685,Firefox,Search,VERIFIED,FIXED,S3,P3,2024-03-05T15:10:21Z,2025-01-23T21:52:45Z,136 Branch,unspecified,Migrate searchConfiguration to use setPref instead of isEarlyStartup
1883686,Firefox,Nimbus Desktop Client,RESOLVED,FIXED,S3,P3,2024-03-05T15:10:25Z,2024-05-22T04:15:42Z,128 Branch,unspecified,Migrate shellService to use setPref instead of isEarlyStartup
1883688,Firefox,Nimbus Desktop Client,RESOLVED,FIXED,S3,P3,2024-03-05T15:10:32Z,2024-03-26T04:14:58Z,126 Branch,unspecified,Migrate updatePrompt to use setPref instead of isEarlyStartup
1883690,Firefox,Nimbus Desktop Client,RESOLVED,FIXED,S3,P3,2024-03-05T15:10:42Z,2024-03-08T04:51:18Z,125 Branch,unspecified,Migrate windowsJumpList to use setPref instead of isEarlyStartup
1883695,Firefox,Nimbus Desktop Client,RESOLVED,FIXED,--,--,2024-03-05T15:36:17Z,2024-03-06T04:48:15Z,125 Branch,unspecified,Require owner field for Nimbus Features
1883714,Firefox,Firefox View,VERIFIED,FIXED,--,--,2024-03-05T17:05:59Z,2024-03-08T04:51:22Z,125 Branch,unspecified,Notification/attention dot is no longer centered for bookmarked pinned tabs in Firefox View
1883717,Firefox,Screenshots,VERIFIED,FIXED,S3,P3,2024-03-05T17:25:51Z,2024-03-26T04:15:02Z,126 Branch,Trunk,Incorrect pixel count of screenshots on macOS with component Screenshots enabled
1883722,Firefox,Firefox View,RESOLVED,FIXED,--,P1,2024-03-05T17:37:56Z,2024-03-23T09:36:14Z,126 Branch,unspecified,Update Firefox View stylesheets to use forced-colors instead of prefers-contrast where appropriate
1883728,Firefox,New Tab Page,RESOLVED,FIXED,--,--,2024-03-05T18:21:29Z,2024-04-10T15:19:41Z,---,unspecified,use remote settings to store wallpapers for new tab
1883736,Firefox,Profile Backup,RESOLVED,FIXED,N/A,P3,2024-03-05T19:02:18Z,2024-03-21T09:42:08Z,126 Branch,unspecified,"Add disk size measurements for all logins, keys, certificates and payment methods stores"
1883739,Firefox,Profile Backup,RESOLVED,FIXED,N/A,P3,2024-03-05T19:10:06Z,2024-03-23T09:36:18Z,126 Branch,unspecified,Add disk size measurements for all general user preference and user permission stores
1883740,Firefox,Profile Backup,RESOLVED,FIXED,N/A,P1,2024-03-05T19:18:22Z,2024-03-27T05:07:40Z,126 Branch,unspecified,"Add disk size measurements for cookies, form history and sessions"
1883747,Firefox,Profile Backup,RESOLVED,FIXED,N/A,P3,2024-03-05T19:40:59Z,2024-03-27T05:07:45Z,126 Branch,unspecified,Add disk size measurements for a miscellaneous bag of data stores
1883765,Firefox,Screenshots,VERIFIED,FIXED,S3,P1,2024-03-05T21:03:22Z,2024-03-26T04:15:07Z,126 Branch,unspecified,[RTL] Screenshot UI is displayed as LTR
1883776,Firefox,Search,RESOLVED,FIXED,S3,P1,2024-03-05T21:36:04Z,2024-03-08T04:51:30Z,125 Branch,unspecified,Refactor preferences detecting a trending engine
1883807,Firefox,Address Bar,RESOLVED,FIXED,N/A,P1,2024-03-06T01:39:00Z,2024-03-07T10:01:16Z,125 Branch,unspecified,Enforce a two-character threshold for Suggest matches
1883811,Firefox,Search,RESOLVED,FIXED,N/A,P2,2024-03-06T02:14:18Z,2024-03-08T04:51:38Z,125 Branch,unspecified,Move domain processing into the child process
1883814,Firefox,Messaging System,RESOLVED,FIXED,--,P1,2024-03-06T03:43:48Z,2024-03-11T16:15:47Z,---,unspecified,clarify Skylight exps by indenting branches for visual hierarchy
1883820,Firefox,Messaging System,RESOLVED,FIXED,--,P1,2024-03-06T03:59:48Z,2024-03-14T21:41:26Z,---,unspecified,refactor Skylight nimbus experiment code
1883845,Firefox,Address Bar,VERIFIED,FIXED,S3,P1,2024-03-06T08:50:49Z,2024-03-09T21:09:02Z,125 Branch,unspecified,Top Sites view doesn't support cross container search
1883850,Firefox,Firefox View,VERIFIED,FIXED,S4,--,2024-03-06T09:14:37Z,2024-03-07T10:01:24Z,125 Branch,Trunk,Firefox View focus shifts to Recent browsing after refreshing the page
1883876,Firefox,Firefox View,VERIFIED,FIXED,S3,P1,2024-03-06T11:18:29Z,2024-03-23T09:36:26Z,126 Branch,Trunk,Firefox view changes to pinned tabs are sometimes not reflected on Open tabs
1883884,Firefox,PDF Viewer,RESOLVED,FIXED,--,--,2024-03-06T12:25:38Z,2024-10-16T21:12:28Z,132 Branch,unspecified,Support editing already existing highlights
1883890,Firefox,Firefox View,VERIFIED,FIXED,S4,P2,2024-03-06T13:01:37Z,2024-03-08T04:51:49Z,125 Branch,Trunk,Pinned tabs media indicators are not visible on hover in High Contrast mode
1883892,Firefox,Tabbed Browser,RESOLVED,FIXED,--,--,2024-03-06T13:09:32Z,2024-03-07T10:01:28Z,125 Branch,unspecified,Update Tabbed Browser triage rotation to include DJ and Niklas
1883901,Firefox,PDF Viewer,RESOLVED,FIXED,--,--,2024-03-06T13:45:56Z,2024-03-07T10:01:32Z,125 Branch,unspecified,Update PDF.js to new version 6bb6ce6a5d133c5aa318e2fff9d1df5326a1ea96 from 2024-03-06 13:39:58
1883911,Firefox,Migration,RESOLVED,FIXED,N/A,P1,2024-03-06T14:33:34Z,2024-03-09T03:36:53Z,125 Branch,unspecified,"Clean up pref used to hide/show the ""Switching to a new device"" help menu item"
1883916,Firefox,Search,RESOLVED,FIXED,N/A,P2,2024-03-06T14:58:47Z,2024-03-13T09:51:55Z,125 Branch,unspecified,Update search-telemetry-v2 schema with a nonAdsLinkQueryParamNames property
1883941,Firefox,Sidebar,RESOLVED,FIXED,--,P1,2024-03-06T16:34:30Z,2024-03-22T05:14:44Z,126 Branch,unspecified,Cleanup and port over sidebar launcher
1884003,Firefox,Data Loss Prevention,RESOLVED,FIXED,S4,--,2024-03-06T21:41:28Z,2024-04-11T04:28:50Z,126 Branch,unspecified,Remove some verbosity from CA logs
1884007,Firefox,New Tab Page,RESOLVED,FIXED,--,--,2024-03-06T21:46:31Z,2024-03-08T04:52:00Z,125 Branch,unspecified,Home and newtab fixing click events for Pocket sponsored topsites.
1884014,Firefox,Address Bar,RESOLVED,FIXED,S2,P1,2024-03-06T22:10:10Z,2024-03-07T10:02:08Z,125 Branch,unspecified,The Suggest Rust backend will stop serving suggestions for a while after a schema update
1884039,Firefox,Nimbus Desktop Client,RESOLVED,FIXED,S3,P1,2024-03-06T23:46:34Z,2024-03-21T09:42:17Z,126 Branch,unspecified,legacyHeartbeat Nimbus experiment does not send heartbeat pings to telemetry
1884059,Firefox,New Tab Page,RESOLVED,FIXED,--,--,2024-03-07T02:43:03Z,2024-03-08T04:52:12Z,125 Branch,unspecified,"Fixing ""Learn how privacy works on the new tab"" link in newtab"
1884094,Firefox,Address Bar,VERIFIED,FIXED,S3,P3,2024-03-07T10:16:52Z,2024-03-23T09:36:42Z,126 Branch,Firefox 125,"Bookmarks, Tabs and History suggestions are not displayed in Address Bar if user has a clipboard entry saved"
1884135,Firefox,Settings UI,RESOLVED,FIXED,--,--,2024-03-07T13:32:56Z,2024-03-11T21:20:02Z,125 Branch,unspecified,Button to add exception in Manage DNS-over-HTTPS subdialog is enabled when input box is empty
1884141,Firefox,Nimbus Desktop Client,RESOLVED,FIXED,--,--,2024-03-07T14:05:19Z,2024-03-11T16:23:44Z,125 Branch,unspecified,Annotate FeatureManifest.yaml with path to json schema so that errors can be detected by the IDE
1884146,Firefox,Address Bar,VERIFIED,FIXED,S3,--,2024-03-07T14:25:39Z,2024-03-15T17:15:14Z,125 Branch,unspecified,Cross containers switch-to-tab artifacts on the address bar dropdown
1884170,Firefox,Firefox View,RESOLVED,FIXED,--,--,2024-03-07T16:11:20Z,2024-03-08T04:52:19Z,125 Branch,unspecified,Options button fxview-tab-row-secondary-button on Firefox View History search results page is missing an icon
1884172,Firefox,Screenshots,VERIFIED,FIXED,--,--,2024-03-07T16:16:38Z,2024-03-13T09:52:08Z,125 Branch,unspecified,Can't paste a screenshot into Slack
1884180,Firefox,Screenshots,RESOLVED,FIXED,S4,P5,2024-03-07T16:44:48Z,2024-03-12T09:34:23Z,125 Branch,unspecified,Perma [tier 2] a11y browser/components/screenshots/tests/browser/browser_test_moving_tab_to_new_window.js | single tracking bug
1884181,Firefox,Settings UI,RESOLVED,FIXED,N/A,P1,2024-03-07T16:48:48Z,2024-03-12T21:47:55Z,125 Branch,unspecified,Rework some of the backend code behind the search settings UI
1884219,Firefox,Search,RESOLVED,FIXED,N/A,P2,2024-03-07T19:38:20Z,2024-03-09T03:37:21Z,125 Branch,unspecified,Prevent the extraction and parsing of hrefs containing Javascript
1884232,Firefox,Address Bar,RESOLVED,FIXED,S4,P3,2024-03-07T20:46:31Z,2024-03-14T09:27:54Z,125 Branch,unspecified,Dismissal acknowledgment tip padding is slightly uneven when it's the last result
1884265,Firefox,Shell Integration,RESOLVED,FIXED,--,--,2024-03-07T23:12:38Z,2024-03-26T04:15:15Z,126 Branch,unspecified,Expose the Windows ApplicationName registry property to nsILocalHandlerApp
1884278,Firefox,Firefox View,RESOLVED,FIXED,S4,P3,2024-03-08T01:32:29Z,2024-03-12T21:48:05Z,125 Branch,unspecified,Add an exception from a11y_checks for clicks on a not focusable pinned media button on Firefox View
1884322,Firefox,Firefox View,VERIFIED,FIXED,S3,--,2024-03-08T07:37:33Z,2024-03-10T09:22:14Z,125 Branch,Firefox 125,Any key will toggle mute/unmute button in Fx View
1884370,Firefox,Settings UI,RESOLVED,FIXED,S3,P3,2024-03-08T14:26:48Z,2024-04-03T09:40:40Z,126 Branch,unspecified,Settings description of DoH exceptions (Firefox won’t use secure DNS on these sites) is confusing
1884407,Firefox,Profile Backup,RESOLVED,FIXED,N/A,P1,2024-03-08T17:22:42Z,2024-03-13T21:35:56Z,125 Branch,unspecified,Add a probe to measure available disk space for profile directory storage device
1884417,Firefox,Tabbed Browser,RESOLVED,FIXED,S4,P2,2024-03-08T18:24:06Z,2024-03-13T09:52:20Z,125 Branch,unspecified,Address UX feedback for Tab Hover Preview
1884435,Firefox,Address Bar,VERIFIED,FIXED,S4,P1,2024-03-08T20:04:29Z,2024-03-09T03:37:45Z,125 Branch,unspecified,Remove bounding box / stroke from Yelp Suggestions UI
1884460,Firefox,Data Loss Prevention,RESOLVED,FIXED,N/A,P3,2024-03-08T22:53:14Z,2024-03-19T16:43:53Z,126 Branch,unspecified,Vendor and enable Updatebot for the Content Analysis SDK
1884479,Firefox,Translations,VERIFIED,FIXED,S3,--,2024-03-09T02:15:08Z,2024-05-30T04:10:55Z,128 Branch,unspecified,"Sometimes when switching ""to"" languages post-translate, the page does not update"
1884671,Firefox,Sidebar,RESOLVED,FIXED,--,--,2024-03-11T13:42:14Z,2024-03-11T21:20:55Z,125 Branch,unspecified,Create pref and directory for the new sidebar
1884681,Firefox,Disability Access,VERIFIED,FIXED,S4,--,2024-03-11T14:20:13Z,2026-02-13T04:46:57Z,149 Branch,Trunk,Checkbox description is not read on the Clear browsing data and cookies dialog
1884701,Firefox,Search,RESOLVED,FIXED,N/A,P3,2024-03-11T15:50:53Z,2024-03-12T09:35:27Z,125 Branch,unspecified,Simplify removing engines during reload engines with search-config-v2
1884705,Firefox,Remote Settings Client,RESOLVED,FIXED,--,--,2024-03-11T16:00:14Z,2024-03-13T21:36:11Z,125 Branch,unspecified,Add a function to allow getting attachments from the cache or dumps without downloading them
1884722,Firefox,Translations,RESOLVED,FIXED,S3,--,2024-03-11T17:04:50Z,2024-03-14T09:27:58Z,125 Branch,unspecified,Translating a specific page removes some whitespaces between words
1884727,Firefox,Messaging System,RESOLVED,FIXED,--,P1,2024-03-11T17:22:41Z,2024-03-15T16:49:51Z,---,unspecified,make Jira Bugzilla Integration propagate story points to JIRA
1884748,Firefox,Settings UI,RESOLVED,FIXED,S2,P1,2024-03-11T19:02:54Z,2024-03-29T04:53:34Z,126 Branch,unspecified,Multiple images on the about:preferences#sync page are missing alt text
1884781,Firefox,Theme,RESOLVED,FIXED,--,--,2024-03-11T21:14:32Z,2024-03-12T09:35:35Z,125 Branch,unspecified,Remove unused rule in windows/browser.css
1884784,Firefox,Shell Integration,RESOLVED,FIXED,S4,P5,2024-03-11T21:22:52Z,2024-03-19T09:42:33Z,126 Branch,unspecified,"Intermittent [TV] browser/components/tests/browser/browser_default_webprotocol_handler_mailto.js | site specific setting should initially not exist and return null. - null == ""system.under.test"" - {""filename"":""chrome://mochitests/content/browser/"
1884785,Firefox,Shell Integration,RESOLVED,FIXED,--,--,2024-03-11T21:29:04Z,2024-03-26T04:15:23Z,126 Branch,unspecified,Expose the path to the os default application to privileged extensions
1884854,Firefox,Address Bar,RESOLVED,FIXED,S3,P3,2024-03-12T05:07:06Z,2024-03-14T22:21:17Z,125 Branch,unspecified,Simplify urlbar weather fetching
1884901,Firefox,Translations,RESOLVED,FIXED,S3,--,2024-03-12T10:48:00Z,2024-04-06T08:59:08Z,126 Branch,unspecified,about:translations stops working until reloading the page
1884914,Firefox,Messaging System,VERIFIED,FIXED,S2,--,2024-03-12T12:27:19Z,2024-03-18T09:42:31Z,---,unspecified,[Experiment] The “Submit” button doesn't work on the Review Checker “Opted-out Survey”
1884923,Firefox,Search,RESOLVED,FIXED,N/A,P2,2024-03-12T13:23:45Z,2024-04-08T18:49:40Z,---,unspecified,Update search-telemetry-v2 with nonAdsLinkQueryParamNames to extract the redirect URL associated with the load for non ads links on Google
1884936,Firefox,Screenshots,VERIFIED,FIXED,S3,P1,2024-03-12T14:25:41Z,2024-03-13T09:52:53Z,125 Branch,unspecified,Black lines appear in screenshots
1884952,Firefox,Search,RESOLVED,FIXED,N/A,P2,2024-03-12T15:25:17Z,2024-03-21T21:19:58Z,126 Branch,unspecified,Add support for downloading new search engine icons from remote settings
1884970,Firefox,Tabbed Browser,RESOLVED,FIXED,S2,P1,2024-03-12T16:28:34Z,2024-08-06T21:13:51Z,131 Branch,unspecified,Close current tab button is missing an accessible name and role
1884981,Firefox,Firefox View,VERIFIED,FIXED,S2,P2,2024-03-12T17:29:31Z,2024-04-17T09:06:01Z,127 Branch,unspecified,Import history from another browser section on Firefox View History tab would not announce the context for buttons on it
1884986,Firefox,Firefox View,VERIFIED,FIXED,S2,P2,2024-03-12T17:57:25Z,2024-04-17T09:06:07Z,127 Branch,unspecified,Empty card on Firefox View Tabs From Other Devices tab would not announce the context for its button
1884995,Firefox,Profile Backup,RESOLVED,FIXED,N/A,P1,2024-03-12T18:30:12Z,2024-03-14T05:18:43Z,125 Branch,unspecified,Create base BackupResource class
1885002,Firefox,Search,RESOLVED,FIXED,--,P3,2024-03-12T18:52:41Z,2024-03-14T09:28:07Z,125 Branch,unspecified,Turn on search-config-v2 for Nightly
1885037,Firefox,Protections UI,RESOLVED,FIXED,--,--,2024-03-12T22:03:44Z,2024-03-14T05:18:59Z,125 Branch,unspecified,"""No trackers known to Firefox were detected on this page"" section should shrink when space is constrained, in the Protections popup"
1885064,Firefox,Sync,RESOLVED,FIXED,--,P1,2024-03-13T01:06:51Z,2024-04-20T09:43:13Z,127 Branch,unspecified,Ability to send and receive close remote tab pushes
1885121,Firefox,Search,RESOLVED,FIXED,N/A,P2,2024-03-13T12:08:46Z,2024-03-13T21:36:38Z,125 Branch,unspecified,Fix a few more tests that are broken with search-config-v2 enabled
1885134,Firefox,Firefox View,VERIFIED,FIXED,S4,P3,2024-03-13T13:12:53Z,2024-03-19T16:44:03Z,126 Branch,Trunk,Firefox View selected and focused category is displayed with extra border frame
1885143,Firefox,Tabbed Browser,VERIFIED,FIXED,S3,P1,2024-03-13T13:47:49Z,2024-05-09T04:13:16Z,127 Branch,unspecified,Tab hover previews disable the tab close button tooltip
1885146,Firefox,Tabbed Browser,RESOLVED,FIXED,S3,P2,2024-03-13T13:53:51Z,2024-04-16T03:51:23Z,127 Branch,unspecified,Tab hover preview panel colors don't integrate well with themes
1885158,Firefox,Translations,RESOLVED,FIXED,--,P3,2024-03-13T14:53:55Z,2024-04-17T04:12:08Z,127 Branch,unspecified,Clean up the data-moz-translations-id after translation
1885169,Firefox,Search,RESOLVED,FIXED,N/A,P2,2024-03-13T16:07:08Z,2024-03-16T09:27:39Z,125 Branch,unspecified,Make `skipCount` in search-telemetry-schema a definition rather than a possible property on each element
1885177,Firefox,Search,RESOLVED,FIXED,N/A,P3,2024-03-13T16:49:16Z,2024-03-14T09:28:18Z,125 Branch,unspecified,Fix test_settings_persist and browser_rich_suggestions with search-config-v2 enabled
1885193,Firefox,Search,RESOLVED,FIXED,N/A,P2,2024-03-13T18:01:17Z,2024-03-14T09:28:28Z,125 Branch,unspecified,Update mozilla-central copy of search-config-overrides-v2.json
1885264,Firefox,Address Bar,RESOLVED,FIXED,S4,P5,2024-03-14T06:34:07Z,2026-04-30T21:33:33Z,152 Branch,unspecified,Intermittent browser/components/urlbar/tests/quicksuggest/browser/browser_weather.js | single tracking bug
1885302,Firefox,Search,RESOLVED,FIXED,N/A,P3,2024-03-14T11:46:56Z,2024-03-20T21:19:32Z,126 Branch,unspecified,Fix jsdoc @type documentation issues in search code
1885306,Firefox,PDF Viewer,RESOLVED,FIXED,--,--,2024-03-14T12:12:41Z,2024-03-15T09:54:45Z,125 Branch,unspecified,Update PDF.js to new version 30e69956db3110b4a14d24af9f3ee74ae1ea03a7 from 2024-03-12 17:24:37
1885362,Firefox,Enterprise Policies,RESOLVED,FIXED,--,--,2024-03-14T15:51:33Z,2024-04-02T21:40:20Z,126 Branch,Firefox 115,"DefaultDownloadDirectory in policies.json results in locked ""save files to"" UI for user"
1885366,Firefox,Profile Backup,RESOLVED,FIXED,N/A,P3,2024-03-14T15:59:57Z,2024-03-19T09:43:04Z,126 Branch,unspecified,Make sure the BackupResource class exists in source docs
1885369,Firefox,Profile Backup,RESOLVED,FIXED,N/A,--,2024-03-14T16:02:47Z,2024-05-06T16:32:33Z,---,unspecified,[meta] Allow for staging of backup files for the single file archive
1885372,Firefox,Profile Backup,RESOLVED,FIXED,N/A,P1,2024-03-14T16:12:28Z,2024-03-27T21:50:35Z,126 Branch,unspecified,Implement a basic `createBackup` method on BackupService
1885385,Firefox,Shell Integration,RESOLVED,FIXED,--,--,2024-03-14T16:41:04Z,2024-04-11T04:28:57Z,126 Branch,unspecified,Only register native messaging host when default profile is being used
1885386,Firefox,Shell Integration,RESOLVED,FIXED,--,--,2024-03-14T16:42:45Z,2024-04-23T14:01:20Z,---,unspecified,Add tests for native messaging host registry key creation
1885391,Firefox,Search,RESOLVED,FIXED,N/A,P3,2024-03-14T16:58:17Z,2024-05-09T16:18:03Z,127 Branch,unspecified,Add Poland to our eBay support.
1885403,Firefox,Profile Backup,RESOLVED,FIXED,--,--,2024-03-14T18:17:20Z,2024-03-15T17:17:28Z,125 Branch,unspecified,Add legacy telemetry mirror for browser.backup.prof_d_disk_space Glean probe
1885421,Firefox,Migration,RESOLVED,FIXED,S3,P3,2024-03-14T20:41:43Z,2024-03-15T21:01:18Z,125 Branch,unspecified,Some links in the migration wizard open in the current tab instead of in a new tab
1885423,Firefox,Screenshots,RESOLVED,FIXED,N/A,P1,2024-03-14T20:44:29Z,2024-03-15T21:01:21Z,125 Branch,unspecified,Add niklas as co-owner of the Screenshots module
1885438,Firefox,Messaging System,RESOLVED,FIXED,S3,P2,2024-03-14T21:49:27Z,2024-04-16T18:50:21Z,---,unspecified,Skylight: remove version numbers for in-production messages
1885499,Firefox,Installer,VERIFIED,FIXED,S3,--,2024-03-15T09:38:43Z,2024-04-19T09:39:53Z,---,unspecified,[win] No shortcuts are created in the Start Menu Program folder after selecting “No” on the User Account Control (UAC) prompt
1885505,Firefox,PDF Viewer,RESOLVED,FIXED,S2,P1,2024-03-15T10:35:00Z,2025-06-26T13:48:17Z,142 Branch,unspecified,Screen readers will not read highlighted text inside a PDF
1885609,Firefox,Profile Backup,RESOLVED,FIXED,N/A,P3,2024-03-15T18:52:53Z,2024-04-11T09:56:09Z,126 Branch,unspecified,Implement `backup` method for PlacesBackupResource
1885614,Firefox,Profile Backup,RESOLVED,FIXED,N/A,P3,2024-03-15T18:59:26Z,2024-04-17T04:12:11Z,127 Branch,unspecified,Implement `backup` method for AddonsBackupResource
1885645,Firefox,Firefox Accounts,RESOLVED,FIXED,--,--,2024-03-15T19:56:45Z,2024-05-03T03:21:26Z,127 Branch,unspecified,Desktop sign-in entry-points confusing and mis-aligned
1885664,Firefox,Firefox View,RESOLVED,FIXED,S3,P2,2024-03-15T20:43:57Z,2024-04-22T21:49:22Z,127 Branch,unspecified,PlacesQuery#getHistory() should fetch all history items by default
1885883,Firefox,Sidebar,RESOLVED,FIXED,--,--,2024-03-18T12:58:28Z,2024-04-26T16:27:19Z,127 Branch,unspecified,Create an extensions API in SidebarUI
1885894,Firefox,Sidebar,RESOLVED,FIXED,--,--,2024-03-18T13:46:41Z,2024-05-07T09:15:51Z,127 Branch,unspecified,Remove sidebar persistence off of XULstore
1885897,Firefox,Address Bar,VERIFIED,FIXED,S3,P3,2024-03-18T13:56:08Z,2024-05-17T22:00:51Z,128 Branch,unspecified,Remove `browser.urlbar.update2.emptySearchBehavior`
1885929,Firefox,Profile Backup,RESOLVED,FIXED,N/A,P3,2024-03-18T15:20:53Z,2024-04-16T03:51:32Z,127 Branch,unspecified,Implement `backup` method for CredentialsAndSecurityBackupResource
1885939,Firefox,Profile Backup,RESOLVED,FIXED,N/A,P1,2024-03-18T15:42:30Z,2024-04-06T08:59:12Z,126 Branch,unspecified,Implement `backup` method for PreferencesBackupResource
1885941,Firefox,Profile Backup,RESOLVED,FIXED,N/A,P3,2024-03-18T15:46:47Z,2024-04-18T09:59:25Z,127 Branch,unspecified,"Implement `backup` method for the BackupResource(s) created for cookies, form history and sessions"
1885944,Firefox,Profile Backup,RESOLVED,FIXED,N/A,P3,2024-03-18T15:50:54Z,2024-04-11T04:29:01Z,126 Branch,unspecified,Implement `backup` method for the BackupResource(s) created for the miscellaneous bag of data stores
1885953,Firefox,Search,RESOLVED,FIXED,N/A,P3,2024-03-18T16:24:48Z,2024-12-20T09:46:46Z,135 Branch,unspecified,"Once search-config-v2 is shipping, remove the old application provided WebExtensions from user's profiles"
1885955,Firefox,Profile Backup,RESOLVED,FIXED,--,--,2024-03-18T16:30:46Z,2024-05-08T13:20:27Z,---,unspecified,[meta] Allow for recovering from a `recovery` folder within `backups` into a newly created named profile
1885958,Firefox,Messaging System,RESOLVED,FIXED,--,P1,2024-03-18T16:57:32Z,2024-04-01T17:55:43Z,---,unspecified,Skylight: Clarify what the ASRouter messages section is showing
1885962,Firefox,Messaging System,RESOLVED,FIXED,--,P1,2024-03-18T17:08:00Z,2024-03-28T21:29:15Z,---,unspecified,Skylight: show experiment count
1885981,Firefox,Theme,RESOLVED,FIXED,--,--,2024-03-18T18:15:43Z,2024-03-20T04:54:00Z,126 Branch,Trunk,Remove amy as Desktop Theme peer
1885988,Firefox,Messaging System,RESOLVED,FIXED,S3,P1,2024-03-18T18:34:33Z,2024-03-26T14:26:08Z,---,unspecified,[SPIKE] Investigate about:welcome survey template change
1885992,Firefox,Profile Backup,RESOLVED,FIXED,N/A,P3,2024-03-18T19:01:24Z,2024-03-19T22:01:25Z,126 Branch,unspecified,Write a unit test that ensures that BackupService.takeMeasurements calls `measure` on each `BackupResource`
1885993,Firefox,Profile Backup,RESOLVED,FIXED,N/A,P3,2024-03-18T19:04:19Z,2024-04-07T09:13:58Z,126 Branch,unspecified,Enable the BackupService initializer on Nightly by default
1886016,Firefox,Shell Integration,RESOLVED,FIXED,--,--,2024-03-18T20:10:24Z,2024-03-23T09:37:59Z,126 Branch,unspecified,Add get install ID command to Rust nmhproxy application
1886023,Firefox,Data Loss Prevention,RESOLVED,FIXED,--,--,2024-03-18T20:45:42Z,2024-03-27T09:39:06Z,126 Branch,unspecified,Content Analysis leaks a URL
1886052,Firefox,File Handling,RESOLVED,FIXED,S4,P5,2024-03-18T23:40:17Z,2024-03-19T02:03:14Z,126 Branch,unspecified,Intermittent TV uriloader/exthandler/tests/unit/test_getFromTypeAndExtension.js | single tracking bug
1886061,Firefox,Search,RESOLVED,FIXED,N/A,P3,2024-03-19T00:32:17Z,2024-03-23T09:38:12Z,126 Branch,unspecified,Add a Nimbus option to toggle the search-config-v2 preference
1886095,Firefox,Search,RESOLVED,FIXED,N/A,P2,2024-03-19T05:41:35Z,2024-04-04T21:37:15Z,126 Branch,unspecified,Investigate other means of storing domains on client
1886114,Firefox,Firefox View,RESOLVED,FIXED,S4,P5,2024-03-19T08:51:42Z,2024-03-20T04:54:14Z,126 Branch,unspecified,Perma [Tier 2 a11y only] TEST-UNEXPECTED-PASS | browser/components/firefoxview/tests/browser/browser_opentabs_more.js | We expect at least one assertion to fail because this test file is marked as fail-if in the manifest. -
1886172,Firefox,Address Bar,RESOLVED,FIXED,N/A,P3,2024-03-19T13:34:59Z,2024-10-15T11:41:41Z,---,unspecified,[META][QA][QA-2352] Validate Search Session Exposures Experiment
1886174,Firefox,Profile Backup,RESOLVED,FIXED,N/A,P3,2024-03-19T13:38:42Z,2024-04-10T09:53:02Z,126 Branch,unspecified,Let the BackupService initializer ride the trains by default
1886175,Firefox,Address Bar,VERIFIED,FIXED,S2,P1,2024-03-19T13:38:48Z,2024-03-21T21:22:02Z,126 Branch,Trunk,[Experiment] The exposure event for non-sponsored results is registered on holdback branch only if previously a sponsored result was triggered
1886186,Firefox,Address Bar,VERIFIED,FIXED,S3,--,2024-03-19T14:21:51Z,2024-03-25T16:57:31Z,---,Trunk,[Experiment] Non Sponsored results coming from Merino are displayed in the holdback branch
1886199,Firefox,Enterprise Policies,RESOLVED,FIXED,S4,--,2024-03-19T14:56:33Z,2024-03-26T16:54:19Z,126 Branch,other,Allow enabling privacy.userContext.enabled and privacy.userContext.enabled within policy.json
1886203,Firefox,Shell Integration,VERIFIED,FIXED,S3,--,2024-03-19T15:11:27Z,2024-04-05T21:44:39Z,126 Branch,Firefox 125,Incorrect confirmation message shown in the mailto infobar
1886222,Firefox,General,RESOLVED,FIXED,N/A,P1,2024-03-19T16:11:16Z,2024-06-19T21:43:20Z,129 Branch,unspecified,Simplify BrowserTabChild.sys.mjs
1886255,Firefox,Data Loss Prevention,RESOLVED,FIXED,--,--,2024-03-19T18:16:50Z,2024-03-28T09:29:48Z,126 Branch,unspecified,Update Content Analysis SDK to new version 9a408736204513e0e95dd2ab3c08de0d95963efc from 2023-09-20 15:27:43
1886268,Firefox,Settings UI,RESOLVED,FIXED,S4,P3,2024-03-19T19:28:13Z,2024-03-21T09:43:22Z,126 Branch,unspecified,Add exceptions from a11y_checks for two clicks on non-interactive elements in Settings UI
1886358,Firefox,Theme,VERIFIED,FIXED,S3,P3,2024-03-20T07:12:10Z,2024-06-20T04:09:59Z,129 Branch,unspecified,"""Firefox Alpenglow"" Theme Obscures Icons"
1886362,Firefox,Messaging System,VERIFIED,FIXED,S3,P1,2024-03-20T07:26:48Z,2024-04-27T09:30:09Z,127 Branch,unspecified,"The 'import browsers' button on the about:welcome page lacks a collapse function, only expanding the list of browsers."
1886408,Firefox,Sidebar,RESOLVED,FIXED,--,--,2024-03-20T11:31:10Z,2024-07-26T03:59:45Z,130 Branch,unspecified,Finalize history in sidebar
1886427,Firefox,PDF Viewer,VERIFIED,FIXED,S3,P1,2024-03-20T12:56:54Z,2024-03-22T13:08:26Z,126 Branch,Trunk,Voice Over focus frame is bigger than the highlighted text
1886503,Firefox,Messaging System,VERIFIED,FIXED,S2,--,2024-03-20T16:16:33Z,2024-03-26T09:41:54Z,---,unspecified,[Experiment] The “Recommended Media Addons” Panel is not triggered on all of the websites
1886507,Firefox,Messaging System,VERIFIED,FIXED,S2,--,2024-03-20T16:20:27Z,2024-03-25T17:47:50Z,---,Firefox 124,[Experiment] The “Recommended Media Addons” Panel is not dismissed after clicking the “Show fewer recommendations” option
1886552,Firefox,Profile Backup,RESOLVED,FIXED,S4,P5,2024-03-20T18:25:14Z,2024-03-20T23:35:09Z,126 Branch,unspecified,Intermittent TV browser/components/backup/tests/xpcshell/test_measurements.js | single tracking bug
1886558,Firefox,Data Loss Prevention,VERIFIED,FIXED,S3,--,2024-03-20T18:41:54Z,2024-06-06T09:31:03Z,128 Branch,unspecified,Content Analysis should not check any about: pages
1886586,Firefox,PDF Viewer,VERIFIED,FIXED,S3,P1,2024-03-20T20:08:51Z,2024-03-22T13:07:48Z,126 Branch,unspecified,Enabling caret browsing mode with F7 only take effect after reloading the pdf
1886592,Firefox,Search,RESOLVED,FIXED,S4,P5,2024-03-20T20:21:31Z,2024-03-20T20:42:38Z,126 Branch,unspecified,Intermittent TV browser/components/search/test/browser/telemetry/browser_search_glean_serp_event_telemetry_categorization_enabled_by_nimbus_variable.js | single tracking bug
1886613,Firefox,Profile Backup,RESOLVED,FIXED,N/A,P3,2024-03-20T21:30:14Z,2024-04-22T21:49:26Z,127 Branch,unspecified,Make `BackupService.createBackup` rename the `staging` folder to a date after creating the backup completes
1886614,Firefox,Profile Backup,RESOLVED,FIXED,N/A,P3,2024-03-20T21:33:39Z,2024-04-23T09:47:49Z,127 Branch,unspecified,Write a Marionette test that ensures that all expected data stores are copied to the staging folder on `BackupService.createBackup`
1886659,Firefox,Session Restore,RESOLVED,FIXED,N/A,P1,2024-03-21T02:26:58Z,2024-04-06T08:59:27Z,126 Branch,unspecified,Remove or update probes expiring in Firefox 127: FX_SESSION_RESTORE_CLOSED_TABS_NOT_SAVED before Gecko version gets increased to 127 on 2024-04-15
1886694,Firefox,Address Bar,VERIFIED,FIXED,S4,P1,2024-03-21T09:29:40Z,2024-03-21T21:22:31Z,126 Branch,Trunk,The weather suggest content is not centered while it is displayed on 4 rows
1886701,Firefox,Messaging System,VERIFIED,FIXED,S3,--,2024-03-21T10:00:26Z,2024-03-25T17:08:21Z,---,unspecified,[Experiment] The “Dismiss” button is missing text on the Treatment C branch of the experiment
1886707,Firefox,Theme,RESOLVED,FIXED,--,--,2024-03-21T10:26:26Z,2024-03-21T21:22:35Z,126 Branch,unspecified,Remove Amy from triage rotation
1886729,Firefox,Theme,RESOLVED,FIXED,--,--,2024-03-21T12:10:48Z,2024-03-27T21:51:24Z,126 Branch,unspecified,Consider using desktop tinting for tab bar on default macOS theme
1886753,Firefox,Translations,RESOLVED,FIXED,S3,P3,2024-03-21T13:35:43Z,2024-04-04T03:48:53Z,126 Branch,unspecified,Broken context menu in sidebar due to missing translations fluent reference
1886761,Firefox,Address Bar,VERIFIED,FIXED,S4,P3,2024-03-21T14:10:52Z,2024-04-04T21:37:28Z,126 Branch,Trunk,Switch to tab and Visit from clipboard buttons aren't vertically centered in their row
1886766,Firefox,Address Bar,VERIFIED,FIXED,S3,P3,2024-03-21T14:23:18Z,2024-03-27T12:57:40Z,---,unspecified,Certain domains are not autofilled anymore in favor of old bookmarked sites
1886796,Firefox,PDF Viewer,RESOLVED,FIXED,--,--,2024-03-21T15:52:46Z,2024-03-21T21:22:52Z,126 Branch,unspecified,Enable pdfjs.enableHighlightFloatingButton in nightly
1886807,Firefox,Bookmarks & History,VERIFIED,FIXED,S3,P3,2024-03-21T16:15:34Z,2024-05-08T03:50:49Z,127 Branch,unspecified,Text-link in the Personal Toolbar is not accessible and its context is missing
1886833,Firefox,New Tab Page,VERIFIED,FIXED,--,--,2024-03-21T17:42:34Z,2024-05-07T09:15:57Z,127 Branch,unspecified,Home and newtab create a weather feed
1886842,Firefox,Security,RESOLVED,FIXED,--,--,2024-03-21T18:10:58Z,2025-12-18T16:19:20Z,---,unspecified,[meta] pwn2own-2024
1886843,Firefox,Screenshots,VERIFIED,FIXED,S3,P3,2024-03-21T18:16:20Z,2024-04-05T09:44:50Z,126 Branch,unspecified,"Component-based screenshot UI swaps the order of ""Save Visible"" & ""Save Full Page"" buttons (maybe by accident?)"
1886847,Firefox,Sidebar,RESOLVED,FIXED,--,--,2024-03-21T18:31:48Z,2024-08-03T09:54:36Z,130 Branch,unspecified,Update sidebar theme colors and styling polish
1886852,Firefox,Session Restore,RESOLVED,FIXED,--,--,2024-03-21T18:52:18Z,2024-03-21T21:29:07Z,126 Branch,unspecified,[pwn2own-2024] sandbox escape using non-SHIP session restore
1886856,Firefox,Messaging System,RESOLVED,FIXED,--,P1,2024-03-21T19:00:16Z,2024-03-28T21:39:51Z,126 Branch,unspecified,Enable about:messagepreview to decode non-latin text
1886862,Firefox,Messaging System,RESOLVED,FIXED,S3,P2,2024-03-21T19:17:25Z,2024-04-26T04:20:21Z,127 Branch,unspecified,Add localization preview files to about:messagepreview to fix missing strings
1886872,Firefox,PDF Viewer,RESOLVED,FIXED,--,--,2024-03-21T20:05:00Z,2024-03-22T05:15:07Z,126 Branch,unspecified,Update PDF.js to new version 067c49dc49ce37ea99106f7d836456025f7ef5f4 from 2024-03-21 18:02:25
1886892,Firefox,Session Restore,RESOLVED,FIXED,--,--,2024-03-21T21:49:27Z,2024-04-06T11:21:16Z,126 Branch,unspecified,Remove non-SHIP code from Desktop SessionStore
1886959,Firefox,PDF Viewer,VERIFIED,FIXED,S3,P1,2024-03-22T09:45:38Z,2024-03-27T09:21:49Z,126 Branch,Trunk,Undo  functionality stops working after Deleting a Highlight in a PDF file
1886960,Firefox,Theme,RESOLVED,FIXED,--,--,2024-03-22T09:49:12Z,2024-03-23T09:40:39Z,126 Branch,unspecified,Land the more native-looking macOS theme behind a pref.
1886964,Firefox,PDF Viewer,VERIFIED,FIXED,S4,P1,2024-03-22T10:18:46Z,2024-03-27T09:21:15Z,126 Branch,Trunk,NVDA does not read the Highlight floating button when hovered over with the mouse cursor
1886975,Firefox,Address Bar,VERIFIED,FIXED,S2,P1,2024-03-22T11:18:52Z,2024-03-25T21:50:27Z,126 Branch,unspecified,Places Migration function to 76 is not invoked.
1886990,Firefox,Sidebar,RESOLVED,FIXED,--,--,2024-03-22T11:51:10Z,2024-04-03T09:41:06Z,126 Branch,unspecified,Move `browser-sidebar.js` into the new `browser/components/sidebar` directory
1886994,Firefox,General,RESOLVED,FIXED,--,--,2024-03-22T12:03:10Z,2024-03-23T09:40:44Z,126 Branch,unspecified,Update the firefox peers
1886999,Firefox,General,RESOLVED,FIXED,S3,P3,2024-03-22T12:25:39Z,2025-03-11T17:49:54Z,---,unspecified,[meta] updates to data-review process implementation
1887010,Firefox,Search,RESOLVED,FIXED,N/A,P1,2024-03-22T13:23:07Z,2024-03-25T17:45:01Z,---,unspecified,Update Google's domain extraction method in search-telemetry-v2
1887011,Firefox,Messaging System,VERIFIED,FIXED,S4,P1,2024-03-22T13:23:26Z,2024-11-08T09:54:01Z,134 Branch,unspecified,[MSIX] Small delay untill next scren is displayed when setting Firefox as the default browser from the about:welcome page
1887029,Firefox,Session Restore,RESOLVED,FIXED,--,--,2024-03-22T14:31:05Z,2024-04-06T11:21:43Z,126 Branch,unspecified,Restrict tab attributes TabAttributes can restore
1887038,Firefox,Messaging System,RESOLVED,FIXED,--,P1,2024-03-22T15:03:42Z,2024-04-26T21:48:49Z,127 Branch,unspecified,Clean up whats-new-panel pref and policies
1887039,Firefox,Sidebar,RESOLVED,FIXED,--,--,2024-03-22T15:05:34Z,2024-04-11T21:39:04Z,126 Branch,unspecified,Add icons to device headers in Synced Tabs
1887066,Firefox,Messaging System,RESOLVED,FIXED,--,P1,2024-03-22T16:00:29Z,2024-03-26T04:16:03Z,126 Branch,unspecified,Remove prettier formatting from schema files in ASRouter
1887077,Firefox,Messaging System,RESOLVED,FIXED,S3,P1,2024-03-22T16:27:45Z,2024-04-08T15:05:49Z,---,unspecified,"Filter experiment branch dashboards against branches, enable about:welcome dashboards"
1887090,Firefox,Translations,RESOLVED,FIXED,--,P4,2024-03-22T17:12:18Z,2025-07-23T22:23:33Z,143 Branch,unspecified,Rename about:translations translations.mjs to aboutTranslations.mjs
1887093,Firefox,Screenshots,VERIFIED,FIXED,S4,P1,2024-03-22T17:23:07Z,2024-04-18T09:59:35Z,127 Branch,unspecified,Text selection cleared when screenshot is taken
1887152,Firefox,Messaging System,RESOLVED,FIXED,--,P3,2024-03-22T19:44:24Z,2024-10-29T19:37:02Z,---,unspecified,[Experiment] Configure & Launch PDF.js Annotations Re-run
1887179,Firefox,Data Loss Prevention,RESOLVED,FIXED,--,--,2024-03-22T20:39:50Z,2024-07-23T19:12:49Z,---,unspecified,Write documentation for Content Analysis policies
1887220,Firefox,Firefox View,RESOLVED,FIXED,S3,P1,2024-03-22T22:29:57Z,2024-05-01T21:51:40Z,127 Branch,unspecified,Rework map computations in history
1887227,Firefox,Search,RESOLVED,FIXED,N/A,P1,2024-03-22T23:44:01Z,2024-03-27T05:08:17Z,126 Branch,unspecified,Allow the ability to reset CategorizationRecorder from tests
1887233,Firefox,Search,RESOLVED,FIXED,N/A,P1,2024-03-23T00:30:08Z,2024-03-26T09:58:36Z,126 Branch,unspecified,Don't consider non-sponsored components as visible ads
1887237,Firefox,Firefox View,RESOLVED,FIXED,S4,P5,2024-03-23T01:18:19Z,2024-04-18T09:59:39Z,127 Branch,unspecified,"Intermittent TV browser/components/firefoxview/tests/browser/browser_firefoxview_paused.js | This test exceeded the timeout threshold. It should be rewritten or split up. If that's not possible, use requestLongerTimeout(N), but only as a last resort. -"
1887280,Firefox,Security,RESOLVED,FIXED,S4,P5,2024-03-23T03:17:23Z,2024-03-30T19:36:54Z,---,unspecified,Perma esr 115 browser/base/content/test/fullscreen/browser_fullscreen_permissions_prompt.js | single tracking bug
1887308,Firefox,Translations,RESOLVED,FIXED,S4,P5,2024-03-23T09:59:34Z,2024-03-26T04:16:20Z,126 Branch,unspecified,Perma Documentation ./mach doc | Error: 1 new warnings have been introduced compared to the limit in docs/config.yml
1887320,Firefox,PDF Viewer,VERIFIED,FIXED,S3,P1,2024-03-23T11:40:09Z,2024-04-02T13:14:16Z,126 Branch,unspecified,PDF.js PDF file editing - HTML injection can cause data exfiltration
1887331,Firefox,Search,RESOLVED,FIXED,S4,P5,2024-03-23T13:53:35Z,2024-03-26T04:16:24Z,126 Branch,unspecified,c-c perma toolkit/components/search/tests/xpcshell/test_search_config_v2_nimbus.js failure after bug 1886061
1887467,Firefox,Untriaged,RESOLVED,FIXED,--,--,2024-03-23T22:55:33Z,2024-03-25T11:01:54Z,126 Branch,Firefox 123,Enable CustomStateSet in nightlies
1887529,Firefox,Translations,RESOLVED,FIXED,S3,--,2024-03-24T03:20:55Z,2024-04-04T03:49:05Z,126 Branch,Firefox 124,"""More Translation Settings"" expanding for a split second when opening about:preferences for the first time within the same session"
1887543,Firefox,Untriaged,RESOLVED,FIXED,--,--,2024-03-24T11:12:59Z,2024-04-08T21:56:09Z,126 Branch,Firefox 123,Enable CustomStateSet by default
1887641,Firefox,Search,RESOLVED,FIXED,N/A,P3,2024-03-25T13:22:14Z,2025-02-24T12:26:13Z,---,Trunk,[meta] SERP categorization - QA bug tracking
1887647,Firefox,Firefox View,VERIFIED,FIXED,S2,P1,2024-03-25T13:59:28Z,2024-03-28T21:40:25Z,126 Branch,unspecified,Tabs from other devices doesn't render on first load
1887655,Firefox,New Tab Page,RESOLVED,FIXED,--,--,2024-03-25T14:28:55Z,2024-03-29T04:53:50Z,126 Branch,unspecified,newtab spoc ping - add timestamps to undestand contributions to callback delays
1887686,Firefox,Search,RESOLVED,FIXED,N/A,P1,2024-03-25T16:01:01Z,2024-03-26T04:16:47Z,126 Branch,unspecified,Add shopping page property to SERP categorization event
1887692,Firefox,Messaging System,RESOLVED,FIXED,S3,P1,2024-03-25T16:16:08Z,2024-04-10T15:32:01Z,---,unspecified,[Experiment] Configure and Launch Split Set to Default and Pin onto Separate Screens for 1-click Set to Default Removal
1887698,Firefox,Search,RESOLVED,FIXED,N/A,P1,2024-03-25T16:31:29Z,2024-03-28T09:30:07Z,126 Branch,unspecified,Enable SERP Categorization on Nightly
1887711,Firefox,Address Bar,RESOLVED,FIXED,N/A,P3,2024-03-25T17:01:43Z,2024-03-28T21:40:38Z,126 Branch,unspecified,Remove merino_adm_nonsponsored from metrics.yaml docs
1887732,Firefox,Nimbus Desktop Client,RESOLVED,FIXED,S3,P1,2024-03-25T18:14:54Z,2024-04-04T21:37:36Z,126 Branch,unspecified,Support setPref for JSON values
1887736,Firefox,Bookmarks & History,VERIFIED,FIXED,S3,P3,2024-03-25T18:38:02Z,2024-03-27T21:52:42Z,126 Branch,unspecified,no longer possible to delete more than one bookmark separator
1887739,Firefox,Firefox Accounts,RESOLVED,FIXED,S4,P3,2024-03-25T18:59:14Z,2024-05-18T09:27:39Z,128 Branch,unspecified,Reconecting an account using the oauth flows fails.
1887741,Firefox,PDF Viewer,RESOLVED,FIXED,--,--,2024-03-25T19:01:10Z,2024-03-27T05:08:32Z,126 Branch,unspecified,Update PDF.js to new version 3d7ea6076d0473438279e5bf328d6ddd8ac5c44c from 2024-03-25 18:55:48
1887746,Firefox,Profile Backup,RESOLVED,FIXED,N/A,P1,2024-03-25T19:55:38Z,2024-04-03T09:41:27Z,126 Branch,unspecified,Add disk size measurements for all sqlite files in storage/permanent/chrome
1887752,Firefox,Profile Backup,RESOLVED,FIXED,N/A,P3,2024-03-25T20:37:48Z,2024-04-18T09:59:42Z,127 Branch,unspecified,Construct and write the backup-manifest.json file to the staging folder inside of BackupService.createBackup
1887754,Firefox,Profile Backup,RESOLVED,FIXED,S4,P5,2024-03-25T20:49:26Z,2024-03-25T22:25:05Z,126 Branch,unspecified,Perma [tier 2] browser/components/backup/tests/xpcshell/test_measurements.js | single tracking bug
1887765,Firefox,Profile Backup,RESOLVED,FIXED,N/A,P3,2024-03-25T21:45:24Z,2024-06-26T04:10:07Z,129 Branch,unspecified,Add telemetry to report the total size of the backup staging directory.
1887821,Firefox,Normandy Client,RESOLVED,FIXED,--,--,2024-03-26T08:08:32Z,2024-04-04T03:49:15Z,126 Branch,unspecified,c-c perma toolkit/components/normandy/test/unit/test_RecipeRunner.js after enabling normandy
1887925,Firefox,Settings UI,RESOLVED,FIXED,--,--,2024-03-26T16:49:52Z,2024-03-27T05:08:48Z,126 Branch,unspecified,telemetryBucketForCategory in preferences.js is unused
1887943,Firefox,Search,RESOLVED,FIXED,N/A,P1,2024-03-26T17:59:56Z,2024-04-03T09:41:31Z,126 Branch,unspecified,Refine textContent domain extraction method
1887953,Firefox,Translations,RESOLVED,FIXED,--,P3,2024-03-26T19:11:01Z,2024-04-06T08:59:39Z,126 Branch,unspecified,Improve SelectTranslationsPanel language detection algorithm
1887966,Firefox,Search,RESOLVED,FIXED,N/A,P3,2024-03-26T20:23:41Z,2024-05-08T21:23:07Z,127 Branch,unspecified,Follow-up work to schema changes
1888019,Firefox,Firefox Accounts,RESOLVED,FIXED,--,--,2024-03-27T01:38:27Z,2024-06-19T10:02:17Z,127 Branch,unspecified,"Use a different client ID, scope and keys for Sync in Thunderbird"
1888148,Firefox,Tabbed Browser,RESOLVED,FIXED,S3,P1,2024-03-27T14:55:44Z,2024-05-23T12:04:42Z,---,Trunk,Restoring a session can make the tab hover preview from a background window overlap the focused window/s
1888196,Firefox,Sidebar,RESOLVED,FIXED,--,--,2024-03-27T17:06:24Z,2024-04-05T09:45:04Z,126 Branch,unspecified,Replace regular dashes with em dash in fluent file.
1888221,Firefox,Sync,RESOLVED,FIXED,N/A,P3,2024-03-27T18:06:23Z,2024-04-03T09:41:44Z,126 Branch,unspecified,Replace `validateURL` with `URL.parse`
1888228,Firefox,Messaging System,RESOLVED,FIXED,--,P1,2024-03-27T18:21:08Z,2024-03-27T19:26:49Z,---,unspecified,Correct the asrouter-admin bundle
1888250,Firefox,PDF Viewer,RESOLVED,FIXED,--,--,2024-03-27T20:00:03Z,2024-03-28T09:30:49Z,126 Branch,unspecified,Update PDF.js to new version e384df6f16b9ad1c55d1bc325bcae7e096ef3f9b from 2024-03-27 19:54:30
1888259,Firefox,Data Loss Prevention,VERIFIED,FIXED,--,--,2024-03-27T20:48:59Z,2024-04-03T09:41:51Z,126 Branch,unspecified,Show a notification when an operation is rejected due to no agent connection
1888263,Firefox,Installer,RESOLVED,FIXED,S3,--,2024-03-27T21:24:13Z,2024-04-23T21:43:17Z,127 Branch,Firefox 124,"""Open Firefox automatically when your computer starts up"" is not working on windows 11"
1888291,Firefox,Data Loss Prevention,VERIFIED,FIXED,--,--,2024-03-27T23:22:09Z,2024-04-04T09:35:21Z,126 Branch,unspecified,about:support DLP connection status not updated after agent exits
1888293,Firefox,Data Loss Prevention,VERIFIED,FIXED,S4,--,2024-03-27T23:26:20Z,2025-02-20T16:50:16Z,137 Branch,unspecified,Connection to agent is not re-established if agent is restarted or started after Nightly
1888299,Firefox,Sync,RESOLVED,FIXED,S3,P3,2024-03-27T23:44:45Z,2024-07-23T09:37:09Z,130 Branch,unspecified,Investigate ways to ensure remote tabs push gets sent before browser closes
1888348,Firefox,Theme,VERIFIED,FIXED,--,--,2024-03-28T08:48:21Z,2024-04-03T09:42:04Z,126 Branch,unspecified,"Toolbars are using lighter gray with ""System theme — auto"" and dark OS theme in latest nightly"
1888412,Firefox,Profile Backup,RESOLVED,FIXED,N/A,P3,2024-03-28T13:55:49Z,2024-08-15T21:33:43Z,131 Branch,unspecified,Add the BackupResource subclasses to the backup-resources source doc
1888419,Firefox,Menus,RESOLVED,FIXED,N/A,P3,2024-03-28T14:12:22Z,2024-04-03T09:42:08Z,126 Branch,unspecified,"""Show More Tabs"" label in synced tabs menu should be in sentence case"
1888436,Firefox,Profile Backup,RESOLVED,FIXED,N/A,P3,2024-03-28T15:11:29Z,2024-04-23T09:47:53Z,127 Branch,unspecified,"Add a ""recover"" method to the BackupResource base class"
1888440,Firefox,Profile Backup,RESOLVED,FIXED,N/A,P3,2024-03-28T15:21:20Z,2024-04-30T09:50:10Z,127 Branch,unspecified,Implement `recover` for CookiesBackupResource
1888442,Firefox,Profile Backup,RESOLVED,FIXED,N/A,P3,2024-03-28T15:21:56Z,2024-04-30T09:50:14Z,127 Branch,unspecified,Implement `recover` for CredentialsAndSecurityBackupResource
1888444,Firefox,Profile Backup,RESOLVED,FIXED,N/A,P3,2024-03-28T15:22:22Z,2024-04-26T04:20:39Z,127 Branch,unspecified,Implement `recover` for FormHistoryBackupResource
1888445,Firefox,Profile Backup,RESOLVED,FIXED,N/A,P3,2024-03-28T15:22:43Z,2024-04-25T20:37:09Z,127 Branch,unspecified,Implement `recover` for MiscDataBackupResource
1888446,Firefox,Profile Backup,RESOLVED,FIXED,N/A,P3,2024-03-28T15:23:01Z,2024-04-30T09:50:19Z,127 Branch,unspecified,Implement `recover` for PlacesBackupResource
1888447,Firefox,Profile Backup,RESOLVED,FIXED,N/A,P3,2024-03-28T15:23:17Z,2024-04-25T09:45:47Z,127 Branch,unspecified,Implement `recover` for PreferencesBackupResource
1888448,Firefox,Profile Backup,RESOLVED,FIXED,N/A,P3,2024-03-28T15:23:35Z,2024-05-04T09:36:50Z,127 Branch,unspecified,Implement `recover` for SessionStoreBackupResource
1888451,Firefox,Enterprise Policies,RESOLVED,FIXED,S3,P3,2024-03-28T15:28:44Z,2026-05-22T09:34:36Z,153 Branch,other,Setting custom SanitizeOnShutdown policy doesn't result in locked History Options Dropdown
1888454,Firefox,New Tab Page,RESOLVED,FIXED,--,--,2024-03-28T15:40:34Z,2024-04-10T09:53:26Z,126 Branch,unspecified,0.34 - 0.27% installer size / installer size + 1 more (OSX) regression on Thu March 21 2024
1888461,Firefox,PDF Viewer,RESOLVED,FIXED,--,--,2024-03-28T16:07:41Z,2024-06-10T21:33:09Z,129 Branch,unspecified,pdf.js tests are intermittently failing
1888463,Firefox,Tabbed Browser,VERIFIED,FIXED,S4,--,2024-03-28T16:24:20Z,2024-04-23T07:19:14Z,---,Trunk,Extra padding on the bottom border of a imageless tab hover preview
1888477,Firefox,Enterprise Policies,VERIFIED,FIXED,S3,P3,2024-03-28T17:05:47Z,2026-06-02T09:37:13Z,153 Branch,other,PopupBlocking policy - locking is not working completely correct
1888491,Firefox,Profile Backup,RESOLVED,FIXED,N/A,P1,2024-03-28T17:45:05Z,2024-04-04T03:50:00Z,126 Branch,unspecified,Create a debugging / developer chrome:// page for backup
1888498,Firefox,Data Loss Prevention,RESOLVED,FIXED,--,--,2024-03-28T18:11:59Z,2024-04-02T09:46:34Z,126 Branch,unspecified,MOZ_ASSERT if empty text content in clipboard for DLP
1888506,Firefox,Search,RESOLVED,FIXED,N/A,P1,2024-03-28T18:22:53Z,2024-04-08T18:50:31Z,---,unspecified,"Improve accuracy of ad counts on Google Shopping and Images, and Google Image Domain Extraction for Organic Results"
1888540,Firefox,New Tab Page,VERIFIED,FIXED,--,--,2024-03-28T20:03:47Z,2024-05-09T09:47:13Z,127 Branch,unspecified,Home and newtab turn on third sponsored tile position
1888548,Firefox,Enterprise Policies,RESOLVED,FIXED,S2,P2,2024-03-28T20:31:47Z,2024-05-09T21:26:37Z,127 Branch,other,dom.security.https_only_mode - impossible to set exceptions
1888594,Firefox,Address Bar,RESOLVED,FIXED,S4,P5,2024-03-29T01:21:53Z,2024-04-04T03:50:10Z,126 Branch,unspecified,Intermittent browser/components/urlbar/tests/quicksuggest/browser/browser_quicksuggest_mdn.js | single tracking bug
1888627,Firefox,Address Bar,RESOLVED,FIXED,S3,P3,2024-03-29T09:48:17Z,2024-04-03T09:42:36Z,126 Branch,unspecified,Interventions invoke onEngagement twice
1888657,Firefox,PDF Viewer,VERIFIED,FIXED,S3,P1,2024-03-29T13:42:36Z,2024-04-08T16:31:31Z,126 Branch,unspecified,Useless CSS animation is running while the viewer is doing nothing
1888662,Firefox,Data Loss Prevention,RESOLVED,FIXED,--,--,2024-03-29T14:30:50Z,2024-04-03T09:42:47Z,126 Branch,unspecified,Add enterprise policies for Content Analysis agent_name and client_signature
1888684,Firefox,Translations,RESOLVED,FIXED,S2,--,2024-03-29T17:06:17Z,2024-08-24T09:31:41Z,131 Branch,unspecified,"Translations Settings new UI lacks human-readable accessible names on the ""All languages"" and each language buttons"
1888688,Firefox,Address Bar,RESOLVED,FIXED,S3,P3,2024-03-29T17:27:33Z,2024-04-08T21:56:27Z,126 Branch,unspecified,Add address bar test for less common selection manipulations
1888699,Firefox,New Tab Page,VERIFIED,FIXED,--,--,2024-03-29T18:36:05Z,2024-03-30T09:11:35Z,126 Branch,unspecified,Home and newtab cleanup Pocket card links
1888706,Firefox,Theme,VERIFIED,FIXED,--,--,2024-03-29T19:29:13Z,2024-04-02T09:46:38Z,126 Branch,unspecified,"On Big Sur (v11.2.3) when in light mode, there is no distinction between the tabstrip and toolbar under the system (auto) theme option in Nightly"
1888713,Firefox,Data Loss Prevention,RESOLVED,FIXED,S4,--,2024-03-29T21:04:42Z,2024-04-22T21:49:32Z,127 Branch,unspecified,Move ContentAnalysis code out of nsBaseClipboard
1888732,Firefox,PDF Viewer,RESOLVED,FIXED,--,--,2024-03-30T00:14:41Z,2024-04-03T09:42:54Z,126 Branch,unspecified,Update PDF.js to new version 5f87da50d5f887844d1675d31c3a0fe44f661e23 from 2024-03-29 21:48:19
1888736,Firefox,Messaging System,RESOLVED,FIXED,--,P1,2024-03-30T01:18:24Z,2024-05-28T16:34:31Z,---,unspecified,[Experiment] Launch New Tab Microsurvey - Relevance & Satisfaction
1888841,Firefox,Session Restore,VERIFIED,FIXED,S4,P1,2024-03-31T16:49:37Z,2024-04-10T09:53:38Z,126 Branch,unspecified,forgetClosedTabById() never getting passed ids due to a typo
1888905,Firefox,Address Bar,RESOLVED,FIXED,N/A,P3,2024-04-01T11:35:54Z,2024-04-06T08:59:59Z,126 Branch,unspecified,"Remove the ""start"" and ""discard"" notifications"
1888908,Firefox,Address Bar,RESOLVED,FIXED,N/A,P3,2024-04-01T12:32:06Z,2024-04-09T21:21:26Z,126 Branch,unspecified,Rename current onEngagement to onLegacyEngagement
1888915,Firefox,Data Loss Prevention,RESOLVED,FIXED,--,--,2024-04-01T14:54:10Z,2024-04-02T09:46:51Z,126 Branch,unspecified,Allow/Deny lists don't reliably work because mParsedUrlLists does not get initialized
1888930,Firefox,Messaging System,RESOLVED,FIXED,--,P1,2024-04-01T16:53:23Z,2024-04-29T14:38:02Z,---,unspecified,make Netlify supply & Skylight consume key variables from the environment
1888958,Firefox,Installer,RESOLVED,FIXED,--,--,2024-04-01T18:44:57Z,2024-04-06T09:00:07Z,126 Branch,unspecified,Add documentation on building NSIS plugins to Firefox Source Docs
1888983,Firefox,New Tab Page,VERIFIED,FIXED,--,--,2024-04-01T21:10:37Z,2024-04-04T09:35:30Z,126 Branch,unspecified,new newtab ping - clicks for feature highlight
1889037,Firefox,Search,RESOLVED,FIXED,S3,P3,2024-04-02T04:11:36Z,2024-04-25T20:10:34Z,126 Branch,unspecified,Update documentation for search-config-v2
1889118,Firefox,PDF Viewer,VERIFIED,FIXED,--,--,2024-04-02T14:03:20Z,2024-04-02T18:30:49Z,---,unspecified,Update Beta 125 to PDF.js version e384df6f16b9ad1c55d1bc325bcae7e096ef3f9b
1889122,Firefox,PDF Viewer,RESOLVED,FIXED,S3,P1,2024-04-02T14:16:39Z,2024-04-15T21:17:57Z,127 Branch,Firefox 124,PDF editor truncating leading zero
1889123,Firefox,Firefox Accounts,RESOLVED,FIXED,N/A,P3,2024-04-02T14:25:05Z,2024-06-20T04:10:08Z,129 Branch,unspecified,Measure potential device migrations for Mozilla Account holders
1889126,Firefox,Translations,RESOLVED,FIXED,--,--,2024-04-02T14:34:56Z,2024-04-03T09:43:36Z,126 Branch,unspecified,Log Translations Model Versions on Fetch from Remote Settings
1889154,Firefox,Address Bar,RESOLVED,FIXED,S4,P5,2024-04-02T15:57:03Z,2024-04-04T03:50:54Z,126 Branch,unspecified,Intermittent browser/components/urlbar/tests/quicksuggest/browser/browser_quicksuggest_pocket.js | single tracking bug
1889157,Firefox,Normandy Client,RESOLVED,FIXED,S4,P5,2024-04-02T16:09:14Z,2024-04-16T18:14:21Z,---,unspecified,Perma esr115 toolkit/components/normandy/test/browser/browser_LegacyHeartbeat.js | Uncaught exception in test bound testLegacyHeartbeatPingPayload - at chrome://mochitests/content/browser/toolkit/components/normandy/test/browser/browser_LegacyHeartbeat.js
1889194,Firefox,Theme,VERIFIED,FIXED,S4,--,2024-04-02T18:36:49Z,2024-04-04T03:50:58Z,126 Branch,Trunk,Toolbar colors on Nightly are weird with the macOS Light theme and a dark desktop wallpaper
1889195,Firefox,Messaging System,RESOLVED,FIXED,S3,P2,2024-04-02T18:37:06Z,2024-12-13T20:03:32Z,---,unspecified,fix Skylight incorrect dashboard link for lower-case message ids
1889206,Firefox,Translations,RESOLVED,FIXED,S3,--,2024-04-02T18:58:47Z,2026-04-15T18:16:36Z,---,unspecified,about:translations breaks
1889232,Firefox,Shell Integration,RESOLVED,FIXED,--,--,2024-04-02T20:48:07Z,2024-04-18T21:43:52Z,127 Branch,unspecified,Delete firefox-bridge and firefox-private-bridge protocol registration
1889233,Firefox,Sync,RESOLVED,FIXED,S3,P1,2024-04-02T20:48:59Z,2024-04-04T03:51:12Z,126 Branch,unspecified,[rustc 1.78] error: method `into_column` is never used
1889242,Firefox,Search,RESOLVED,FIXED,S3,P3,2024-04-02T21:53:07Z,2024-04-04T21:38:05Z,126 Branch,unspecified,Change pc to partnerCode in search-config-v2-schema.json
1889247,Firefox,Search,RESOLVED,FIXED,S3,P3,2024-04-02T22:08:24Z,2024-04-09T04:13:56Z,126 Branch,unspecified,Sort remote settings collection by keys and search-config-v2 collection by engine identifiers and recordType
1889264,Firefox,Messaging System,RESOLVED,FIXED,--,P1,2024-04-02T23:20:51Z,2024-04-05T21:21:01Z,---,unspecified,Add CHANGELOG.md to Skylight
1889271,Firefox,Messaging System,RESOLVED,FIXED,S3,P1,2024-04-03T00:08:30Z,2024-05-06T18:00:10Z,---,unspecified,"make all multi-message/screen surfaces in Skylight include ""(1st screen)"""
1889337,Firefox,Messaging System,VERIFIED,FIXED,--,--,2024-04-03T09:34:00Z,2024-06-20T11:18:44Z,---,Firefox 124,[META] [QA] [QA-2370] [NewTab] CSAT Microsurvey - March 2024
1889341,Firefox,Messaging System,VERIFIED,FIXED,S2,P1,2024-04-03T09:41:29Z,2024-04-11T11:49:52Z,---,unspecified,[Experiment][Windows] The title of the “CSAT Microsurvey” cards is cut by the “X” button on the IT locale
1889344,Firefox,General,RESOLVED,FIXED,N/A,P3,2024-04-03T09:47:43Z,2024-04-04T03:51:50Z,126 Branch,unspecified,Add frontend-codestyle-reviewers review group to docs
1889360,Firefox,Messaging System,VERIFIED,FIXED,S2,P1,2024-04-03T11:28:45Z,2024-04-11T11:50:34Z,---,unspecified,[Experiment] The text on the “Thank you” card is cut by the “X” button and the survey elements are not aligned
1889369,Firefox,Tabbed Browser,VERIFIED,FIXED,S4,P2,2024-04-03T12:05:34Z,2024-05-03T03:21:43Z,127 Branch,Firefox 124,"When browser.tabs.cardPreview.enabled is enabled, browser.tabs.tooltipsShowPidAndActiveness  doesn't work"
1889374,Firefox,Tabbed Browser,VERIFIED,FIXED,S4,P1,2024-04-03T12:33:34Z,2024-04-23T09:36:46Z,---,unspecified,Quickly hovering over tabs will also show the elements underneath for a split second
1889384,Firefox,Tabbed Browser,VERIFIED,FIXED,S4,P3,2024-04-03T13:16:21Z,2024-04-19T09:54:18Z,127 Branch,unspecified,"Tab scroll button tooltips say ""Scroll up"" and ""Scroll down"" but the tabstrip is horizontal so scrolling actually goes left/right"
1889398,Firefox,Tabbed Browser,VERIFIED,FIXED,S3,P3,2024-04-03T13:57:58Z,2024-04-23T06:05:04Z,---,Firefox 126,[macOS] Tab preview is not displayed when hovering over inactive tabs after tapping the trackpad once
1889438,Firefox,Screenshots,VERIFIED,FIXED,S3,P1,2024-04-03T17:22:25Z,2024-04-05T09:45:28Z,126 Branch,unspecified,Dragging the scrollbar can create a region in screenshots
1889450,Firefox,Tabbed Browser,RESOLVED,FIXED,--,P1,2024-04-03T18:16:10Z,2024-04-05T09:45:35Z,126 Branch,unspecified,add nimbus feature for tab hover preview
1889451,Firefox,Data Loss Prevention,RESOLVED,FIXED,--,--,2024-04-03T18:16:27Z,2024-04-10T09:53:49Z,126 Branch,unspecified,Update Content Analysis SDK to new version 3d82f7523b557d0d5c75e1acf28c3deb8081ead1 from 2024-04-03 14:44:34
1889463,Firefox,Theme,RESOLVED,FIXED,--,--,2024-04-03T19:16:57Z,2024-04-04T21:38:25Z,126 Branch,unspecified,Reland nav-bar separator simplification from bug 1647356 along with a fix for uneven spacing around urlbar if theme suppresses it
1889473,Firefox,Screenshots,VERIFIED,FIXED,S3,P1,2024-04-03T20:17:56Z,2024-04-05T09:45:44Z,126 Branch,unspecified,Screenshots sometimes scrolls when selecting a region
1889569,Firefox,Enterprise Policies,VERIFIED,FIXED,S3,P3,2024-04-04T08:09:48Z,2025-08-29T03:32:40Z,144 Branch,Firefox 120,`Print Frame...` and `Print Selection...` are displayed even if print.enabled is set to false
1889586,Firefox,Tabbed Browser,VERIFIED,FIXED,S4,P2,2024-04-04T10:19:27Z,2024-04-23T09:39:01Z,---,unspecified,"When closing or opening a tab, the tab preview is not displayed in the correct location"
1889606,Firefox,Tabbed Browser,VERIFIED,FIXED,S4,P3,2024-04-04T12:21:12Z,2024-04-23T09:40:17Z,---,unspecified,"After closing or opening a tab without leaving the tab strip, there is no delay in displaying the tab preview"
1889616,Firefox,Messaging System,VERIFIED,FIXED,S3,P1,2024-04-04T12:57:27Z,2024-04-11T12:23:40Z,---,unspecified,[Experiment] The Firefox logo and the Microsurvey title are not aligned on the Firefox de locale
1889617,Firefox,Remote Settings Client,RESOLVED,FIXED,--,--,2024-04-04T12:59:33Z,2024-07-24T14:33:07Z,130 Branch,unspecified,The initial remote settings download is inefficient
1889623,Firefox,PDF Viewer,VERIFIED,FIXED,S3,P1,2024-04-04T13:07:35Z,2024-04-08T16:31:56Z,126 Branch,Trunk,Voice Over focus frame is on all the page when the focus is on an highlight
1889628,Firefox,Translations,RESOLVED,FIXED,--,--,2024-04-04T13:17:39Z,2024-04-09T16:04:02Z,126 Branch,unspecified,Remove unused translations-identification-models dump
1889646,Firefox,Tabbed Browser,VERIFIED,FIXED,S3,P1,2024-04-04T13:52:13Z,2024-05-30T08:50:07Z,---,Firefox 126,Menus and panels remain opened when hovering and clicking on tabs after the tab preview is displayed
1889666,Firefox,Profile Backup,VERIFIED,FIXED,N/A,P1,2024-04-04T15:05:30Z,2024-04-07T21:37:04Z,126 Branch,unspecified,Perma browser/base/content/test/static/browser_all_files_referenced.js | unused allowlist entry: chrome://browser/content/backup/debug.html - when Gecko 126 merges to beta on 2024-04-15
1889668,Firefox,Tabbed Browser,VERIFIED,FIXED,S3,P1,2024-04-04T15:10:04Z,2024-06-12T12:31:36Z,---,Firefox 126,Dark Hover Preview Issue on Multiple Tabs on Ubuntu
1889677,Firefox,Search,RESOLVED,FIXED,N/A,P1,2024-04-04T15:37:12Z,2024-04-09T04:14:03Z,126 Branch,unspecified,Update categorization tests when feature gating pref is not on to accomodate store
1889687,Firefox,Translations,VERIFIED,FIXED,S3,--,2024-04-04T16:24:50Z,2024-04-05T09:46:15Z,126 Branch,Firefox 124,"""More Translation Settings"" is discoverable through settings search"
1889697,Firefox,Translations,VERIFIED,FIXED,--,--,2024-04-04T16:57:27Z,2024-04-05T09:46:18Z,126 Branch,unspecified,Translations don't work across private/non-private windows
1889702,Firefox,Search,RESOLVED,FIXED,N/A,P2,2024-04-04T17:10:07Z,2024-04-11T15:58:31Z,126 Branch,unspecified,Change search-config-v2 validation to allow only require a telemetrySuffix with a partnerCode when it is for a distribution
1889703,Firefox,Messaging System,VERIFIED,FIXED,S3,P1,2024-04-04T17:11:21Z,2024-04-05T09:46:23Z,126 Branch,unspecified,Re-introduce embedded migration wizard default title
1889710,Firefox,Normandy Client,RESOLVED,FIXED,--,--,2024-04-04T17:25:09Z,2024-04-05T09:46:27Z,126 Branch,unspecified,disable building normandy for thunderbird
1889718,Firefox,Shell Integration,RESOLVED,FIXED,--,--,2024-04-04T17:44:14Z,2024-04-23T21:43:24Z,127 Branch,unspecified,Set browser.firefoxbridge.enabled to True by default
1889747,Firefox,Profile Backup,RESOLVED,FIXED,N/A,P1,2024-04-04T19:52:09Z,2024-04-05T09:46:31Z,126 Branch,unspecified,signedInUser.json file size measurement should be done in CredentialsAndSecurityBackupResource.sys.mjs
1889752,Firefox,Search,RESOLVED,FIXED,N/A,P2,2024-04-04T20:23:39Z,2024-04-06T21:49:15Z,126 Branch,unspecified,Enable new search configuration globally for nightly
1889753,Firefox,Translations,RESOLVED,FIXED,--,P3,2024-04-04T20:29:50Z,2026-01-29T21:11:47Z,149 Branch,unspecified,Remove all quality estimation model code
1889769,Firefox,Firefox View,VERIFIED,FIXED,S4,P1,2024-04-04T21:09:51Z,2024-04-06T09:00:41Z,126 Branch,unspecified,Firefox View tab row buttons are no longer flush right within card containers
1889797,Firefox,Screenshots,RESOLVED,FIXED,S3,P1,2024-04-04T22:26:52Z,2024-04-07T21:37:07Z,126 Branch,unspecified,Missing message in locale en-US: screenshots-component-cancel-mac-button
1889820,Firefox,Address Bar,VERIFIED,FIXED,N/A,P1,2024-04-05T00:28:35Z,2024-04-09T16:04:06Z,126 Branch,unspecified,"Make ""Manage Firefox Suggest""  menu item instead of  ""Learn More about Firefox Suggest"""
1889837,Firefox,Translations,RESOLVED,FIXED,S3,--,2024-04-05T02:24:58Z,2024-04-06T09:00:52Z,126 Branch,unspecified,FullPageTranslationsPanel Error Strings Are Incorrect
1889851,Firefox,Disability Access,VERIFIED,FIXED,S3,--,2024-04-05T06:00:31Z,2024-04-23T04:11:28Z,127 Branch,Firefox 126,[Linux] The Orca screen reader fails to reads aloud warning message on hovering over saved values
1889866,Firefox,Toolbars and Customization,RESOLVED,FIXED,S4,--,2024-04-05T07:34:46Z,2024-04-09T21:21:44Z,126 Branch,Trunk,[macOS] Synced tabs sidebar message is hardly readable as it shares the same color as the applied theme
1889880,Firefox,Tabbed Browser,RESOLVED,FIXED,--,P3,2024-04-05T08:43:24Z,2024-07-19T09:58:25Z,130 Branch,Firefox 126,Extend the 0 delay for the tab hover outside of the tabstrip to improve fluidity of navigation between tabs
1889885,Firefox,Messaging System,VERIFIED,FIXED,S3,P1,2024-04-05T09:00:32Z,2024-04-06T09:01:05Z,126 Branch,Firefox 125,The Review checker onboarding card is truncated
1889894,Firefox,Address Bar,RESOLVED,FIXED,N/A,P3,2024-04-05T09:49:25Z,2024-04-08T21:56:47Z,126 Branch,unspecified,Change UlrbarInput::_setValue options to an object
1889910,Firefox,Search,RESOLVED,FIXED,N/A,P2,2024-04-05T11:45:36Z,2024-04-11T21:39:20Z,126 Branch,unspecified,Add an option to search-config-v2 to allow specifying the device type
1889940,Firefox,Search,RESOLVED,FIXED,N/A,P1,2024-04-05T13:39:14Z,2024-04-06T09:01:16Z,126 Branch,unspecified,Improve logging of domain extraction
1889941,Firefox,Session Restore,VERIFIED,FIXED,S3,P2,2024-04-05T13:39:34Z,2024-05-07T09:16:21Z,127 Branch,Firefox 125,Partial restoration of closed windows with 'Reopen all windows' option in History menu
1889943,Firefox,Translations,RESOLVED,FIXED,--,--,2024-04-05T13:50:01Z,2024-04-09T04:14:08Z,126 Branch,unspecified,update 'Firefox :: Translation' to 'Firefox :: Translations' in moz.build files because Treeherder's bugfiler does not work with old component
1890040,Firefox,Messaging System,RESOLVED,FIXED,--,P1,2024-04-05T20:50:40Z,2024-05-20T20:50:53Z,---,unspecified,[Docs] Create Dev self-QA doc for on-train features
1890055,Firefox,Messaging System,RESOLVED,FIXED,--,P1,2024-04-05T22:46:39Z,2024-04-11T16:04:03Z,---,unspecified,Finish testing Skylight infobar experiment dashboards and re-enable them
1890066,Firefox,Shell Integration,RESOLVED,FIXED,N/A,P1,2024-04-05T23:25:12Z,2024-04-11T21:39:25Z,126 Branch,unspecified,Provide visual guidance when setting default requires interaction with Windows Settings on Windows 11
1890078,Firefox,PDF Viewer,RESOLVED,FIXED,--,--,2024-04-06T00:29:46Z,2024-04-08T16:24:56Z,126 Branch,unspecified,Update PDF.js to new version 5adad89eb36b7600258270864b1f9a35454b4586 from 2024-04-04 17:09:25
1890079,Firefox,Address Bar,VERIFIED,FIXED,N/A,P1,2024-04-06T00:43:32Z,2024-04-08T09:15:48Z,126 Branch,unspecified,The yelpMinKeywordLength Nimbus variable isn't very useful
1890089,Firefox,Translations,RESOLVED,FIXED,S3,P3,2024-04-06T04:07:13Z,2024-04-08T21:56:53Z,126 Branch,unspecified,Perma a11y [tier 2] browser/components/translations/tests/browser/browser_translations_select_panel_retranslate_on_change_language_from_dropdown_menu.js | single tracking bug
1890136,Firefox,New Tab Page,VERIFIED,FIXED,--,--,2024-04-06T16:32:06Z,2024-05-10T09:54:57Z,127 Branch,unspecified,Home and newtab weather widget UI
1890294,Firefox,Profile Backup,RESOLVED,FIXED,--,--,2024-04-08T13:22:36Z,2024-04-10T09:54:08Z,126 Branch,unspecified,Add a `requiresEncryption` static getter on BackupResource that subclasses must implement
1890297,Firefox,Profile Backup,RESOLVED,FIXED,N/A,P3,2024-04-08T13:26:33Z,2024-05-03T22:02:31Z,127 Branch,unspecified,Implement `recover` for AddonsBackupResource
1890299,Firefox,Translations,RESOLVED,FIXED,--,P3,2024-04-08T13:33:30Z,2024-04-23T04:11:33Z,127 Branch,unspecified,Enable Select Translations for Nightly and Early Beta
1890322,Firefox,Profile Backup,RESOLVED,FIXED,--,--,2024-04-08T14:17:04Z,2024-07-09T13:29:19Z,---,unspecified,[meta] Build out Firefox BackupService single-file archive support
1890335,Firefox,Shell Integration,RESOLVED,FIXED,S3,--,2024-04-08T14:41:56Z,2024-04-11T04:29:36Z,126 Branch,Trunk,Incorrect message shown in the mailto infobar
1890357,Firefox,Shell Integration,RESOLVED,FIXED,S3,P3,2024-04-08T15:20:16Z,2024-05-12T21:27:32Z,127 Branch,Firefox 124,"Windows Taskbar ""Tasks"" option (Open new tab | Open new window | New private window) is missing"
1890367,Firefox,PDF Viewer,VERIFIED,FIXED,S2,P1,2024-04-08T16:05:15Z,2024-04-10T12:24:43Z,126 Branch,unspecified,Cannot draw two consecutive lines in a PDF
1890371,Firefox,Sidebar,RESOLVED,FIXED,--,--,2024-04-08T16:36:57Z,2024-04-26T16:27:34Z,127 Branch,unspecified,Remove hardcoded menu items from Sidebar
1890378,Firefox,Search,VERIFIED,FIXED,N/A,P3,2024-04-08T17:03:17Z,2024-04-16T18:01:34Z,---,unspecified,Adapt search-config-v2 for sub-variant changes
1890385,Firefox,Theme,RESOLVED,FIXED,S4,P3,2024-04-08T17:20:34Z,2025-08-06T09:58:55Z,143 Branch,unspecified,Add remaining size tokens
1890397,Firefox,Tabbed Browser,RESOLVED,FIXED,--,--,2024-04-08T18:00:53Z,2024-04-11T09:56:18Z,126 Branch,unspecified,Tab preview panels lack shadows and other usual affordances
1890404,Firefox,Translations,RESOLVED,FIXED,--,P3,2024-04-08T18:44:54Z,2024-04-15T20:41:35Z,127 Branch,unspecified,Handle Same Language Selected in Select Translations Panel
1890427,Firefox,Profile Backup,RESOLVED,FIXED,N/A,P3,2024-04-08T21:15:55Z,2024-09-18T21:14:55Z,132 Branch,unspecified,Update backups when history and bookmarks are modified or manually cleared
1890462,Firefox,Search,RESOLVED,FIXED,N/A,P3,2024-04-09T04:00:46Z,2024-04-10T20:55:28Z,126 Branch,unspecified,Update fetchEngineSelector to match against subVariants in search-config-v2
1890490,Firefox,Translations,RESOLVED,FIXED,--,P3,2024-04-09T08:45:33Z,2024-04-25T09:46:08Z,127 Branch,unspecified,Allow resizing the SelectTranslationsPanel textarea
1890494,Firefox,Translations,VERIFIED,FIXED,S3,--,2024-04-09T08:55:14Z,2024-04-17T04:12:26Z,127 Branch,unspecified,The translation button no longer works in the previous window after a new window is opened
1890498,Firefox,Installer,RESOLVED,FIXED,S4,P5,2024-04-09T09:11:21Z,2024-04-10T09:54:24Z,126 Branch,unspecified,Perma Documentation ./mach doc | Error: 1 new warnings have been introduced compared to the limit in docs/config.yml
1890535,Firefox,PDF Viewer,RESOLVED,FIXED,S3,P1,2024-04-09T13:16:30Z,2024-04-22T12:22:25Z,127 Branch,unspecified,Edited freetext disappeared after the document has been scrolled
1890547,Firefox,General,RESOLVED,FIXED,N/A,--,2024-04-09T13:59:34Z,2025-01-15T10:18:46Z,---,unspecified,[meta] eliminate inline event handlers from the browser window
1890556,Firefox,Theme,RESOLVED,FIXED,N/A,P1,2024-04-09T14:30:19Z,2024-04-11T04:29:39Z,126 Branch,unspecified,Be consistent with the navbar separator on macOS.
1890574,Firefox,Profile Backup,RESOLVED,FIXED,N/A,P3,2024-04-09T15:33:52Z,2024-04-25T09:46:16Z,127 Branch,unspecified,Add a simple utility to select a backup staging folder to `recovery` and initiate recovery
1890585,Firefox,Profile Backup,RESOLVED,FIXED,N/A,P3,2024-04-09T16:08:32Z,2024-04-17T04:12:29Z,127 Branch,unspecified,"Have MiscDataBackupResource stage the ActivityStream ""snippets"" IndexedDB data stores under storage/permanent/chrome"
1890587,Firefox,General,RESOLVED,FIXED,N/A,P1,2024-04-09T16:12:11Z,2024-04-11T04:29:43Z,126 Branch,unspecified,"Lowercase the text for ""sign-out"" in the Report Broken Site dropdown options"
1890591,Firefox,Profile Backup,RESOLVED,FIXED,N/A,P1,2024-04-09T16:23:03Z,2024-04-16T03:52:32Z,127 Branch,unspecified,Add some utilities to `BackupResource` for copying simple files and SQLite databases to staging
1890595,Firefox,Settings UI,RESOLVED,FIXED,S4,P5,2024-04-09T16:59:43Z,2024-04-23T15:44:16Z,127 Branch,unspecified,Intermittent browser/components/preferences/tests/siteData/browser_clearSiteData_v2.js | single tracking bug
1890596,Firefox,PDF Viewer,RESOLVED,FIXED,--,--,2024-04-09T17:02:57Z,2024-04-10T09:54:44Z,126 Branch,unspecified,Update PDF.js to new version a208d6bca72f8cb700f7bb506ea1bc3e76cbaec0 from 2024-04-09 07:48:17
1890630,Firefox,Messaging System,RESOLVED,FIXED,S3,P1,2024-04-09T18:48:16Z,2024-04-10T09:54:53Z,126 Branch,unspecified,Correct fill color and opacity for toolbar button icon
1890634,Firefox,Shell Integration,RESOLVED,FIXED,--,P3,2024-04-09T19:03:57Z,2026-07-18T09:09:45Z,154 Branch,unspecified,"Add metrics to understand how often Windows marks taskbar pinning as ""Not Available"""
1890644,Firefox,Profile Backup,RESOLVED,FIXED,--,--,2024-04-09T19:27:34Z,2024-04-10T09:54:56Z,126 Branch,unspecified,Make it clear the the `backup` method can return `null` instead of the empty object
1890658,Firefox,Search,RESOLVED,FIXED,N/A,P3,2024-04-09T20:22:25Z,2024-04-11T15:58:42Z,126 Branch,unspecified,Correct application name for the xpcshell search config tests
1890680,Firefox,Sidebar,RESOLVED,FIXED,S4,P2,2024-04-09T22:52:13Z,2024-06-06T03:57:21Z,128 Branch,unspecified,Sidebar launcher is obscured by the bookmarks toolbar
1890698,Firefox,Search,VERIFIED,FIXED,N/A,P2,2024-04-10T03:01:03Z,2024-04-11T21:39:37Z,126 Branch,Trunk,Search word by Rakuten search plugin is broken
1890718,Firefox,General,RESOLVED,FIXED,N/A,P1,2024-04-10T08:25:19Z,2024-04-23T21:43:30Z,127 Branch,unspecified,Remove inline event handlers in app menu code
1890721,Firefox,Screenshots,VERIFIED,FIXED,S3,P1,2024-04-10T09:13:27Z,2024-05-16T09:19:45Z,128 Branch,unspecified,"When drawing the rectangle for a screenshot, the page is interacted as well"
1890761,Firefox,Address Bar,VERIFIED,FIXED,S4,P3,2024-04-10T13:21:48Z,2024-06-05T09:34:13Z,128 Branch,unspecified,Switch to tab option is present with only one tab open
1890772,Firefox,Tabbed Browser,RESOLVED,FIXED,--,--,2024-04-10T13:53:26Z,2024-04-11T14:50:04Z,---,Firefox 124,Focus not switching window when moving tabs between window
1890784,Firefox,Sync,RESOLVED,FIXED,N/A,P2,2024-04-10T14:26:35Z,2024-04-25T04:11:34Z,127 Branch,unspecified,Document TPS tests
1890791,Firefox,New Tab Page,RESOLVED,FIXED,--,--,2024-04-10T14:43:01Z,2024-04-11T04:29:59Z,126 Branch,unspecified,Home and newtab update wallpapers thumbnail for dark-panda.avif
1890802,Firefox,Screenshots,VERIFIED,FIXED,S3,P1,2024-04-10T15:25:03Z,2024-04-19T21:34:49Z,127 Branch,unspecified,Cancel button is not visible in HCM
1890824,Firefox,Theme,RESOLVED,FIXED,--,--,2024-04-10T17:14:24Z,2024-04-11T09:56:30Z,126 Branch,unspecified,Simplify number input styles in the print dialog
1890863,Firefox,Translations,RESOLVED,FIXED,S4,P5,2024-04-10T20:46:12Z,2024-04-24T09:41:17Z,127 Branch,unspecified,Perma a11y [Tier2] browser/components/translations/tests/browser/browser_translations_about_preferences_settings_ui.js | single tracking bug
1890870,Firefox,Messaging System,RESOLVED,FIXED,--,P2,2024-04-10T21:43:09Z,2024-05-17T15:30:36Z,---,unspecified,make Skylight branches collapsible for better experiment overview
1890897,Firefox,Translations,VERIFIED,FIXED,S3,P3,2024-04-11T00:49:23Z,2024-04-11T21:39:57Z,126 Branch,unspecified,"Fix ""Choose a language"" regression in FullPageTranslationsPanel"
1891049,Firefox,Tabbed Browser,VERIFIED,FIXED,--,P1,2024-04-11T15:24:05Z,2024-04-12T21:45:40Z,126 Branch,unspecified,Tab previews steal keyboard focus
1891083,Firefox,Messaging System,RESOLVED,FIXED,--,P1,2024-04-11T17:24:06Z,2024-05-10T18:26:07Z,---,unspecified,"make Skylight ""Production Messages (Release Channel)"" clearer"
1891093,Firefox,Messaging System,RESOLVED,FIXED,--,P1,2024-04-11T17:48:59Z,2024-05-07T21:22:56Z,---,unspecified,get Skylight Data from Experimenter API instead of Remote Settings
1891100,Firefox,Messaging System,RESOLVED,FIXED,S3,P1,2024-04-11T18:16:36Z,2024-05-09T14:04:00Z,---,unspecified,some Skylight screenshot links are broken
1891104,Firefox,Shell Integration,RESOLVED,FIXED,S4,P5,2024-04-11T18:24:19Z,2024-04-12T10:27:08Z,126 Branch,unspecified,Perma Documentation ./mach doc | Error: 1 new warnings have been introduced compared to the limit in docs/config.yml
1891108,Firefox,New Tab Page,RESOLVED,FIXED,--,--,2024-04-11T18:46:05Z,2024-04-12T10:27:11Z,126 Branch,unspecified,home and newtab small wallpapers fixes
1891113,Firefox,Sync,RESOLVED,FIXED,S3,P3,2024-04-11T19:10:09Z,2024-07-16T16:03:29Z,---,unspecified,"FxA and sync servers get a ""B"" on SSLlabs tests"
1891121,Firefox,Messaging System,RESOLVED,FIXED,--,P3,2024-04-11T20:01:42Z,2025-04-03T20:50:31Z,---,unspecified,make experiment brief easily accessible from Skylight
1891124,Firefox,Profile Backup,RESOLVED,FIXED,S2,P1,2024-04-11T20:23:01Z,2024-04-16T03:52:59Z,127 Branch,unspecified,Update the backup debug tool to optionally show a notification when backup creation completes
1891126,Firefox,Messaging System,RESOLVED,FIXED,--,P2,2024-04-11T20:27:27Z,2024-05-24T13:24:18Z,---,unspecified,Make experiment and branch names hyperlinks to the recipe
1891141,Firefox,Profile Backup,RESOLVED,FIXED,S3,P3,2024-04-11T21:05:52Z,2024-04-18T10:01:31Z,127 Branch,unspecified,Make the page size for doing an Sqlite backup something that can be controlled via a pref / experiment
1891146,Firefox,Profile Backup,RESOLVED,FIXED,N/A,P3,2024-04-11T21:18:08Z,2024-07-12T04:19:05Z,130 Branch,unspecified,Collect telemetry on how long it takes to create a backup
1891152,Firefox,Messaging System,RESOLVED,FIXED,--,P1,2024-04-11T23:39:43Z,2024-05-14T18:17:00Z,---,unspecified,Show Skylight readable experiment branch description
1891210,Firefox,Tabbed Browser,VERIFIED,FIXED,--,--,2024-04-12T12:33:19Z,2024-04-18T10:01:35Z,127 Branch,unspecified,Cropped text with long tab preview title.
1891234,Firefox,File Handling,RESOLVED,FIXED,S2,P1,2024-04-12T15:00:39Z,2024-05-15T21:16:47Z,128 Branch,Firefox 126,Using ASCII code 0 can bypass the file download restriction on url/loca/lnk [Windows 10]
1891247,Firefox,Screenshots,VERIFIED,FIXED,S4,--,2024-04-12T15:54:02Z,2024-04-16T16:23:28Z,127 Branch,unspecified,[RTL] Screenshot's pixel counter misplaced the 'x' separator
1891301,Firefox,PDF Viewer,RESOLVED,FIXED,--,--,2024-04-13T06:08:39Z,2024-04-15T20:41:40Z,127 Branch,unspecified,Update PDF.js to new version 2e945113302ec7568071667c0fc74bd2b18c918a from 2024-04-12 12:15:02
1891432,Firefox,PDF Viewer,VERIFIED,FIXED,--,--,2024-04-15T09:18:38Z,2024-06-12T04:54:31Z,129 Branch,Firefox 126,"Remove the ""addAnImageinPDF"" feature configuration from the ""feature-manifest"" file"
1891494,Firefox,New Tab Page,RESOLVED,FIXED,--,--,2024-04-15T15:07:17Z,2024-04-17T04:12:40Z,127 Branch,unspecified,Add `getAllKeys` to ActivityStreamStorage
1891528,Firefox,Translations,RESOLVED,FIXED,--,P3,2024-04-15T16:51:43Z,2024-04-18T10:02:18Z,127 Branch,unspecified,Fix SelectTranslationsPanel Label Margins
1891535,Firefox,Messaging System,RESOLVED,FIXED,--,P1,2024-04-15T17:26:48Z,2024-05-08T15:36:56Z,---,other,[Experiment] Configure and launch 126 Beta WNP experiment
1891596,Firefox,Profile Backup,RESOLVED,FIXED,N/A,P3,2024-04-15T21:00:10Z,2024-04-25T09:46:29Z,127 Branch,unspecified,Add `recoverFromBackup` to BackupService
1891602,Firefox,Address Bar,VERIFIED,FIXED,--,--,2024-04-15T21:20:36Z,2024-04-18T10:02:26Z,127 Branch,unspecified,"Use ""Manage Firefox Suggest"" menu item for Navigational and Dynamic Wikipedia suggestions"
1891604,Firefox,Screenshots,VERIFIED,FIXED,--,--,2024-04-15T21:24:49Z,2024-04-17T09:06:24Z,127 Branch,unspecified,Change the x sign in the Screenshots overlay to ×
1891605,Firefox,Settings UI,RESOLVED,FIXED,N/A,P1,2024-04-15T21:25:45Z,2024-05-02T04:10:27Z,127 Branch,unspecified,Change update check interval from 12 hours to 6 hours for non-nightly channels
1891634,Firefox,Search,RESOLVED,FIXED,N/A,P1,2024-04-16T00:53:47Z,2024-06-10T18:43:01Z,---,unspecified,Update search-telemetry-v2 collection on Remote Settings to include signedInCookies key for Google
1891714,Firefox,Menus,VERIFIED,FIXED,--,--,2024-04-16T11:58:20Z,2024-04-19T13:43:52Z,127 Branch,unspecified,Perma browser/base/content/test/contextMenu/browser_contextmenu_cross_boundary_selection.js | copy button should exist - when Gecko 127 merges to beta on 2024-05-13
1891769,Firefox,New Tab Page,RESOLVED,FIXED,--,--,2024-04-16T16:05:29Z,2024-04-18T10:02:53Z,127 Branch,unspecified,Home & Newtab: Add nimbus variables and stub data for WeatherFeed
1891775,Firefox,Sidebar,RESOLVED,FIXED,--,--,2024-04-16T16:27:43Z,2024-05-09T16:18:07Z,127 Branch,unspecified,"Create a ""Customize Sidebar"" menu with default options"
1891777,Firefox,Sidebar,RESOLVED,FIXED,--,--,2024-04-16T16:29:27Z,2024-06-12T21:54:04Z,129 Branch,unspecified,Persist sidebar settings from Customize Sidebar menu
1891780,Firefox,Tabbed Browser,RESOLVED,FIXED,--,--,2024-04-16T16:38:56Z,2024-04-18T10:02:57Z,127 Branch,unspecified,Add DJ and Niklas as peers for Tabbed Browser
1891782,Firefox,Translations,RESOLVED,FIXED,--,P3,2024-04-16T16:40:32Z,2024-04-20T09:43:23Z,127 Branch,unspecified,Eliminate Inline Event Handlers From SelectTranslationsPanel
1891788,Firefox,Remote Settings Client,RESOLVED,FIXED,--,--,2024-04-16T16:56:04Z,2024-04-29T21:07:06Z,127 Branch,unspecified,Local dumps from production can replace downloads from stage
1891792,Firefox,Translations,RESOLVED,FIXED,--,--,2024-04-16T17:11:04Z,2024-08-07T16:12:10Z,131 Branch,unspecified,Eliminate Inline Event Handlers From FullPageTranslationsPanel
1891797,Firefox,Tabbed Browser,VERIFIED,FIXED,--,--,2024-04-16T17:21:51Z,2024-04-19T21:35:01Z,127 Branch,unspecified,Add ability to close duplicate tabs
1891799,Firefox,Search,RESOLVED,FIXED,N/A,P1,2024-04-16T17:25:34Z,2024-06-06T03:57:29Z,128 Branch,unspecified,Update search-telemetry-v2 schema as part of Google account signed-in status work
1891813,Firefox,Nimbus Desktop Client,RESOLVED,FIXED,S3,P1,2024-04-16T18:15:29Z,2024-04-18T21:44:43Z,127 Branch,unspecified,assertEmptyStore does not assert the store is empty
1891816,Firefox,Session Restore,RESOLVED,FIXED,N/A,P5,2024-04-16T18:40:25Z,2024-04-26T04:20:51Z,127 Branch,unspecified,Refactor gOnceInitializedDeferred to use Promise.withResolvers
1891819,Firefox,Tabbed Browser,RESOLVED,FIXED,--,--,2024-04-16T18:56:45Z,2024-04-18T21:44:50Z,127 Branch,unspecified,"Tab preview text can still appear with some transparency with certain themes installed, after bug 1885146"
1891824,Firefox,Translations,RESOLVED,FIXED,--,P3,2024-04-16T19:09:59Z,2024-04-17T04:13:10Z,127 Branch,unspecified,Fix some incorrect prose around TranslationsChild
1891854,Firefox,Profile Backup,RESOLVED,FIXED,N/A,P3,2024-04-16T21:14:53Z,2024-06-25T09:38:39Z,129 Branch,unspecified,Do not copy session store cookies in the backup staging directory if the backup is not encrypted
1891863,Firefox,Address Bar,RESOLVED,FIXED,N/A,P1,2024-04-16T21:38:10Z,2024-06-12T21:54:08Z,129 Branch,unspecified,Create demo of dedicated search button
1891931,Firefox,Address Bar,RESOLVED,FIXED,S2,P2,2024-04-17T08:42:18Z,2024-04-27T14:40:10Z,---,unspecified,Incorrect parts of URL grey out of if copy&paste current page https url in AddressBar
1891970,Firefox,Firefox View,RESOLVED,FIXED,S4,P3,2024-04-17T12:26:27Z,2026-03-25T09:41:25Z,151 Branch,Firefox 125,Firefox View breakpoint for collapsing the sidebar triggers too late
1891982,Firefox,Top Sites,RESOLVED,FIXED,N/A,P2,2024-04-17T13:11:58Z,2024-04-24T09:41:25Z,127 Branch,unspecified,Duplicate TopSitesFeed and relevant tests into a separate component
1891985,Firefox,Top Sites,RESOLVED,FIXED,N/A,P1,2024-04-17T13:20:14Z,2024-05-15T20:31:20Z,128 Branch,unspecified,Remove extraneous code from TopSites
1891992,Firefox,Top Sites,RESOLVED,FIXED,N/A,P2,2024-04-17T13:26:58Z,2024-05-22T21:50:57Z,128 Branch,unspecified,Remove/Reduce dependency on the Redux store from TopSites
1892000,Firefox,Top Sites,RESOLVED,FIXED,N/A,P2,2024-04-17T13:55:37Z,2024-05-15T20:31:25Z,128 Branch,unspecified,Create a preference that would allow external consumers to guard using the new Top Sites API
1892002,Firefox,Top Sites,RESOLVED,FIXED,N/A,P2,2024-04-17T13:59:19Z,2024-05-29T21:52:32Z,128 Branch,unspecified,Integrate the Top Sites API with UrlbarProviderTopSites behind a preference
1892007,Firefox,Profile Backup,RESOLVED,FIXED,N/A,P3,2024-04-17T14:12:31Z,2024-04-23T04:11:44Z,127 Branch,unspecified,Make sure BackupService runs PlacesBackupResource's `backup` method first
1892012,Firefox,Sidebar,RESOLVED,FIXED,--,P1,2024-04-17T14:23:23Z,2024-05-18T09:27:48Z,128 Branch,unspecified,Add toolbar entry point for the sidebar as a default setting
1892033,Firefox,Sidebar,RESOLVED,FIXED,--,--,2024-04-17T15:10:54Z,2024-05-25T09:45:02Z,128 Branch,unspecified,Move sidebar style persistence from XULstore to SessionStore
1892053,Firefox,Settings UI,RESOLVED,FIXED,S4,P3,2024-04-17T17:05:10Z,2026-10-02T10:26:01Z,---,Firefox 125,"Firefox's ""Override the colors specified by the page with your selections"" settings label doesn't quite match the reality of what the feature does"
1892057,Firefox,Tabbed Browser,RESOLVED,FIXED,--,--,2024-04-17T17:22:09Z,2024-04-18T21:45:09Z,127 Branch,unspecified,Merge tabbrowser.css into tabs.css
1892068,Firefox,Translations,RESOLVED,FIXED,--,P3,2024-04-17T18:16:51Z,2024-04-19T21:35:10Z,127 Branch,unspecified,"Change language from ""Install"" to ""Download"" in Translations Settings"
1892101,Firefox,Address Bar,VERIFIED,FIXED,S4,P5,2024-04-17T20:56:51Z,2025-08-19T09:15:04Z,144 Branch,Trunk,Switch to tab results are not updated when background tabs are closed
1892105,Firefox,Profile Backup,RESOLVED,FIXED,N/A,P3,2024-04-17T21:20:03Z,2024-05-02T04:10:34Z,127 Branch,unspecified,Update test_backup.py to test that a backup can be recovered from - part 1
1892125,Firefox,Screenshots,VERIFIED,FIXED,S3,P1,2024-04-17T23:33:22Z,2024-05-01T21:52:08Z,127 Branch,unspecified,Clicking on the label in the copy or download button in the Screenshots preview dialog does nothing
1892138,Firefox,Profile Backup,RESOLVED,FIXED,S4,P5,2024-04-18T01:20:44Z,2024-04-19T09:55:00Z,127 Branch,unspecified,Intermittent browser/components/backup/tests/xpcshell/test_SessionStoreBackupResource.js | xpcshell return code: 0
1892148,Firefox,Address Bar,RESOLVED,FIXED,N/A,P2,2024-04-18T02:34:04Z,2024-04-26T16:27:44Z,127 Branch,unspecified,Remove or update metrics expiring in Firefox 128: newtab.handoff_preference.enabled before Gecko version gets increased on 2024-05-13
1892150,Firefox,Address Bar,RESOLVED,FIXED,N/A,P2,2024-04-18T02:34:14Z,2024-04-23T21:43:54Z,127 Branch,unspecified,Remove or update probes expiring in Firefox 128: FX_URLBAR_PROVIDER_CLIPBOARD_READ_TIME_MS before Gecko version gets increased on 2024-05-13
1892220,Firefox,Shell Integration,RESOLVED,FIXED,S4,P5,2024-04-18T11:25:22Z,2024-04-18T13:58:05Z,---,unspecified,Perma 'mach configure' did not run successfully. Please check log for errors. | ERROR: '/windows-laf-tokens.data': No such file or directory
1892249,Firefox,Profile Backup,RESOLVED,FIXED,N/A,P3,2024-04-18T14:33:24Z,2024-05-15T20:31:30Z,128 Branch,unspecified,Have BackupService.createBackup use nsIZipWriter to zip up the contents of the staging folder
1892266,Firefox,Tabbed Browser,RESOLVED,FIXED,--,--,2024-04-18T15:45:22Z,2024-04-20T09:43:29Z,127 Branch,unspecified,Account for containers when closing duplicate tabs.
1892267,Firefox,Search,RESOLVED,FIXED,N/A,P2,2024-04-18T15:49:02Z,2024-04-19T09:55:13Z,127 Branch,unspecified,Add `num_ads_loaded` and `num_ads_hidden` to the categorization event
1892281,Firefox,New Tab Page,RESOLVED,FIXED,--,--,2024-04-18T16:51:35Z,2024-04-20T09:43:33Z,127 Branch,unspecified,Home and newtab hover state and click area for wallpaper thumbnails bug
1892304,Firefox,Profile Backup,RESOLVED,FIXED,N/A,P3,2024-04-18T18:34:26Z,2024-04-25T20:38:20Z,127 Branch,unspecified,Include the FxA uid as an optional meta property to the BackupManifest v1 schema
1892312,Firefox,Profile Backup,RESOLVED,FIXED,N/A,P3,2024-04-18T18:51:11Z,2024-05-07T09:16:48Z,127 Branch,unspecified,Update times.json with recovery information for the recovered profile
1892332,Firefox,Search,VERIFIED,FIXED,S3,P1,2024-04-18T21:05:57Z,2024-06-01T21:40:45Z,128 Branch,unspecified,Distinguish between private and regular browsing modes wrt Google signed-in telemetry
1892335,Firefox,Profile Backup,RESOLVED,FIXED,N/A,P3,2024-04-18T21:15:16Z,2024-04-25T20:38:29Z,127 Branch,unspecified,Have BackupService.init look for a post-recovery.json file in the profile directory
1892359,Firefox,Translations,RESOLVED,FIXED,S3,P3,2024-04-19T00:32:21Z,2024-04-23T04:11:49Z,127 Branch,unspecified,Fix Translator Exception Handling
1892377,Firefox,Address Bar,RESOLVED,FIXED,--,--,2024-04-19T05:34:43Z,2024-04-19T21:35:23Z,127 Branch,unspecified,Update urlbar.quick_suggest_contextual_opt_in metric expiring in Firefox 128
1892394,Firefox,Tabbed Browser,VERIFIED,FIXED,S3,P1,2024-04-19T08:22:59Z,2024-05-30T21:39:24Z,128 Branch,unspecified,Moving the cursor on the next tab right before the tab preview is displayed will show the preview on the wrong tab
1892402,Firefox,Messaging System,RESOLVED,FIXED,S3,P1,2024-04-19T09:33:15Z,2024-04-25T09:46:53Z,127 Branch,Firefox 125,Survey on new tab page has low text contrast with custom themes or Firefox Color
1892417,Firefox,Messaging System,RESOLVED,FIXED,S3,P1,2024-04-19T10:51:32Z,2025-05-20T04:10:12Z,140 Branch,Firefox 125,Make autofocus property of feature callout messages configurable to avoid stealing focus from editable elements such as Urlbar
1892429,Firefox,Sidebar,RESOLVED,FIXED,--,P1,2024-04-19T12:20:53Z,2024-05-28T21:48:12Z,128 Branch,unspecified,Create an expanded sidebar state
1892430,Firefox,Sidebar,RESOLVED,FIXED,--,P2,2024-04-19T12:22:39Z,2024-06-28T09:36:06Z,129 Branch,unspecified,"Add a ""Hide"" sidebar visibility setting"
1892479,Firefox,Profile Backup,RESOLVED,FIXED,N/A,P3,2024-04-19T15:39:32Z,2024-05-07T21:48:09Z,127 Branch,unspecified,Add the legacy Telemetry client ID to the backup manifest meta property
1892487,Firefox,New Tab Page,RESOLVED,FIXED,S2,P1,2024-04-19T16:15:52Z,2024-04-27T09:30:18Z,127 Branch,unspecified,Home and newtab wallpaper customize menu thumbnails don't tab
1892518,Firefox,Firefox Accounts,RESOLVED,FIXED,S4,P5,2024-04-19T19:23:26Z,2024-04-19T19:52:23Z,127 Branch,unspecified,Intermittent TV services/fxaccounts/tests/xpcshell/test_commands_closetab.js | single tracking bug
1892541,Firefox,Translations,RESOLVED,FIXED,S3,P3,2024-04-20T00:21:04Z,2024-04-23T04:11:53Z,127 Branch,unspecified,Fix FullPageTranslationsPanel init-failure messaging
1892546,Firefox,Translations,RESOLVED,FIXED,S3,P3,2024-04-20T00:36:20Z,2024-04-23T04:11:57Z,127 Branch,unspecified,Add chaos mode to Translations language initialization
1892548,Firefox,Messaging System,RESOLVED,FIXED,S4,P1,2024-04-20T02:18:06Z,2024-10-31T14:42:43Z,---,unspecified,Intermittent browser/components/asrouter/tests/browser/browser_asrouter_infobar.js | single tracking bug
1892557,Firefox,PDF Viewer,RESOLVED,FIXED,--,--,2024-04-20T06:17:18Z,2024-04-21T09:14:38Z,127 Branch,unspecified,Update PDF.js to new version 5ad42c13adb90fd030dcc7b60451eb6f9824581f from 2024-04-18 17:13:32
1892659,Firefox,Tabbed Browser,VERIFIED,FIXED,--,--,2024-04-22T07:26:03Z,2024-05-07T09:16:55Z,127 Branch,unspecified,Allow closing all of current window's duplicate tabs in tab overflow menu.
1892729,Firefox,Address Bar,RESOLVED,FIXED,N/A,P3,2024-04-22T14:40:30Z,2024-10-15T11:41:46Z,---,unspecified,[META][QA][QA-2402]  Yelp Suggestions Experiment - Relaunch
1892732,Firefox,Address Bar,VERIFIED,FIXED,S2,P1,2024-04-22T14:44:48Z,2024-04-23T09:48:18Z,127 Branch,Firefox 125,"[Experiment] The ""Learn more about Firefox Suggest"" option for Yelp and MDN results is not working on Firefox 125"
1892738,Firefox,Tabbed Browser,VERIFIED,FIXED,S4,--,2024-04-22T15:13:37Z,2024-04-25T09:47:10Z,127 Branch,unspecified,Flickering issue when positioning cursor near bottom line/corners of a tab
1892758,Firefox,Tabbed Browser,RESOLVED,FIXED,--,--,2024-04-22T16:09:35Z,2026-03-27T21:58:55Z,151 Branch,Firefox 137,"When clicking with middle mouse button on the ""New Tab"" button, the previous selection will be pasted and searched for, even though middlemouse.paste is turned off"
1892761,Firefox,Session Restore,RESOLVED,FIXED,--,P2,2024-04-22T16:29:07Z,2026-08-21T15:51:11Z,156 Branch,unspecified,Replace SessionStore / SessionStoreInternal object setup with a modern JS class
1892769,Firefox,Messaging System,VERIFIED,FIXED,--,P1,2024-04-22T16:57:50Z,2024-04-24T09:41:56Z,127 Branch,unspecified,reverse_split property styles are reverted at widths < 800px when no_rdm property is present
1892771,Firefox,Profile Backup,RESOLVED,FIXED,N/A,P3,2024-04-22T17:01:50Z,2024-05-07T21:48:17Z,127 Branch,unspecified,Write a datareporting/state.json with the client ID that the recovered profile should ultimately have
1892772,Firefox,Messaging System,RESOLVED,FIXED,--,P1,2024-04-22T17:05:11Z,2024-04-26T04:20:57Z,127 Branch,unspecified,"""welcome-text"" container is still rendered in the absence of title and subtitle"
1892782,Firefox,Installer,RESOLVED,FIXED,--,--,2024-04-22T17:57:30Z,2024-04-23T21:44:10Z,127 Branch,unspecified,Enable Firefox launch on login by default
1892836,Firefox,Translations,RESOLVED,FIXED,--,P3,2024-04-22T22:12:33Z,2024-04-25T09:47:23Z,127 Branch,unspecified,Create a Nimbus rollout for the Select Translations release
1892846,Firefox,Translations,VERIFIED,FIXED,--,P3,2024-04-23T00:04:45Z,2024-04-25T09:47:28Z,127 Branch,unspecified,Disable translate-full-page button when same language is selected
1892848,Firefox,Translations,RESOLVED,FIXED,--,P3,2024-04-23T00:56:41Z,2024-04-25T09:47:34Z,127 Branch,unspecified,Improve SelectTranslationsPanel translate via keyboard navigation
1892853,Firefox,Translations,VERIFIED,FIXED,--,P3,2024-04-23T01:51:33Z,2024-04-25T09:47:39Z,127 Branch,unspecified,Ensure SelectTranslationsPanel footer buttons wrap correctly
1892904,Firefox,Sync,RESOLVED,FIXED,S3,P2,2024-04-23T09:33:44Z,2024-05-28T19:23:20Z,---,Firefox 125,Cannot sync in Firefox after password-change due to stale client state
1892931,Firefox,Sync,VERIFIED,FIXED,--,--,2024-04-23T12:32:32Z,2024-04-30T21:08:44Z,127 Branch,unspecified,"Perma Late Beta TEST-UNEXPECTED-FAIL | browser/base/content/test/sync/browser_contextmenu_sendpage.js | Ids in context menu match expected values - ""frame-sep"" == ""context-translate-selec  when Gecko 127 switches from Early Beta to Late Beta on 2024-05-24"
1892934,Firefox,Address Bar,RESOLVED,FIXED,S3,P3,2024-04-23T12:39:47Z,2024-06-19T21:43:24Z,129 Branch,Firefox 126,Domain highlighting doesn't work when detaching tabs
1892941,Firefox,Sidebar,RESOLVED,FIXED,--,P2,2024-04-23T13:42:49Z,2024-06-28T09:36:11Z,129 Branch,unspecified,"Add a ""Always Show"" sidebar visibility setting"
1892953,Firefox,Sidebar,RESOLVED,FIXED,--,--,2024-04-23T14:19:10Z,2024-11-27T04:01:45Z,135 Branch,unspecified,Add ability to resize the sidebar with responsive layout
1892957,Firefox,Sidebar,RESOLVED,FIXED,--,P2,2024-04-23T14:28:40Z,2024-06-23T09:43:23Z,129 Branch,unspecified,Add sidebar position settings to the Customize Sidebar menu
1892959,Firefox,Profile Backup,RESOLVED,FIXED,N/A,P3,2024-04-23T14:34:44Z,2024-05-09T04:13:35Z,127 Branch,unspecified,Stub out initial backup management UI inside of about:preferences
1892962,Firefox,Sidebar,RESOLVED,FIXED,--,--,2024-04-23T14:45:46Z,2024-04-29T21:07:16Z,127 Branch,unspecified,"Remove ""toolkit/branding/accounts.ftl"" from revamped sidebar html."
1892965,Firefox,Sidebar,RESOLVED,FIXED,--,P1,2024-04-23T14:59:53Z,2024-05-03T22:02:55Z,127 Branch,unspecified,Rename Sidebar launcher and SidebarUI
1892968,Firefox,Profile Backup,RESOLVED,FIXED,N/A,P3,2024-04-23T15:15:03Z,2024-07-03T04:10:06Z,129 Branch,unspecified,Settle on better default values for browser.backup.sqlite.pages_per_step and browser.backup.sqlite.step_delay_ms
1893007,Firefox,New Tab Page,VERIFIED,FIXED,--,--,2024-04-23T17:24:05Z,2024-06-04T09:51:12Z,128 Branch,unspecified,Add location query to WeatherFeed
1893013,Firefox,Firefox View,RESOLVED,FIXED,S4,P3,2024-04-23T17:44:06Z,2024-06-04T09:51:16Z,128 Branch,unspecified,Remove browser.firefox-view.search.enabled preference
1893022,Firefox,Translations,VERIFIED,FIXED,--,P3,2024-04-23T18:11:32Z,2024-04-25T20:40:14Z,127 Branch,unspecified,Move Select Translations Fluent Strings out of Preview
1893050,Firefox,New Tab Page,RESOLVED,FIXED,S4,--,2024-04-23T20:27:35Z,2024-11-06T09:53:01Z,134 Branch,unspecified,"A button with a cog icon is labeled as ""Personalize new tab"" while it's usually ""Settings"""
1893053,Firefox,New Tab Page,VERIFIED,FIXED,S3,P1,2024-04-23T20:35:44Z,2024-11-16T21:46:00Z,134 Branch,unspecified,Select and checkbox controls on the about:newtab page's settings dialog have subtle focus indication
1893060,Firefox,Translations,RESOLVED,FIXED,--,P3,2024-04-23T20:45:46Z,2024-04-25T09:47:45Z,127 Branch,unspecified,Add ability to force reopen SelectTranslationsPanel
1893062,Firefox,Translations,RESOLVED,FIXED,S3,P3,2024-04-23T20:59:46Z,2024-04-25T09:47:50Z,127 Branch,unspecified,The SelectTranslationsPanel settings menu is not accessible via keyboard
1893067,Firefox,Address Bar,RESOLVED,FIXED,S4,P3,2024-04-23T21:26:00Z,2024-06-30T09:17:31Z,129 Branch,unspecified,Fix telemetry reported when secondaryActions are picked
1893068,Firefox,Menus,RESOLVED,FIXED,N/A,P3,2024-04-23T21:27:19Z,2024-06-15T09:29:50Z,129 Branch,unspecified,Remove inline event handlers from menubar code
1893069,Firefox,Address Bar,RESOLVED,FIXED,S4,P3,2024-04-23T21:28:56Z,2024-05-28T21:48:20Z,128 Branch,unspecified,"Add ""scotchBonnet"" featureGate pref"
1893071,Firefox,Address Bar,VERIFIED,FIXED,S4,P3,2024-04-23T21:33:01Z,2024-09-03T21:04:20Z,132 Branch,unspecified,Contextual Search should enter search mode
1893076,Firefox,Messaging System,RESOLVED,FIXED,--,P1,2024-04-23T22:01:11Z,2024-04-25T09:47:56Z,127 Branch,unspecified,Update wallpaper onboarding thumbnail images
1893083,Firefox,Address Bar,RESOLVED,FIXED,N/A,P2,2024-04-23T23:44:32Z,2026-04-24T09:37:06Z,152 Branch,unspecified,Implement the context menu on urlbar results
1893147,Firefox,Installer,VERIFIED,FIXED,S2,--,2024-04-24T11:10:16Z,2024-04-25T09:48:01Z,127 Branch,Trunk,"Nightly build takes aprox 5 minutes to install from .exe being stuck at default browser agent, background task and when uninstalling"
1893159,Firefox,General,RESOLVED,FIXED,N/A,P1,2024-04-24T12:23:15Z,2024-05-01T21:52:31Z,127 Branch,unspecified,Add technical docs for new data review process on phabricator
1893173,Firefox,Top Sites,RESOLVED,FIXED,N/A,P2,2024-04-24T13:31:37Z,2024-05-01T21:52:37Z,127 Branch,unspecified,Convert TopSites into a singleton component
1893214,Firefox,Sidebar,RESOLVED,FIXED,--,P1,2024-04-24T15:59:33Z,2024-05-30T01:08:43Z,---,unspecified,Investigate new sidebar placement next to bookmarks toolbar
1893228,Firefox,Address Bar,RESOLVED,FIXED,N/A,P3,2024-04-24T16:51:41Z,2024-05-31T21:33:49Z,128 Branch,unspecified,Move address bar expandos set on browsers to the #browserStates WeakMap
1893269,Firefox,Profile Backup,RESOLVED,FIXED,N/A,P3,2024-04-24T19:02:52Z,2024-05-10T09:55:16Z,127 Branch,unspecified,Build out basic infrastructure for BackupService management UI
1893277,Firefox,Profile Backup,RESOLVED,FIXED,N/A,P3,2024-04-24T19:19:58Z,2024-05-18T09:27:53Z,128 Branch,unspecified,"Build ""Turn on backup"" dialog element"
1893288,Firefox,Translations,RESOLVED,FIXED,--,--,2024-04-24T19:38:18Z,2024-05-13T21:46:02Z,128 Branch,unspecified,Update the Firefox Source Docs for translations
1893295,Firefox,Profile Backup,RESOLVED,FIXED,N/A,P3,2024-04-24T19:45:34Z,2024-06-29T09:42:51Z,129 Branch,unspecified,Build set / change backup encryption password dialog element
1893299,Firefox,Profile Backup,RESOLVED,FIXED,N/A,P3,2024-04-24T19:48:20Z,2024-06-12T21:54:13Z,129 Branch,unspecified,Build confirmation dialog element for turning off the backup feature
1893301,Firefox,Profile Backup,RESOLVED,FIXED,N/A,P3,2024-04-24T19:50:36Z,2024-06-20T04:10:14Z,129 Branch,unspecified,Build confirmation dialog element for removing encryption password from backup
1893310,Firefox,Address Bar,RESOLVED,FIXED,S4,P1,2024-04-24T20:29:56Z,2024-04-26T16:28:12Z,127 Branch,unspecified,Contextual Search only searches first letter
1893311,Firefox,New Tab Page,RESOLVED,FIXED,--,--,2024-04-24T20:34:27Z,2024-04-27T09:30:26Z,127 Branch,unspecified,Add two prefs for light/dark newtab wallpapers
1893336,Firefox,Translations,VERIFIED,FIXED,--,P3,2024-04-24T22:53:09Z,2024-04-25T20:40:46Z,127 Branch,unspecified,Ensure that SelectTranslationPanel closes when opening a new tab
1893341,Firefox,Shell Integration,RESOLVED,FIXED,--,--,2024-04-24T23:44:48Z,2024-05-16T09:20:05Z,128 Branch,unspecified,[meta] Enable Firefox launch on login on MSIX
1893345,Firefox,Translations,VERIFIED,FIXED,S3,P3,2024-04-25T00:03:22Z,2024-05-04T09:37:16Z,127 Branch,unspecified,SelectTranslationsPanel footer buttons are in the wrong order on Windows
1893362,Firefox,Profile Backup,RESOLVED,FIXED,S4,P5,2024-04-25T02:18:31Z,2024-04-26T04:21:05Z,127 Branch,unspecified,"Perma Documentation sphinx.errors.ExtensionError: Handler <function analyze at 0x7f1a4c3d3880> for event 'builder-inited' threw an exception (exception: Rule 'name' didn't match at '' (line 1, column 61).)"
1893458,Firefox,Installer,VERIFIED,FIXED,S3,--,2024-04-25T13:35:21Z,2024-11-08T04:21:51Z,134 Branch,Firefox 127,Taskbar pinning races shortcut creation propogating through Windows shell
1893460,Firefox,Screenshots,VERIFIED,FIXED,S3,P1,2024-04-25T13:43:57Z,2024-04-27T09:30:34Z,127 Branch,Trunk,[RTL] The buttons for the Screenshots selection are placed on the right side
1893471,Firefox,Translations,RESOLVED,FIXED,--,P3,2024-04-25T14:25:52Z,2024-05-01T21:52:42Z,127 Branch,unspecified,Ensure that the translate-full-page button is hidden on sites where full-page translations is restricted
1893485,Firefox,Profile Backup,RESOLVED,FIXED,N/A,P3,2024-04-25T15:47:54Z,2024-09-05T04:25:51Z,132 Branch,unspecified,Add the profileGroupID to the backup manifest meta property
1893497,Firefox,Data Loss Prevention,RESOLVED,FIXED,S4,--,2024-04-25T16:14:11Z,2024-04-26T04:21:12Z,127 Branch,unspecified,Remove unneeded await on l10n.setAttributes in ContentAnalysis.sys.mjs
1893504,Firefox,Messaging System,RESOLVED,FIXED,--,--,2024-04-25T16:35:58Z,2024-04-26T04:21:15Z,127 Branch,unspecified,pageActionInUrlbar missing from the list of available trigger actions
1893505,Firefox,Sidebar,RESOLVED,FIXED,--,--,2024-04-25T16:38:07Z,2024-05-16T09:20:12Z,128 Branch,unspecified,Add custom right-click menu to sidebar extension
1893535,Firefox,Messaging System,RESOLVED,FIXED,S3,P1,2024-04-25T20:29:47Z,2024-05-06T17:07:14Z,---,unspecified,Land advanced targeting for first run mac only
1893536,Firefox,Data Loss Prevention,RESOLVED,FIXED,S4,--,2024-04-25T20:33:20Z,2024-04-27T21:59:07Z,127 Branch,unspecified,Use better wording when denying a DLP request because the agent isn't connected
1893564,Firefox,Tabbed Browser,RESOLVED,FIXED,--,--,2024-04-26T00:46:27Z,2024-04-26T16:28:28Z,127 Branch,unspecified,Browser containers have a <notificationbox> that doesn't do anything (?)
1893568,Firefox,Tabbed Browser,VERIFIED,FIXED,S3,P2,2024-04-26T01:31:04Z,2024-06-27T09:33:52Z,129 Branch,unspecified,Every other new tab does not smoothly slide in
1893614,Firefox,Messaging System,VERIFIED,FIXED,--,--,2024-04-26T11:08:16Z,2024-04-30T12:11:39Z,---,unspecified,[META] [QA] [QA-2406] What's New Page Fx126 Experiment
1893616,Firefox,Messaging System,VERIFIED,FIXED,S3,P1,2024-04-26T11:13:52Z,2024-04-30T11:41:03Z,---,Firefox 126,[Experiment]The experiment's What's New page is not localized
1893645,Firefox,PDF Viewer,VERIFIED,FIXED,S2,P1,2024-04-26T13:35:08Z,2024-04-29T16:02:21Z,127 Branch,unspecified,Arbitrary Javascript injection in PDF.js through FontMatrix
1893655,Firefox,Tabbed Browser,RESOLVED,FIXED,--,P1,2024-04-26T13:59:09Z,2024-06-15T21:33:49Z,129 Branch,unspecified,Turn horizontal tabstrip vertically
1893656,Firefox,Tabbed Browser,RESOLVED,FIXED,--,--,2024-04-26T14:00:36Z,2024-07-09T21:46:07Z,130 Branch,unspecified,Fix drag n' drop in vertical tabstrip
1893661,Firefox,Sidebar,RESOLVED,FIXED,--,--,2024-04-26T14:15:18Z,2024-05-04T09:37:22Z,127 Branch,unspecified,"Revamped sidebar buttons are displaying with a repeated background, wrong background color"
1893671,Firefox,Messaging System,RESOLVED,FIXED,--,P2,2024-04-26T15:29:51Z,2024-05-03T03:22:22Z,127 Branch,unspecified,[CFR] Add Fx113 facebook container experiment message in CFRMessageProvider
1893672,Firefox,Sidebar,RESOLVED,FIXED,S2,P2,2024-04-26T15:38:21Z,2024-05-08T03:50:58Z,127 Branch,unspecified,Extensions in revamped sidebar aren't being disabled/enabled as expected
1893676,Firefox,Tabbed Browser,RESOLVED,FIXED,N/A,P1,2024-04-26T15:51:51Z,2024-06-04T09:51:24Z,128 Branch,unspecified,enable tab hover preview by default in Nightly
1893680,Firefox,Screenshots,RESOLVED,FIXED,--,--,2024-04-26T16:34:27Z,2024-05-04T21:53:55Z,127 Branch,unspecified,[RTL] The preview screenshots state is not visible
1893704,Firefox,New Tab Page,RESOLVED,FIXED,--,--,2024-04-26T18:20:41Z,2024-05-01T21:53:07Z,127 Branch,unspecified,Update wallpaper onbaording to use updated prefs for setting wallpapers
1893720,Firefox,New Tab Page,VERIFIED,FIXED,--,--,2024-04-26T19:04:14Z,2025-11-15T20:44:22Z,147 Branch,unspecified,`...` Open menu buttons on the about:newtab are missing the expanded state
1893730,Firefox,New Tab Page,RESOLVED,FIXED,--,--,2024-04-26T19:41:18Z,2024-11-13T18:37:11Z,134 Branch,unspecified,"Ensure the about:newtab supports HCM on Windows, incl. support for the focus indication"
1893732,Firefox,New Tab Page,RESOLVED,FIXED,--,--,2024-04-26T19:49:57Z,2024-10-03T09:49:16Z,133 Branch,unspecified,Save to Pocket buttons on the about:newtab cards are missing the Pocket in their accessible name
1893734,Firefox,New Tab Page,RESOLVED,FIXED,--,--,2024-04-26T19:55:02Z,2024-10-15T21:47:12Z,133 Branch,unspecified,The only heading on the about:newtab is H3
1893776,Firefox,Translations,VERIFIED,FIXED,S3,P3,2024-04-27T01:12:39Z,2024-05-01T21:53:11Z,127 Branch,unspecified,Translations Panels do not populate language dropdowns when creating a new window from a tab that has already opened the panel
1893789,Firefox,PDF Viewer,RESOLVED,FIXED,--,--,2024-04-27T06:18:10Z,2024-04-29T15:56:42Z,127 Branch,unspecified,Update PDF.js to new version 90d4b9c2c0df7cadbd5c2388431b208f08da1ed6 from 2024-04-24 18:16:01
1893800,Firefox,Screenshots,RESOLVED,FIXED,--,--,2024-04-27T12:28:36Z,2024-05-09T04:13:45Z,127 Branch,unspecified,Horizontally align buttons to region in screenshots overlay
1893823,Firefox,Address Bar,RESOLVED,FIXED,S3,P1,2024-04-27T19:42:48Z,2024-04-28T07:57:10Z,127 Branch,unspecified,Contextual search breaks urlbar when no engine
1893840,Firefox,Address Bar,RESOLVED,FIXED,S2,P2,2024-04-28T00:57:56Z,2024-05-10T21:37:36Z,127 Branch,Firefox 125,Frequent domains not autocompleting
1893871,Firefox,Address Bar,VERIFIED,FIXED,S3,P2,2024-04-28T13:24:31Z,2024-05-14T22:00:48Z,128 Branch,Firefox 127,Partial selection starting from beginning of address includes the https:// protocol when untrimmed
1893936,Firefox,New Tab Page,RESOLVED,FIXED,S3,--,2024-04-29T08:44:06Z,2024-05-01T21:53:17Z,127 Branch,Firefox 127,Three-dot button (...) appears in bottom-left corner of new tab pocket stories and dislocated from menu with extensions.pocket.enabled = false
1893940,Firefox,New Tab Page,VERIFIED,FIXED,S3,P3,2024-04-29T08:53:32Z,2024-05-21T21:42:27Z,128 Branch,Firefox 127,Close button in new tab customization section has a stripe associated with it that covers settings when scrolling in a small window
1893945,Firefox,New Tab Page,VERIFIED,FIXED,S3,P1,2024-04-29T09:16:37Z,2024-05-16T09:20:19Z,128 Branch,Firefox 127,Changing new tab wallpaper does not update the credit links until page is reloaded.
1893958,Firefox,Translations,RESOLVED,FIXED,S4,--,2024-04-29T10:59:39Z,2024-05-13T14:00:14Z,---,Trunk,Language unsupported error panel has incorrect UI for the disabled Translate button
1893979,Firefox,Messaging System,VERIFIED,FIXED,S3,P1,2024-04-29T12:32:15Z,2024-04-30T11:41:43Z,---,Firefox 126,[Experiment]The WNP experiment displays the FxA What's New page instead of the translations one
1893985,Firefox,Firefox Accounts,RESOLVED,FIXED,--,--,2024-04-29T12:49:31Z,2024-04-30T21:09:21Z,127 Branch,unspecified,Remove incorrect and unnecessary strict statement from FxAccountsProfileClient.sys.mjs
1894013,Firefox,New Tab Page,VERIFIED,FIXED,S3,P2,2024-04-29T14:20:23Z,2026-02-04T05:03:02Z,149 Branch,unspecified,"After restart, the names and icons of the reordered top sites are mismatched (if placed after the 'Add Shortcut)"
1894020,Firefox,Profile Backup,RESOLVED,FIXED,N/A,P3,2024-04-29T14:43:30Z,2024-06-14T20:52:40Z,129 Branch,unspecified,Build dialog for restoring from a backup
1894024,Firefox,Shell Integration,RESOLVED,FIXED,S3,P3,2024-04-29T15:10:22Z,2024-05-30T21:39:32Z,128 Branch,unspecified,[meta] [mailto] Remind users to finish the configuration of a webmailer (accept or dismiss the Infobar)
1894061,Firefox,Session Restore,VERIFIED,FIXED,S2,P1,2024-04-29T17:31:51Z,2024-04-30T15:39:24Z,127 Branch,unspecified,Session restore telemetry can_load extra isn't working correctly and causes error console spam
1894068,Firefox,Enterprise Policies,RESOLVED,FIXED,N/A,P3,2024-04-29T18:20:51Z,2024-05-03T15:47:08Z,127 Branch,unspecified,Add a policy for Kyber
1894085,Firefox,Translations,RESOLVED,FIXED,--,--,2024-04-29T19:27:21Z,2024-05-14T13:56:06Z,126 Branch,unspecified,Repeated language names in to/from Translation Options
1894091,Firefox,Translations,VERIFIED,FIXED,S2,P3,2024-04-29T20:18:24Z,2024-05-25T09:45:11Z,128 Branch,unspecified,A screen reader does not announce when a translation is added on the Select Translations panel
1894094,Firefox,Translations,VERIFIED,FIXED,S3,P3,2024-04-29T20:38:58Z,2024-06-14T14:21:48Z,128 Branch,unspecified,Select Translations panel is missing accessible name
1894098,Firefox,Translations,VERIFIED,FIXED,S3,P3,2024-04-29T20:53:48Z,2024-06-04T21:07:12Z,128 Branch,unspecified,Content of the Select Translations panel is not announced to a screen reader user when the panel is opened
1894101,Firefox,Translations,VERIFIED,FIXED,S2,P3,2024-04-29T21:02:12Z,2024-05-03T03:22:30Z,127 Branch,unspecified,BETA badge on the Select Translations panel is hidden from assistive technology
1894166,Firefox,PDF Viewer,VERIFIED,FIXED,S3,P1,2024-04-30T06:22:05Z,2025-06-26T13:48:33Z,142 Branch,Firefox 124,"When opening local PDFs, only the text after the last hashtag (#, if it exists) is shown as the tab title (e.g. output#1.pdf shows up as 1.pdf)."
1894221,Firefox,Sidebar,RESOLVED,FIXED,--,P2,2024-04-30T12:10:42Z,2024-05-21T21:42:32Z,128 Branch,unspecified,Add Sidebar Extensions section to Customize Sidebar menu
1894222,Firefox,Sidebar,RESOLVED,FIXED,--,P2,2024-04-30T12:14:51Z,2024-06-10T21:33:35Z,129 Branch,unspecified,Add Manage Firefox Settings to Customize Sidebar menu
1894227,Firefox,Remote Settings Client,VERIFIED,FIXED,--,--,2024-04-30T12:36:23Z,2024-05-09T21:26:53Z,127 Branch,unspecified,Perma services/settings/test/unit/test_remote_settings_release_prefs.js | xpcshell return code: 0 when Gecko 127 merges to beta on 2024-05-13
1894233,Firefox,Translations,VERIFIED,FIXED,S3,P4,2024-04-30T13:12:06Z,2024-06-12T14:58:02Z,---,unspecified,Navigating inside the translated text box using UP/DOWN ARROWs is not working correctly
1894243,Firefox,Messaging System,VERIFIED,FIXED,S3,P1,2024-04-30T14:04:23Z,2024-05-13T21:46:06Z,128 Branch,unspecified,about:welcome focus urlbar post onboarding as default experience
1894245,Firefox,Messaging System,RESOLVED,FIXED,--,P1,2024-04-30T14:08:36Z,2024-06-21T15:53:04Z,---,unspecified,"[Experiment] Configure and launch Micro Survey: Ask new profiles about usage context: work, school, personal"
1894246,Firefox,General,RESOLVED,FIXED,--,--,2024-04-30T14:23:40Z,2024-05-01T21:54:00Z,127 Branch,unspecified,Update triage duty
1894260,Firefox,Data Loss Prevention,RESOLVED,FIXED,S3,--,2024-04-30T15:13:52Z,2024-05-06T09:51:54Z,127 Branch,unspecified,Folder upload is broken with DLP on
1894271,Firefox,Translations,VERIFIED,FIXED,S3,P3,2024-04-30T15:42:44Z,2024-05-30T21:39:36Z,128 Branch,unspecified,Errors on the Select Translations panel are not announced when they appear
1894272,Firefox,Remote Settings Client,RESOLVED,FIXED,--,--,2024-04-30T15:51:56Z,2024-05-08T21:23:19Z,127 Branch,unspecified,Only load attachments from dumps when on production
1894301,Firefox,Profile Backup,RESOLVED,FIXED,N/A,P3,2024-04-30T17:27:57Z,2024-05-02T04:10:51Z,127 Branch,unspecified,Backup manifest schema violation warning emitted when not signed in
1894336,Firefox,Messaging System,RESOLVED,FIXED,S3,P1,2024-04-30T19:15:57Z,2024-05-15T15:17:17Z,---,unspecified,[Experiment] Configure and Launch Guidance Notification- Split Set to Default and Pin onto Separate Screens for 1-click Set to Default Removal
1894373,Firefox,Enterprise Policies,RESOLVED,FIXED,N/A,P3,2024-04-30T21:51:31Z,2026-05-27T08:57:04Z,153 Branch,Firefox 116,"Setting DisableSecurityBypass->Safebrowsing to false should should remove the ""Allow download"" button"
1894389,Firefox,General,VERIFIED,FIXED,N/A,P1,2024-04-30T23:05:11Z,2024-05-02T09:18:26Z,127 Branch,unspecified,"Update donation link within ""About Firefox"""
1894393,Firefox,Theme,RESOLVED,FIXED,--,--,2024-04-30T23:34:45Z,2024-05-01T21:54:08Z,127 Branch,unspecified,Undo the Firefox View work that made tab attention dot color in Linux and lwt on HCM match between chrome and in-content
1894414,Firefox,Menus,RESOLVED,FIXED,--,--,2024-05-01T02:25:04Z,2024-06-17T08:58:46Z,129 Branch,unspecified,Remove broken css rule
1894484,Firefox,Translations,RESOLVED,FIXED,S2,P3,2024-05-01T14:53:09Z,2024-05-04T09:37:30Z,127 Branch,unspecified,Try-again button should have visible focus when an error occurs
1894516,Firefox,Screenshots,RESOLVED,FIXED,S3,P1,2024-05-01T16:47:44Z,2024-07-30T03:05:17Z,130 Branch,unspecified,Make screenshots smiley face keyboard accessible
1894517,Firefox,New Tab Page,RESOLVED,FIXED,--,P1,2024-05-01T17:04:14Z,2024-05-03T03:23:17Z,127 Branch,unspecified,Add nimbus variable for region-specific ranking experiment
1894538,Firefox,Data Loss Prevention,VERIFIED,FIXED,S3,--,2024-05-01T18:48:40Z,2025-02-19T05:00:09Z,137 Branch,unspecified,DLP timeout is not enforced by Firefox
1894542,Firefox,Theme,VERIFIED,FIXED,S3,P3,2024-05-01T19:38:11Z,2024-06-10T21:33:40Z,129 Branch,unspecified,The resizer control for <textarea> has insufficient color contrast on Dark and Alpenglow themes
1894556,Firefox,General,RESOLVED,FIXED,N/A,P2,2024-05-01T21:20:14Z,2024-05-14T22:01:10Z,128 Branch,Firefox 125,Need to replace idleTasksFinishedPromise with idleTasksFinished.promise
1894575,Firefox,Translations,VERIFIED,FIXED,S3,P3,2024-05-02T00:58:00Z,2024-05-17T07:55:29Z,128 Branch,unspecified,SelectTranslationsPanel glitches when resized below the bottom screen boundary
1894614,Firefox,Address Bar,RESOLVED,FIXED,S2,P1,2024-05-02T08:08:47Z,2024-05-03T15:47:22Z,127 Branch,unspecified,Long hangs (75s) seen when opening the address bar due to waiting for the clipboard
1894689,Firefox,Installer,RESOLVED,FIXED,--,P1,2024-05-02T14:03:57Z,2024-05-10T08:29:24Z,127 Branch,unspecified,update cert issuer name in windows maintenance service
1894705,Firefox,PDF Viewer,RESOLVED,FIXED,--,--,2024-05-02T14:38:00Z,2024-05-03T03:23:39Z,127 Branch,unspecified,Update PDF.js to new version c419c8333b1b509fe90242135d9594aa026a8724 from 2024-05-02 12:41:02
1894727,Firefox,PDF Viewer,RESOLVED,FIXED,--,--,2024-05-02T15:30:16Z,2024-05-03T03:23:46Z,127 Branch,unspecified,Update pdf.js revision for talos tests with updatebot
1894740,Firefox,Screenshots,VERIFIED,FIXED,S3,P1,2024-05-02T16:30:19Z,2024-05-03T22:03:28Z,127 Branch,unspecified,Copy and download buttons are not functional when screenshot is loading
1894778,Firefox,Translations,RESOLVED,FIXED,--,--,2024-05-02T18:34:08Z,2024-05-03T03:23:57Z,127 Branch,unspecified,Labels are not programmatically associated with the language comboboxes on the Full page Translations panel
1894817,Firefox,General,RESOLVED,FIXED,--,--,2024-05-02T20:54:46Z,2024-05-06T12:42:20Z,---,Firefox 127,Videos on Foxnews  do not play if you have block audio&video enabled
1894849,Firefox,PDF Viewer,VERIFIED,FIXED,S2,P1,2024-05-03T03:54:32Z,2024-05-14T07:19:22Z,128 Branch,Firefox 125,Semantic information in tagged PDF not exposed to screen readers
1894865,Firefox,Shell Integration,RESOLVED,FIXED,S2,P3,2024-05-03T07:05:55Z,2024-05-21T09:47:27Z,128 Branch,unspecified,Text garbling for some wide strings with `nsWindowsShellService::CreateShortcut`
1894892,Firefox,General,RESOLVED,FIXED,--,--,2024-05-03T11:37:59Z,2024-05-03T13:45:33Z,---,unspecified,Update l10n-changesets on ESR115
1894910,Firefox,Search,VERIFIED,FIXED,N/A,P3,2024-05-03T13:41:35Z,2024-06-03T16:16:20Z,128 Branch,unspecified,Remove function to open search page from search bar with an empty search
1894928,Firefox,Search,RESOLVED,FIXED,N/A,P3,2024-05-03T14:22:36Z,2024-05-08T03:51:10Z,127 Branch,unspecified,Don't use template strings for logging console errors in the search service
1894935,Firefox,Translations,VERIFIED,FIXED,S3,P3,2024-05-03T14:58:30Z,2024-05-17T07:55:35Z,128 Branch,unspecified,SelectTranslationsPanel glitches when resized after opening with vertical flip mode
1894965,Firefox,Translations,RESOLVED,FIXED,S3,--,2024-05-03T16:21:39Z,2026-05-01T02:02:52Z,---,unspecified,Opening a link in a new tab (only visually) triggers translation in the current tab
1894966,Firefox,Messaging System,RESOLVED,FIXED,--,P1,2024-05-03T16:26:03Z,2024-05-06T17:54:10Z,---,unspecified,"Remove ""topic"" column from Skylight"
1894989,Firefox,Translations,RESOLVED,FIXED,--,P3,2024-05-03T18:24:00Z,2024-05-14T04:16:28Z,128 Branch,unspecified,The SelectTranslationsPanel textarea background should match the arrowpanel's background
1894990,Firefox,Sidebar,RESOLVED,FIXED,S2,P3,2024-05-03T18:27:11Z,2024-06-06T09:31:36Z,128 Branch,unspecified,Re-work logic for adding Megalist to sidebar to align with revamped sidebar
1895050,Firefox,PDF Viewer,VERIFIED,FIXED,S3,P1,2024-05-04T05:25:17Z,2024-06-04T12:26:00Z,128 Branch,Firefox 125,PDF viewer page truncated at 17900000px
1895110,Firefox,Address Bar,RESOLVED,FIXED,S2,P1,2024-05-05T01:58:45Z,2024-06-21T22:00:22Z,129 Branch,Firefox 126,Crash in [@ shutdownhang | mozilla::SpinEventLoopUntil | nsThreadPool::ShutdownWithTimeout]
1895134,Firefox,Search,RESOLVED,FIXED,S4,P5,2024-05-05T12:58:40Z,2024-10-09T10:01:57Z,133 Branch,unspecified,Intermittent browser/components/search/test/browser/telemetry/browser_search_telemetry_engagement_non_ad.js | single tracking bug
1895154,Firefox,Firefox Accounts,RESOLVED,FIXED,S3,P1,2024-05-05T23:48:16Z,2024-05-08T09:51:30Z,127 Branch,unspecified,"A scoped key's `kid` could have a dash, this breaks scoped key validation"
1895248,Firefox,Data Loss Prevention,RESOLVED,FIXED,--,--,2024-05-06T13:15:21Z,2025-02-24T19:32:55Z,---,unspecified,Move nsFilePicker Content Analysis code into ContentAnalysis.cpp
1895256,Firefox,Data Loss Prevention,RESOLVED,FIXED,S4,P5,2024-05-06T13:43:28Z,2024-08-27T21:41:47Z,131 Branch,unspecified,Frequent Windows asan ContentAnalysisTest.SendAllowedTextToAgent_GetAllowedResponse | Value of: gotResponse
1895423,Firefox,Address Bar,RESOLVED,FIXED,N/A,P1,2024-05-07T03:11:34Z,2024-05-08T09:51:34Z,127 Branch,unspecified,Move Firefox Suggest ingestion of suggestions to idle
1895473,Firefox,Theme,VERIFIED,FIXED,S3,P2,2024-05-07T11:25:39Z,2024-05-21T21:43:01Z,128 Branch,Firefox 123,Rectangular buttons in the zoom control section of the application hamburger menu lost their hover style
1895490,Firefox,Tabbed Browser,RESOLVED,FIXED,--,--,2024-05-07T13:05:09Z,2024-05-14T22:03:49Z,128 Branch,unspecified,Remove inline event handlers from all tabs menu
1895492,Firefox,Installer,RESOLVED,FIXED,--,--,2024-05-07T13:11:46Z,2024-05-21T18:49:31Z,127 Branch,unspecified,Update user-agent of InetBgDL for the stub installer
1895494,Firefox,Settings UI,RESOLVED,FIXED,N/A,P3,2024-05-07T13:15:13Z,2024-06-20T04:10:19Z,129 Branch,unspecified,Support more generic handling of custom experimental preferences logic
1895496,Firefox,PDF Viewer,RESOLVED,FIXED,S3,P3,2024-05-07T13:19:44Z,2026-02-16T14:31:10Z,---,unspecified,Incorrect rendering of some PDF files with smask
1895516,Firefox,Firefox View,VERIFIED,FIXED,S4,P5,2024-05-07T14:43:41Z,2025-04-24T09:24:13Z,139 Branch,Trunk,“x” button from “Import history..” banner from Firefox View is not aligned with the right edge of the card’s inner padding
1895521,Firefox,Firefox Accounts,RESOLVED,FIXED,S2,P2,2024-05-07T15:09:09Z,2024-05-24T04:16:00Z,128 Branch,unspecified,FxA telemetry recorded by browser-sync doesn't record correct entry-points
1895530,Firefox,File Handling,RESOLVED,FIXED,S3,P3,2024-05-07T16:02:03Z,2024-05-14T22:03:54Z,128 Branch,unspecified,Remove security.allow_disjointed_external_uri_loads pref
1895534,Firefox,New Tab Page,RESOLVED,FIXED,--,--,2024-05-07T16:09:39Z,2024-05-09T21:27:03Z,127 Branch,Firefox 127,Add unit test for pocketFeedParameters Nimbus variable
1895550,Firefox,Nimbus Desktop Client,RESOLVED,FIXED,S4,--,2024-05-07T17:35:11Z,2025-03-24T15:47:08Z,---,unspecified,"Heartbeat survey in-browser invitation could maybe use some punctuation (particularly on final ""Thanks Learn More"" message)"
1895563,Firefox,Menus,RESOLVED,FIXED,--,--,2024-05-07T18:07:11Z,2024-07-01T21:47:26Z,129 Branch,unspecified,Uncaught SyntaxError: redeclaration of let nsContextMenu
1895564,Firefox,Theme,RESOLVED,FIXED,--,--,2024-05-07T18:09:40Z,2024-05-08T16:14:54Z,127 Branch,unspecified,Update SVG assets for the back and forward icons
1895574,Firefox,File Handling,RESOLVED,FIXED,S4,P3,2024-05-07T18:29:04Z,2024-05-09T04:14:08Z,127 Branch,unspecified,"Use Append('c') instead of AppendLiteral(""c"") in MimeType.cpp"
1895641,Firefox,Tabbed Browser,VERIFIED,FIXED,--,--,2024-05-08T02:45:31Z,2024-05-09T04:14:12Z,127 Branch,Firefox 127,The tab manager (list all tabs) shows tabs in a recently used order and links opened in new tabs are no longer located next to the active tab after opening the tab manager
1895718,Firefox,Search,VERIFIED,FIXED,--,--,2024-05-08T14:34:31Z,2024-05-09T21:27:11Z,127 Branch,unspecified,Perma TEST-UNEXPECTED-FAIL | xpcshell.toml:toolkit/components/search/tests/xpcshell/test_missing_engine.js | test_update_with_missing - [test_update_with_missing : 1] Unexpected console message received when Gecko 127 merges to beta on 2024-05-13
1895732,Firefox,Theme,RESOLVED,FIXED,--,--,2024-05-08T15:18:21Z,2024-05-14T22:04:19Z,128 Branch,unspecified,App menu update badge icon color is incorrect when in automatic dark mode
1895740,Firefox,Search,RESOLVED,FIXED,N/A,P3,2024-05-08T15:54:26Z,2024-06-15T21:33:59Z,129 Branch,unspecified,Incorrect orders of engines in searchengine-devtools when using search-config-v2
1895744,Firefox,Shell Integration,RESOLVED,FIXED,--,--,2024-05-08T16:21:29Z,2024-05-16T09:20:42Z,128 Branch,unspecified,Implement Startup Task APIs for MSIX packaged applications
1895755,Firefox,Messaging System,RESOLVED,FIXED,--,P1,2024-05-08T17:37:08Z,2025-03-07T09:09:55Z,138 Branch,unspecified,Support different minHeight values for CTA buttons
1895778,Firefox,Migration,RESOLVED,FIXED,S3,P3,2024-05-08T19:03:27Z,2024-09-03T21:13:09Z,127 Branch,unspecified,"After Firefox is re-installed, the Refresh Firefox toolbar message is added to the chrome but is not focused"
1895797,Firefox,New Tab Page,VERIFIED,FIXED,--,--,2024-05-08T20:42:50Z,2024-05-20T21:49:17Z,128 Branch,unspecified,New Tab Weather Widget: Add Glean Telemetry
1895865,Firefox,Messaging System,VERIFIED,FIXED,S2,P1,2024-05-09T10:25:44Z,2024-05-10T14:50:38Z,---,Trunk,"[Experiment] The ""Embedded Import Spotlight"" is not triggered and a ""TARGETING_EXPRESSION_ERROR"" is displayed in the ""Browser Console"" at browser startup"
1895866,Firefox,Messaging System,VERIFIED,FIXED,S2,P1,2024-05-09T10:26:11Z,2024-05-10T14:49:36Z,---,Trunk,"[Experiment] Clients erolled in the ""Embedded Import Spotlight - Early Day User"" experiment will not see the spotlight due to the fact that the message is set to target profiles older than 28 days"
1895868,Firefox,Sidebar,RESOLVED,FIXED,--,--,2024-05-09T10:40:03Z,2024-06-12T04:54:38Z,129 Branch,unspecified,Sidebar should not be visible in popup windows
1895873,Firefox,Search,RESOLVED,FIXED,N/A,P3,2024-05-09T12:27:19Z,2024-06-27T09:33:58Z,129 Branch,unspecified,Remove icons and search_form from the application provided search WebExtensions
1895909,Firefox,PDF Viewer,VERIFIED,FIXED,S3,P1,2024-05-09T13:14:46Z,2024-05-14T13:29:58Z,128 Branch,unspecified,Weird behavior with image resizer
1895932,Firefox,Sidebar,RESOLVED,FIXED,--,P2,2024-05-09T15:23:31Z,2024-09-03T09:31:20Z,132 Branch,unspecified,Add sidebar prefs to nimbus
1895934,Firefox,Search,RESOLVED,FIXED,N/A,P3,2024-05-09T15:29:46Z,2024-10-12T09:48:54Z,133 Branch,unspecified,Improve handling of search term parameter names
1895943,Firefox,Profile Backup,RESOLVED,FIXED,N/A,P3,2024-05-09T16:23:44Z,2024-06-12T21:54:22Z,129 Branch,unspecified,Implement file picker and save location for backups
1895952,Firefox,Settings UI,RESOLVED,FIXED,N/A,P1,2024-05-09T17:02:11Z,2025-04-11T15:35:30Z,---,unspecified,"[meta] Updates to ""Nightly Experiments"""
1895960,Firefox,Search,RESOLVED,FIXED,N/A,P3,2024-05-09T17:17:00Z,2024-05-14T04:16:47Z,128 Branch,unspecified,Only pass the queryCharset through to ParamSubstitution rather than a full engine object
1895981,Firefox,Profile Backup,RESOLVED,FIXED,N/A,P3,2024-05-09T18:49:57Z,2024-06-12T21:54:25Z,129 Branch,unspecified,"Disable confirm button for ""turn on scheduled backups"" dialog  if encryption is required and not yet set"
1896002,Firefox,Screenshots,VERIFIED,FIXED,S3,P1,2024-05-09T20:11:02Z,2024-05-15T20:32:57Z,128 Branch,unspecified,Screenshots preview buttons disabled after closing filepicker
1896004,Firefox,New Tab Page,VERIFIED,FIXED,--,--,2024-05-09T20:20:31Z,2024-05-17T22:01:20Z,128 Branch,unspecified,New Tab Wallpapers: Add Glean Telemetry
1896030,Firefox,Shell Integration,RESOLVED,FIXED,S3,P3,2024-05-09T23:33:52Z,2024-05-16T09:20:55Z,128 Branch,unspecified,"""Open Nightly automatically when your computer starts up"" causes Windows to open an extra Nightly window after reboot"
1896034,Firefox,Theme,RESOLVED,FIXED,--,--,2024-05-10T00:10:41Z,2024-05-10T21:38:15Z,127 Branch,Firefox 127,Re-center reload button after bug 1895564
1896046,Firefox,Messaging System,RESOLVED,FIXED,--,P1,2024-05-10T02:24:54Z,2024-06-06T17:28:02Z,---,unspecified,[Experiment] Configure & launch Discovery of Search SAPs
1896090,Firefox,Messaging System,VERIFIED,FIXED,S2,P1,2024-05-10T11:53:42Z,2024-06-18T09:53:37Z,129 Branch,Trunk,"[Experiment] The ""X"" button is displayed in the top-right part of the browser instead of the top-right part of the ""Embedded Import Spotlight"""
1896109,Firefox,Theme,VERIFIED,FIXED,S4,--,2024-05-10T13:42:52Z,2024-05-15T20:33:04Z,128 Branch,unspecified,[win] Open dialog has focus clipped options
1896110,Firefox,Search,VERIFIED,FIXED,--,--,2024-05-10T13:44:33Z,2024-05-11T10:38:41Z,127 Branch,unspecified,"Perma TEST-UNEXPECTED-FAIL | xpcshell.toml:toolkit/components/search/tests/xpcshell/searchconfigs/test_ebay.js | test_searchConfig_ebay - [test_searchConfig_ebay : 1] Should be available for region: ""pl"" when Gecko 127 merges to beta on 2024-05-13"
1896128,Firefox,Address Bar,RESOLVED,FIXED,S3,P3,2024-05-10T14:36:08Z,2024-06-14T09:45:01Z,129 Branch,Firefox 127,"Pressing ""Home"" doesn't bring you to the start of the URL when browser.urlbar.trimHttps = true"
1896140,Firefox,Screenshots,VERIFIED,FIXED,S4,--,2024-05-10T15:24:55Z,2024-05-14T22:05:10Z,128 Branch,unspecified,[HCM] Hover effect visibility issues on Windows for the Cancel and Retry buttons
1896172,Firefox,Tabbed Browser,RESOLVED,FIXED,S3,--,2024-05-10T17:38:18Z,2024-07-31T03:53:53Z,130 Branch,unspecified,Dragged tab into a new window causes is to be treated as a background tab (may freeze with QoS enabled when under high load)
1896182,Firefox,New Tab Page,VERIFIED,FIXED,--,--,2024-05-10T18:21:32Z,2024-05-15T20:33:21Z,128 Branch,unspecified,"New Tab Weather Widget: On first load, displays error message instead of weather information"
1896200,Firefox,PDF Viewer,RESOLVED,FIXED,--,--,2024-05-10T20:02:57Z,2026-08-06T08:23:08Z,---,unspecified,Investigate ways to safely execute generated js code
1896249,Firefox,General,RESOLVED,FIXED,N/A,P3,2024-05-11T06:46:53Z,2024-05-15T20:33:30Z,128 Branch,unspecified,Use BrowserUtils.getRootEvent everywhere
1896265,Firefox,Top Sites,RESOLVED,FIXED,N/A,P2,2024-05-11T16:35:05Z,2024-05-25T09:45:24Z,128 Branch,unspecified,Re-integrate observation of events that should update the Top Sites component
1896358,Firefox,Installer,RESOLVED,FIXED,S4,P3,2024-05-13T11:04:58Z,2024-05-16T18:04:11Z,---,unspecified,"When Firefox is set to start automatically at startup, but you're quicker than the autostart, a new window is opened at a random time"
1896360,Firefox,Settings UI,RESOLVED,FIXED,--,--,2024-05-13T11:10:07Z,2024-05-14T04:17:04Z,128 Branch,Firefox 127,Add button remains enabled after a new language has just been added
1896364,Firefox,Messaging System,VERIFIED,FIXED,S2,P1,2024-05-13T11:32:38Z,2024-07-03T17:08:18Z,---,Trunk,"[Experiment] An overlay and an ""IMPRESSION"" telemetry event related to the ""EMBEDDED_IMPORT_SPOTLIGHT"" are displayed for clients enrolled in the ""Control"" branch of the experiment"
1896416,Firefox,Messaging System,RESOLVED,FIXED,--,P1,2024-05-13T14:37:32Z,2024-05-16T16:53:12Z,---,unspecified,Distinguish Rollout messages in Skylight
1896421,Firefox,Sidebar,RESOLVED,FIXED,--,P2,2024-05-13T14:56:09Z,2025-04-29T03:48:15Z,140 Branch,unspecified,Tidy up tests with extra windows and move common setup code into head.js helpers
1896448,Firefox,PDF Viewer,RESOLVED,FIXED,--,--,2024-05-13T16:35:22Z,2024-05-14T04:17:08Z,128 Branch,unspecified,Update PDF.js to new version df23679bc68cf0c6fba37f2ab556758048f789cc from 2024-05-13 14:45:03
1896449,Firefox,Profile Backup,RESOLVED,FIXED,N/A,P3,2024-05-13T16:41:27Z,2024-08-01T04:19:16Z,130 Branch,unspecified,"search.json.mozlz4 contains some hardcoded path data, making it not-portable"
1896506,Firefox,Profile Backup,RESOLVED,FIXED,N/A,P3,2024-05-13T21:07:33Z,2024-05-14T22:05:19Z,128 Branch,unspecified,Add backup marionette tests to the tests that run in CI
1896521,Firefox,Tabbed Browser,RESOLVED,FIXED,S4,P5,2024-05-13T22:34:42Z,2024-05-13T23:45:43Z,---,unspecified,Intermittent browser/base/content/test/tabs/browser_tab_manager_keyboard_access.js | single tracking bug
1896527,Firefox,Settings UI,RESOLVED,FIXED,N/A,P1,2024-05-13T23:35:32Z,2024-05-29T21:53:05Z,128 Branch,unspecified,"Perma [tier 2] browser/components/preferences/tests/browser_languages_subdialog.js | Interactive elements must be labeled: id: availableLanguages, tagName: menulist, className: -"
1896577,Firefox,PDF Viewer,RESOLVED,FIXED,--,P1,2024-05-14T07:56:29Z,2024-06-12T13:22:57Z,---,unspecified,Remove a path depending of the build machine from the pdf.js code
1896597,Firefox,Messaging System,VERIFIED,FIXED,S2,P1,2024-05-14T09:55:23Z,2024-06-08T21:07:39Z,128 Branch,Trunk,"[Experiment] Nothing happens if clicking the links under the ""Extensions"" category from the ""Data Import Complete Success"" screen of the ""Embedded Import Spotlight"""
1896623,Firefox,Sidebar,RESOLVED,FIXED,S4,P2,2024-05-14T12:00:42Z,2024-05-30T21:39:51Z,128 Branch,unspecified,"""Customize sidebar"" menu option being added to Sidebar menubar menu"
1896658,Firefox,Sidebar,RESOLVED,FIXED,S4,P2,2024-05-14T14:21:57Z,2024-05-16T09:21:10Z,128 Branch,unspecified,Add bookmarks to sidebar customization panel
1896673,Firefox,New Tab Page,RESOLVED,FIXED,--,--,2024-05-14T15:37:15Z,2024-05-22T04:15:59Z,128 Branch,unspecified,Home and newtab weather system tick and caching fixes
1896677,Firefox,New Tab Page,VERIFIED,FIXED,--,--,2024-05-14T15:41:35Z,2024-06-20T23:07:23Z,129 Branch,unspecified,Home and newtab weather widget fetch might need a retry feature
1896678,Firefox,New Tab Page,VERIFIED,FIXED,--,--,2024-05-14T15:44:54Z,2024-05-18T09:28:14Z,128 Branch,unspecified,Home and newtab weather widget user pref default state should be true
1896681,Firefox,New Tab Page,VERIFIED,FIXED,--,P1,2024-05-14T15:47:17Z,2024-05-24T04:16:23Z,128 Branch,unspecified,Home and newtab weather widget locale/region controls
1896714,Firefox,Nimbus Desktop Client,RESOLVED,FIXED,S3,P1,2024-05-14T18:11:05Z,2024-06-01T09:35:34Z,128 Branch,unspecified,Sync recipes from the nimbus-secure-experiments collection
1896715,Firefox,Profile Backup,RESOLVED,FIXED,N/A,P3,2024-05-14T18:13:11Z,2024-06-04T09:51:41Z,128 Branch,unspecified,Stub out the ArchiveEncryption module for backups.
1896718,Firefox,Nimbus Desktop Client,RESOLVED,FIXED,S3,P1,2024-05-14T18:15:31Z,2024-06-18T09:53:41Z,129 Branch,unspecified,Implement the Nimbus pref flipper
1896720,Firefox,Nimbus Desktop Client,RESOLVED,FIXED,S3,P1,2024-05-14T18:20:59Z,2024-06-01T09:35:38Z,128 Branch,unspecified,Add prefFlips feature
1896764,Firefox,Toolbars and Customization,RESOLVED,FIXED,S3,P3,2024-05-14T21:56:54Z,2024-08-22T21:50:27Z,131 Branch,unspecified,onViewToolbarsPopupShowing and ToolbarContextMenu should move out of browser.js
1896772,Firefox,Profile Backup,RESOLVED,FIXED,N/A,P3,2024-05-14T22:10:31Z,2024-07-26T03:59:53Z,130 Branch,unspecified,Implement password matching and verification for encrypted backups
1896775,Firefox,General,RESOLVED,FIXED,S3,P1,2024-05-14T22:32:19Z,2024-08-14T16:41:24Z,131 Branch,unspecified,Set up a helper to invoke JS modules via the category manager
1896783,Firefox,General,RESOLVED,FIXED,N/A,P2,2024-05-14T23:15:09Z,2024-08-14T16:41:29Z,131 Branch,unspecified,Start using the category manager for consumers to hook into browser window `delayed-startup`
1896791,Firefox,Session Restore,RESOLVED,FIXED,S4,P1,2024-05-15T00:07:49Z,2024-05-17T07:55:54Z,128 Branch,unspecified,Fix createTabsForSessionRestore log message typo
1896804,Firefox,Nimbus Desktop Client,RESOLVED,FIXED,S3,P3,2024-05-15T03:32:25Z,2024-09-26T09:52:36Z,132 Branch,unspecified,Add support for targeting experiments based on architecture
1896856,Firefox,Migration,RESOLVED,FIXED,--,--,2024-05-15T09:16:40Z,2024-10-15T11:41:51Z,---,unspecified,"[META][QA][QA-2392] Feature configuration testing for ""migrationWizard"""
1896864,Firefox,Translations,RESOLVED,FIXED,--,--,2024-05-15T09:54:54Z,2024-06-03T20:32:11Z,---,unspecified,"Attempt to override an existing message - ""select-translations-panel-translating-placeholder-text"" from preview/select-translations.ftl"
1896868,Firefox,Installer,RESOLVED,FIXED,S2,P1,2024-05-15T10:17:28Z,2024-05-27T21:52:15Z,128 Branch,unspecified,stub installer hangs instead of downloading full installer
1896914,Firefox,Sidebar,RESOLVED,FIXED,S3,P2,2024-05-15T14:33:07Z,2024-06-12T21:54:33Z,129 Branch,unspecified,Sidebar should not be visible in full screen mode
1896944,Firefox,Installer,RESOLVED,FIXED,--,--,2024-05-15T16:50:53Z,2024-05-25T09:45:32Z,128 Branch,unspecified,maintenance service issuer names in registry do not always get updated
1896957,Firefox,Installer,RESOLVED,FIXED,--,--,2024-05-15T18:18:55Z,2024-05-22T21:32:43Z,---,unspecified,Data Review for Adding Installer Attributes to Stubattribution Logs
1896988,Firefox,Sidebar,RESOLVED,FIXED,S4,P5,2024-05-15T21:12:33Z,2024-06-12T21:54:37Z,129 Branch,unspecified,Intermittent browser/components/sidebar/tests/browser/browser_customize_sidebar.js | single tracking bug
1896991,Firefox,PDF Viewer,RESOLVED,FIXED,--,--,2024-05-15T21:24:42Z,2024-05-15T21:35:37Z,---,unspecified,Firefox's PDF viewer renders the first page blank for a particular PDF file
1897046,Firefox,Messaging System,RESOLVED,FIXED,--,P1,2024-05-16T02:09:37Z,2024-06-10T17:53:18Z,---,unspecified,[Experiment] Launch Recommend add-ons - Staff Pick - Existing users
1897049,Firefox,Search,RESOLVED,FIXED,--,--,2024-05-16T02:55:58Z,2024-05-18T09:28:35Z,128 Branch,unspecified,Remove or update probes expiring in Firefox 129: browser.searchinit.engine_invalid_webextension before Gecko version gets increased to 129 on 2024-06-10
1897095,Firefox,Screenshots,VERIFIED,FIXED,S3,P3,2024-05-16T09:11:36Z,2024-07-31T21:16:41Z,130 Branch,Firefox 127,Can't easily approve screenshot on Responsive Design Mode
1897109,Firefox,Address Bar,RESOLVED,FIXED,S3,P3,2024-05-16T09:57:41Z,2024-06-12T04:54:50Z,129 Branch,unspecified,Some tests are setting trimHttps = false but they should run regardless
1897152,Firefox,Address Bar,VERIFIED,FIXED,S3,P3,2024-05-16T13:09:09Z,2024-05-29T21:53:13Z,128 Branch,Firefox 127,"Quick action shortcut ""scr"" does not work"
1897228,Firefox,Search,RESOLVED,FIXED,N/A,P3,2024-05-16T16:28:36Z,2024-12-13T09:44:31Z,135 Branch,unspecified,Add a preference and expose it on about:support for recording when the search settings were last read as corrupt
1897231,Firefox,Search,RESOLVED,FIXED,N/A,P3,2024-05-16T16:36:05Z,2026-08-20T04:20:42Z,156 Branch,unspecified,Add a preference and expose it on about:support for recording when a search engine was blocked
1897232,Firefox,New Tab Page,RESOLVED,FIXED,--,P1,2024-05-16T16:37:40Z,2024-06-06T09:32:03Z,128 Branch,unspecified,Add nested wallpaper categories
1897233,Firefox,New Tab Page,VERIFIED,FIXED,--,P1,2024-05-16T16:40:37Z,2024-06-04T21:07:30Z,128 Branch,unspecified,Add wallpaper feature highlight
1897244,Firefox,Address Bar,RESOLVED,FIXED,N/A,P2,2024-05-16T17:00:14Z,2024-08-06T16:02:25Z,131 Branch,unspecified,Convert the QuickSuggest provider onLegacyEngagement to use the new notifications
1897245,Firefox,Address Bar,RESOLVED,FIXED,N/A,P2,2024-05-16T17:01:01Z,2024-07-20T09:17:00Z,130 Branch,unspecified,Convert the Weather provider onLegacyEngagement to use the new notifications
1897278,Firefox,Profile Backup,RESOLVED,FIXED,N/A,P3,2024-05-16T18:44:21Z,2024-06-06T03:57:48Z,128 Branch,unspecified,"Add a method to BackupService to enable encryption and persist the state to disk, and to disable"
1897319,Firefox,Address Bar,VERIFIED,FIXED,N/A,P1,2024-05-16T22:15:45Z,2024-05-23T21:01:36Z,128 Branch,unspecified,Update logo and remove URL for Yelp suggestion
1897320,Firefox,Search,RESOLVED,FIXED,N/A,P3,2024-05-16T22:26:09Z,2024-05-30T19:55:44Z,---,unspecified,Update the package json and read me files for searchengine-devtools
1897321,Firefox,Messaging System,RESOLVED,FIXED,--,P1,2024-05-16T22:27:33Z,2024-05-29T21:53:22Z,128 Branch,unspecified,Add minVersion variable to whatsNewPage Nimbus feature
1897371,Firefox,Screenshots,VERIFIED,FIXED,S4,--,2024-05-17T07:08:05Z,2024-05-27T21:52:28Z,128 Branch,Firefox 128,[Windows] Text selection cleared when screenshot is taken
1897411,Firefox,Sidebar,VERIFIED,FIXED,--,P1,2024-05-17T10:06:47Z,2024-12-13T09:44:34Z,135 Branch,unspecified,Add keyboard shortcut for expanding and hiding the sidebar
1897475,Firefox,Tabbed Browser,RESOLVED,FIXED,S2,P1,2024-05-17T14:58:07Z,2024-05-22T04:16:15Z,128 Branch,unspecified,disable tab previews in background windows
1897477,Firefox,General,RESOLVED,FIXED,--,--,2024-05-17T15:02:24Z,2024-05-29T21:53:26Z,128 Branch,unspecified,Remove inline event handlers from <command>
1897482,Firefox,Translations,RESOLVED,FIXED,S3,P3,2024-05-17T15:18:12Z,2024-05-24T04:16:34Z,128 Branch,unspecified,TranslationsParent.isSupportedAsToLang checks the wrong language
1897495,Firefox,Translations,RESOLVED,FIXED,--,--,2024-05-17T16:15:25Z,2024-05-24T04:16:39Z,128 Branch,unspecified,Remove first_interaction from Translations Telemetry
1897498,Firefox,Profile Backup,RESOLVED,FIXED,N/A,P3,2024-05-17T16:18:19Z,2024-06-12T04:54:55Z,129 Branch,unspecified,Build a single-file archive export method on BackupService
1897499,Firefox,Tabbed Browser,RESOLVED,FIXED,--,--,2024-05-17T16:22:03Z,2024-05-21T21:46:48Z,128 Branch,unspecified,Merge more tab related rules from browser/base/content/browser.css into tabs.css
1897503,Firefox,Tabbed Browser,RESOLVED,FIXED,--,--,2024-05-17T16:36:50Z,2024-05-21T21:46:54Z,128 Branch,unspecified,Move browser-allTabsMenu.inc.xhtml to browser/components/tabbrowser/
1897508,Firefox,Search,RESOLVED,FIXED,N/A,P3,2024-05-17T17:18:36Z,2024-05-24T16:03:48Z,128 Branch,unspecified,Separate out search engine icon updates into a separate notification
1897746,Firefox,PDF Viewer,RESOLVED,FIXED,--,--,2024-05-20T10:52:19Z,2024-05-20T21:50:16Z,128 Branch,unspecified,Update PDF.js to new version 63b66b412cb3be6919c14436487c667a1597a732 from 2024-05-17 12:10:33
1897769,Firefox,Messaging System,RESOLVED,FIXED,--,P3,2024-05-20T12:55:47Z,2024-09-05T19:08:45Z,---,unspecified,[Skylight] Investigate badging solution for microsurveys
1897771,Firefox,Messaging System,RESOLVED,FIXED,--,P1,2024-05-20T13:02:00Z,2024-05-24T20:06:31Z,---,unspecified,"Skylight - Add ""how to"" section for getting started with messaging system"
1897799,Firefox,New Tab Page,RESOLVED,FIXED,S3,P2,2024-05-20T14:59:41Z,2025-05-21T14:39:01Z,---,unspecified,"New Tab Weather Widget: Unable to enable weather on new-tab; no error messages, no widget."
1897804,Firefox,Messaging System,RESOLVED,FIXED,S3,P1,2024-05-20T15:43:00Z,2024-06-18T16:21:08Z,129 Branch,unspecified,Fox Doodle Spotlight Rollout enrollment targeting should exclude First Run
1897812,Firefox,Messaging System,RESOLVED,FIXED,--,P1,2024-05-20T16:07:49Z,2024-07-29T17:03:53Z,---,unspecified,[Experiment] Configure and launch Pin Email & Calendar Tabs
1897836,Firefox,Address Bar,RESOLVED,FIXED,--,--,2024-05-20T19:06:25Z,2024-05-22T04:16:26Z,128 Branch,unspecified,URL bar tests load extensions incorrectly
1897857,Firefox,Address Bar,RESOLVED,FIXED,N/A,P1,2024-05-21T00:01:54Z,2024-05-22T04:16:31Z,128 Branch,unspecified,Improve the browser_blobIcons.js test
1897909,Firefox,PDF Viewer,VERIFIED,FIXED,S4,P1,2024-05-21T09:03:18Z,2024-09-25T09:41:02Z,132 Branch,Trunk,Second written line from a text insert is not properly saved on the PDF
1897934,Firefox,PDF Viewer,RESOLVED,FIXED,--,--,2024-05-21T12:08:55Z,2024-05-23T04:19:31Z,128 Branch,unspecified,Update PDF.js to new version 9ee7c07b837d0a849ed75272d48947eb33812a45 from 2024-05-21 10:28:28
1897976,Firefox,Sidebar,RESOLVED,FIXED,S2,P1,2024-05-21T14:19:19Z,2024-07-12T22:08:41Z,130 Branch,unspecified,Update existing tests involving sidebar-button in the nav bar for when sidebar.revamp pref is flipped on
1898027,Firefox,Screenshots,RESOLVED,FIXED,S3,--,2024-05-21T17:08:33Z,2024-05-30T16:17:35Z,128 Branch,unspecified,Screenshots with long filenames fail to download on macOS and Ubuntu
1898053,Firefox,PDF Viewer,RESOLVED,FIXED,S3,P1,2024-05-21T19:09:01Z,2026-08-23T14:17:20Z,156 Branch,other,Unclosed BDC can lead to have too much depth in the text layer
1898094,Firefox,Shell Integration,RESOLVED,FIXED,--,--,2024-05-21T22:01:46Z,2024-07-10T09:47:04Z,130 Branch,unspecified,Add native code for pinning to Windows Start Menu
1898096,Firefox,Disability Access,RESOLVED,FIXED,S4,--,2024-05-21T22:04:43Z,2025-03-06T05:01:05Z,138 Branch,unspecified,Introduce Contrast Control Settings
1898155,Firefox,Address Bar,RESOLVED,FIXED,N/A,P3,2024-05-22T07:26:29Z,2024-09-18T21:14:59Z,132 Branch,unspecified,Evaluate untrimming the address bar value on focus when focused by keyboard
1898173,Firefox,Messaging System,RESOLVED,FIXED,--,--,2024-05-22T08:38:16Z,2024-07-24T14:53:15Z,---,unspecified,"[META][QA][QA-1885] Feature configuration testing for ""featureCallout"""
1898187,Firefox,New Tab Page,RESOLVED,FIXED,--,--,2024-05-22T09:52:31Z,2024-06-03T13:12:59Z,---,unspecified,Some wallpaper credit links do not match their respective images
1898197,Firefox,Tabbed Browser,RESOLVED,FIXED,--,--,2024-05-22T10:25:41Z,2024-05-24T04:16:51Z,128 Branch,unspecified,Move tabs tests into browser/components/tabbrowser/
1898231,Firefox,Tabbed Browser,RESOLVED,FIXED,--,--,2024-05-22T12:20:28Z,2024-05-22T21:52:11Z,128 Branch,unspecified,Merge browser/components/tabpreview/ into browser/components/tabbrowser/
1898250,Firefox,Sidebar,RESOLVED,FIXED,--,P3,2024-05-22T13:51:55Z,2024-09-16T21:59:57Z,132 Branch,unspecified,Add telemetry to sidebar
1898251,Firefox,Sidebar,RESOLVED,FIXED,--,--,2024-05-22T13:56:07Z,2024-08-27T09:33:36Z,131 Branch,unspecified,"Add animations to sidebar ""launcher"" in ""Always show"" mode"
1898257,Firefox,Sidebar,RESOLVED,FIXED,--,--,2024-05-22T14:04:40Z,2026-05-08T09:42:15Z,152 Branch,unspecified,Remove icon property from sidebar extensions
1898275,Firefox,New Tab Page,VERIFIED,FIXED,--,--,2024-05-22T14:57:25Z,2024-05-24T10:03:12Z,128 Branch,unspecified,New Tab Weather Widget: Add an impression and error event to telemetry
1898287,Firefox,New Tab Page,VERIFIED,FIXED,--,--,2024-05-22T15:28:49Z,2024-05-23T04:19:50Z,128 Branch,unspecified,wallpaper_click telemtery event is not defined
1898307,Firefox,Search,RESOLVED,FIXED,N/A,P3,2024-05-22T16:19:10Z,2025-04-03T21:55:35Z,139 Branch,unspecified,Update default search engine probe descriptions once search config-v2 ships
1898317,Firefox,Messaging System,RESOLVED,FIXED,--,P1,2024-05-22T16:39:40Z,2024-06-10T17:03:48Z,---,Firefox 126,[Experimenter] Configure and launch Fx View Discoverability  - Early Day & Existing Users
1898346,Firefox,Messaging System,VERIFIED,FIXED,S3,P1,2024-05-22T18:23:26Z,2024-05-29T14:56:14Z,128 Branch,unspecified,Feature callout theme transparency issue
1898361,Firefox,Messaging System,RESOLVED,FIXED,--,P1,2024-05-22T20:00:45Z,2024-07-03T04:10:23Z,129 Branch,unspecified,Add ability to disable WNP via whatsNewPage nimbus feature
1898380,Firefox,PDF Viewer,RESOLVED,FIXED,--,--,2024-05-22T21:27:47Z,2024-06-29T09:43:11Z,129 Branch,unspecified,"Replace the ""unsaved changes"" dialog in the PDF viewer with a clearer design"
1898437,Firefox,Address Bar,VERIFIED,FIXED,S3,P1,2024-05-23T07:53:29Z,2024-06-07T21:40:41Z,128 Branch,Firefox 128,"Could not record event:  TypeError: can't access property ""providerName"" on re-submitting a search link"
1898450,Firefox,Tabbed Browser,RESOLVED,FIXED,--,--,2024-05-23T09:06:56Z,2024-05-23T21:01:40Z,128 Branch,unspecified,Move triage-tabbrowser.json into browser/components/tabbrowser/
1898454,Firefox,Tabbed Browser,RESOLVED,FIXED,--,--,2024-05-23T09:14:33Z,2026-06-23T09:28:28Z,154 Branch,unspecified,Move tabbrowser docs into browser/components/tabbrowser/
1898503,Firefox,New Tab Page,VERIFIED,FIXED,S2,--,2024-05-23T13:03:03Z,2024-05-28T11:27:39Z,---,Trunk,The error message from the Weather widget is not displayed on the New Tab when the internet connection is blocked or when the Merino service is not available
1898512,Firefox,Sidebar,VERIFIED,FIXED,S4,P1,2024-05-23T13:45:40Z,2024-05-24T04:17:05Z,128 Branch,unspecified,Icon / buttons in sidebar launcher are wonky / duplicated with sidebar.revamp=true
1898580,Firefox,Sync,RESOLVED,FIXED,--,--,2024-05-23T17:27:55Z,2024-05-24T04:17:16Z,128 Branch,unspecified,Flip the FxA CTA panel to be default on
1898598,Firefox,Translations,RESOLVED,FIXED,S4,P5,2024-05-23T19:31:22Z,2024-06-05T19:28:31Z,---,unspecified,Intermittent browser/components/translations/tests/browser/browser_translations_select_telemetry_translation_failure_ui.js | single tracking bug
1898609,Firefox,Messaging System,VERIFIED,FIXED,S3,P1,2024-05-23T20:35:07Z,2024-09-12T09:25:47Z,132 Branch,unspecified,[Returning Users] Refresh Firefox Infobar shouldn't display on first startup after a user refreshes their profile
1898690,Firefox,Tabbed Browser,RESOLVED,FIXED,--,--,2024-05-24T08:42:46Z,2024-05-29T14:56:28Z,128 Branch,unspecified,Move statuspanel tests into browser/components/tabbrowser/
1898697,Firefox,Tabbed Browser,RESOLVED,FIXED,--,--,2024-05-24T09:24:47Z,2024-05-28T21:49:39Z,128 Branch,unspecified,Consolidate tabpanel and statuspanel styling in a new tabbrowser stylesheet
1898704,Firefox,Theme,RESOLVED,FIXED,--,--,2024-05-24T10:36:43Z,2024-07-01T15:05:17Z,---,unspecified,[meta] get rid of browser/base/content/browser.css
1898705,Firefox,Theme,RESOLVED,FIXED,--,--,2024-05-24T10:39:28Z,2024-05-29T14:56:33Z,128 Branch,unspecified,"Move :root, body, #titlebar, #toolbar-menubar, #nav-bar-customization-target, #navigator-toolbox rules from browser/base/content/browser.css to browser-shared.css"
1898711,Firefox,Address Bar,RESOLVED,FIXED,N/A,P3,2024-05-24T11:12:47Z,2024-05-31T21:34:47Z,128 Branch,unspecified,Merge urlbar rules from browser/base/content/browser.css into urlbar-searchbar.css
1898713,Firefox,Theme,RESOLVED,FIXED,--,--,2024-05-24T11:24:27Z,2024-05-28T21:49:45Z,128 Branch,unspecified,Move searchbar.css into browser/themes/shared/search/
1898718,Firefox,Data Loss Prevention,VERIFIED,FIXED,S3,--,2024-05-24T11:54:19Z,2024-05-29T21:54:02Z,128 Branch,Firefox 128,Firefox fails to relaunch after closing the browser during active DLP request
1898733,Firefox,Data Loss Prevention,VERIFIED,FIXED,S3,--,2024-05-24T12:49:05Z,2024-06-14T21:31:38Z,129 Branch,unspecified,Moving the tab to a new window while the scan is ongoing will make the page unresponsive
1898757,Firefox,Translations,RESOLVED,FIXED,S3,--,2024-05-24T14:11:58Z,2024-07-19T15:27:10Z,---,unspecified,Firefox Translate seems miss-lead by datetime timestamps.
1898764,Firefox,General,RESOLVED,FIXED,--,--,2024-05-24T14:36:43Z,2024-06-10T21:34:07Z,129 Branch,unspecified,Remove inline event handlers from the context menu
1898765,Firefox,Translations,RESOLVED,FIXED,S4,P5,2024-05-24T14:44:13Z,2024-06-10T19:12:43Z,128 Branch,unspecified,High frequency browser/components/translations/tests/browser/browser_translations_select_telemetry_init_failure_ui.js | single tracking bug
1898789,Firefox,Messaging System,RESOLVED,FIXED,--,P2,2024-05-24T17:23:44Z,2024-06-05T09:34:44Z,128 Branch,unspecified,Manipulate incoming message JSON to allow more Feature Callouts to show on about:messagepreview
1898792,Firefox,Installer,RESOLVED,FIXED,--,P3,2024-05-24T17:27:20Z,2024-06-12T09:10:33Z,129 Branch,unspecified,Use a different NSIS variable to store the registry hive to write to
1898802,Firefox,PDF Viewer,VERIFIED,FIXED,S3,P1,2024-05-24T18:41:47Z,2024-05-30T16:34:19Z,128 Branch,Firefox 126,Firefox does not show correctly a PDF
1898806,Firefox,Messaging System,RESOLVED,FIXED,--,P1,2024-05-24T19:39:00Z,2024-05-29T13:13:38Z,---,unspecified,Skylight - Move preview URL context out from the top of the screen
1898808,Firefox,Messaging System,RESOLVED,FIXED,--,P2,2024-05-24T19:58:39Z,2024-07-22T15:52:55Z,---,unspecified,Skylight - Iterate on the Messaging Info button
1898818,Firefox,New Tab Page,VERIFIED,FIXED,--,--,2024-05-24T21:33:59Z,2024-05-31T09:33:54Z,128 Branch,unspecified,Home and newtab wallpapers need to work with both light and dark mode and still look good
1898884,Firefox,General,VERIFIED,FIXED,--,--,2024-05-25T17:37:32Z,2024-06-07T04:22:46Z,128 Branch,Firefox 127,"Firefox seems to be stuck in some sort of migration when security.nocertdb is true, causing certain parts of the browser UI to malfunction (first time starting 127; workaround: restart 127)"
1899019,Firefox,Messaging System,RESOLVED,FIXED,--,P1,2024-05-26T11:41:25Z,2025-03-05T04:30:09Z,137 Branch,unspecified,Move FxMS ping and metrics out of newtab
1899027,Firefox,Messaging System,RESOLVED,FIXED,--,P3,2024-05-26T13:10:04Z,2025-01-09T04:19:11Z,136 Branch,unspecified,Move asrouter tests from newtab to asrouter
1899030,Firefox,Messaging System,RESOLVED,FIXED,--,P1,2024-05-26T13:17:42Z,2024-06-20T04:10:46Z,129 Branch,unspecified,Separate ASRouter JS dependencies from newtab content code
1899164,Firefox,Messaging System,RESOLVED,FIXED,--,P1,2024-05-27T15:13:33Z,2024-05-29T15:21:09Z,---,unspecified,[Rollout] Launch Recommend add-ons - Staff Pick - Early day users
1899255,Firefox,Translations,VERIFIED,FIXED,--,--,2024-05-28T10:26:03Z,2024-05-29T12:02:39Z,---,Firefox 126,Firefox 126: UI is partially localized with language packs
1899305,Firefox,Data Loss Prevention,VERIFIED,FIXED,S4,--,2024-05-28T13:56:54Z,2024-06-06T13:18:46Z,---,Firefox 128,Pasting copied content into search engine bar via right-click triggers DLP analysis
1899336,Firefox,Sidebar,RESOLVED,FIXED,--,P1,2024-05-28T16:20:08Z,2024-07-29T20:45:43Z,130 Branch,unspecified,Style pinned tabs and add new tab button with divider to vertical tabs
1899340,Firefox,New Tab Page,VERIFIED,FIXED,--,--,2024-05-28T16:29:32Z,2024-05-29T21:54:38Z,128 Branch,unspecified,"New Tab Weather Widget: Add ""weather enabled"" event to telemetry"
1899346,Firefox,Sidebar,RESOLVED,FIXED,--,P1,2024-05-28T16:47:53Z,2024-09-12T09:25:57Z,132 Branch,unspecified,Move all tools away from the tabs toolbar when in vertical tabs mode
1899352,Firefox,Sidebar,RESOLVED,FIXED,--,P2,2024-05-28T17:06:07Z,2024-09-26T09:52:39Z,132 Branch,unspecified,Update BrowserUsageTelemetry for vertical tab events
1899354,Firefox,Translations,VERIFIED,FIXED,S3,P3,2024-05-28T17:12:21Z,2024-05-30T21:40:13Z,128 Branch,unspecified,SelectTranslationsPanel languageInfo cache is not correctly cleared between page loads
1899357,Firefox,Messaging System,RESOLVED,FIXED,--,P1,2024-05-28T17:47:47Z,2024-08-07T23:39:17Z,---,unspecified,[Experiment] Configure and Launch Localized Add-ons Picker in First-Run Onboarding
1899373,Firefox,PDF Viewer,RESOLVED,FIXED,--,--,2024-05-28T18:34:03Z,2024-05-30T16:19:48Z,128 Branch,unspecified,Update PDF.js to new version 24e12d515dce2f11b392410dd6e6e9926270ac65 from 2024-05-28 16:48:09
1899375,Firefox,Messaging System,RESOLVED,FIXED,--,P2,2024-05-28T18:43:12Z,2024-06-17T13:21:54Z,---,unspecified,Skylight - Default experiments (but not rollouts) to expanded
1899377,Firefox,Messaging System,RESOLVED,FIXED,S3,P2,2024-05-28T18:51:40Z,2024-07-23T15:18:39Z,---,unspecified,Skylight - Teach Skylight about `whatsNewPage` feature id
1899410,Firefox,Sync,RESOLVED,FIXED,--,--,2024-05-28T20:58:04Z,2024-05-29T14:57:12Z,128 Branch,unspecified,Vendor new app-services to pick up remote tab operations work
1899439,Firefox,Messaging System,RESOLVED,FIXED,--,P1,2024-05-28T23:42:52Z,2024-06-18T16:21:18Z,129 Branch,unspecified,Add a way to locally load experiment-localized messages
1899451,Firefox,Address Bar,RESOLVED,FIXED,S4,P5,2024-05-29T01:09:35Z,2024-05-31T21:35:15Z,128 Branch,unspecified,Intermittent browser/extensions/formautofill/test/browser/address/browser_autofill_whenhidden.js | single tracking bug
1899453,Firefox,Sync,RESOLVED,FIXED,--,--,2024-05-29T01:17:11Z,2024-06-21T20:43:45Z,---,unspecified,Fixup telemetry testing for remote tab management
1899491,Firefox,Data Loss Prevention,VERIFIED,FIXED,S4,--,2024-05-29T07:27:54Z,2024-06-12T21:54:49Z,129 Branch,unspecified,Pasting an empty clipboard will make the page unresponsive
1899518,Firefox,General,RESOLVED,FIXED,--,--,2024-05-29T10:10:07Z,2024-12-18T09:28:02Z,---,unspecified,Remove inline event handlers from <command> used by <observes>
1899545,Firefox,Tabbed Browser,VERIFIED,FIXED,S4,--,2024-05-29T13:28:42Z,2024-05-31T09:12:06Z,---,unspecified,Scrolling tabs will not show the tab preview in the correct location
1899551,Firefox,Messaging System,VERIFIED,FIXED,S2,--,2024-05-29T13:57:31Z,2024-06-04T16:30:50Z,---,Firefox 126,[Experiment] The message can be triggered when the user opens the browser for the first time
1899556,Firefox,Tabbed Browser,VERIFIED,FIXED,S3,P2,2024-05-29T14:15:53Z,2024-07-13T09:16:59Z,130 Branch,Trunk,Tab hover preview leaks for a moment over an app that is in focus even though Firefox is in background
1899561,Firefox,Theme,VERIFIED,FIXED,S3,P1,2024-05-29T14:30:48Z,2024-05-30T21:40:23Z,128 Branch,unspecified,webextension's sidebar has viewport width that is widely than the sidebar width
1899562,Firefox,New Tab Page,RESOLVED,FIXED,--,--,2024-05-29T14:44:12Z,2025-01-17T22:01:26Z,136 Branch,unspecified,Do not include the weather widget for about:home startup cache
1899566,Firefox,Tabbed Browser,VERIFIED,FIXED,S3,P2,2024-05-29T15:01:32Z,2024-07-02T21:29:17Z,129 Branch,Firefox 128,Tab preview should remain visible during mouse wheel scrolling when there is no tab overflow
1899573,Firefox,Search,RESOLVED,FIXED,N/A,P2,2024-05-29T15:31:54Z,2024-06-10T21:34:17Z,129 Branch,unspecified,Add search engine settings migration handling for Wikipedia engines that are to be renamed
1899574,Firefox,Search,RESOLVED,FIXED,N/A,P3,2024-05-29T15:33:53Z,2024-08-06T14:26:11Z,---,unspecified,Rename Wikipedia engines to match the Wikipedia site & mobile
1899576,Firefox,Sidebar,RESOLVED,FIXED,S3,P1,2024-05-29T15:55:51Z,2024-06-19T04:11:57Z,129 Branch,unspecified,Create a reusable sidebar header component
1899580,Firefox,Sidebar,RESOLVED,FIXED,N/A,P2,2024-05-29T16:12:28Z,2024-08-08T09:42:08Z,131 Branch,unspecified,Update mute button styling for all tabs
1899582,Firefox,Sidebar,RESOLVED,FIXED,--,--,2024-05-29T16:18:35Z,2024-07-16T04:12:16Z,130 Branch,unspecified,Update styling for vertical tabs
1899598,Firefox,Sidebar,RESOLVED,FIXED,N/A,P2,2024-05-29T17:08:58Z,2024-10-03T09:49:27Z,133 Branch,unspecified,Hide the tabstrip toolbar and allow the nav bar to be a titlebar when using vertical tabs
1899599,Firefox,Sidebar,VERIFIED,FIXED,--,P2,2024-05-29T17:12:26Z,2024-10-16T04:35:31Z,133 Branch,unspecified,Handle tools overflow with vertical tabs when expanded
1899601,Firefox,Shell Integration,RESOLVED,FIXED,N/A,P2,2024-05-29T17:24:57Z,2024-06-06T09:32:11Z,128 Branch,unspecified,Fix 1-click set-to-default
1899625,Firefox,Search,RESOLVED,FIXED,N/A,P2,2024-05-29T19:33:23Z,2024-05-30T21:40:30Z,128 Branch,unspecified,Update newer serp impression properties with the versions they were added
1899641,Firefox,Translations,RESOLVED,FIXED,S3,--,2024-05-29T20:27:13Z,2024-12-05T10:01:04Z,135 Branch,unspecified,Translations Settings new UI - Language lists should provide arrow navigation instead of tabbing
1899663,Firefox,Search,RESOLVED,FIXED,N/A,P2,2024-05-29T22:19:20Z,2024-05-31T09:34:08Z,128 Branch,unspecified,Refactor _checkURLForSerpMatch to be limited to whether or not a URL matches a tracked SERP
1899682,Firefox,Shell Integration,RESOLVED,FIXED,S3,P3,2024-05-30T02:53:06Z,2024-06-12T04:55:36Z,129 Branch,Firefox 126,On-launch primary browser prompt does not pin Firefox to taskbar on Windows 11 24H2
1899703,Firefox,Data Loss Prevention,VERIFIED,FIXED,S3,--,2024-05-30T09:17:00Z,2024-06-06T03:58:16Z,128 Branch,Firefox 128,Firefox fails to relaunch after closing the browser when DLP busy and warning dialogs are shown
1899714,Firefox,Data Loss Prevention,VERIFIED,FIXED,S3,--,2024-05-30T09:59:28Z,2024-06-05T09:34:49Z,128 Branch,unspecified,You are not permitted to print this document message is no longer displayed when printing sensitive data
1899731,Firefox,PDF Viewer,RESOLVED,FIXED,--,--,2024-05-30T11:30:05Z,2025-01-01T15:08:51Z,135 Branch,unspecified,Implement undo/redo for annotations
1899737,Firefox,Messaging System,RESOLVED,FIXED,--,--,2024-05-30T12:11:21Z,2024-11-20T06:30:49Z,---,unspecified,[META] [QA] [QA-2455] Pin Email & Calendar Tabs
1899747,Firefox,Messaging System,VERIFIED,FIXED,S3,P1,2024-05-30T12:41:39Z,2024-10-31T04:52:25Z,134 Branch,Trunk,Add option to extend feature callout page_event_listener to all windows
1899757,Firefox,Messaging System,VERIFIED,FIXED,S2,P1,2024-05-30T13:16:58Z,2024-06-17T08:58:53Z,129 Branch,Trunk,[Experiment] The Pin message is anchored in the active tab when loading the target sites in new background tabs
1899764,Firefox,Data Loss Prevention,VERIFIED,FIXED,S3,--,2024-05-30T13:37:21Z,2024-06-06T09:32:15Z,128 Branch,unspecified,DLP scan not happening when uploading a folder that contains another folder
1899782,Firefox,New Tab Page,RESOLVED,FIXED,--,--,2024-05-30T14:46:27Z,2024-06-29T09:43:15Z,129 Branch,unspecified,Home and newtab wallpapers v2 flip on in nightly
1899788,Firefox,New Tab Page,RESOLVED,FIXED,--,--,2024-05-30T14:56:10Z,2024-06-07T09:10:49Z,128 Branch,unspecified,Home and newtab wallpapers make feature highlight copy configurable via nimbus
1899796,Firefox,New Tab Page,RESOLVED,FIXED,--,--,2024-05-30T15:09:10Z,2025-01-24T16:46:28Z,---,unspecified,Home and newtab wallpapers migrate wallpaper selection from v1 to v2
1899801,Firefox,Screenshots,VERIFIED,FIXED,S3,P1,2024-05-30T15:21:48Z,2024-06-01T09:36:08Z,128 Branch,unspecified,Keydown not working on screenshots overlay buttons
1899804,Firefox,PDF Viewer,RESOLVED,FIXED,S3,P1,2024-05-30T15:23:20Z,2024-06-19T21:14:17Z,129 Branch,Firefox 128,Editing a PDF results in unexpected content change
1899810,Firefox,Search,RESOLVED,FIXED,N/A,P1,2024-05-30T15:40:30Z,2024-06-03T12:20:41Z,---,unspecified,Correct search engine ids for MercadoLibre Argentina and Wiktionary (oc)
1899848,Firefox,New Tab Page,VERIFIED,FIXED,--,--,2024-05-30T17:56:05Z,2024-06-04T21:08:22Z,128 Branch,unspecified,Home and newtab weather turn on in nightly only
1899853,Firefox,Security,RESOLVED,FIXED,N/A,P3,2024-05-30T18:04:25Z,2024-09-18T21:15:06Z,132 Branch,unspecified,"`errorCode` is never going to be ""interrupted"" in aboutNetError.mjs"
1899887,Firefox,Shell Integration,RESOLVED,FIXED,S4,P5,2024-05-30T20:42:53Z,2024-06-19T10:02:31Z,128 Branch,Firefox 128,High freq browser/components/tests/browser/browser_default_webprotocol_handler_mailto.js | single tracking bug
1899951,Firefox,Theme,RESOLVED,FIXED,--,--,2024-05-31T04:01:00Z,2024-05-31T21:35:41Z,128 Branch,Firefox 128,Tree column picker uses button appearance since bug 1889429
1899971,Firefox,Data Loss Prevention,RESOLVED,FIXED,--,--,2024-05-31T08:00:00Z,2024-06-06T13:48:44Z,---,unspecified,Only initialize ContentAnalysis views if CA is active
1900002,Firefox,Tabbed Browser,RESOLVED,FIXED,--,--,2024-05-31T11:05:28Z,2024-06-04T21:08:33Z,128 Branch,unspecified,Move tabbrowser tests into a browser/ folder
1900011,Firefox,Tabbed Browser,VERIFIED,FIXED,S4,P3,2024-05-31T11:55:49Z,2024-06-05T06:15:45Z,---,Firefox 128,Tab preview no longer displayed when closing another tab using the keyboard keys
1900021,Firefox,Messaging System,VERIFIED,FIXED,S4,--,2024-05-31T12:06:44Z,2024-06-05T11:16:08Z,---,Trunk,"[Experiment] The Manage Settings option of the Pin message highlights the ""Extensions"" checkbox instead of the ""Features"" one"
1900023,Firefox,Translations,VERIFIED,FIXED,S3,P3,2024-05-31T12:14:22Z,2024-06-14T20:53:08Z,129 Branch,Trunk,Using keyboard to navigating through the settings button and its submenu are inconsistent on MacOS
1900025,Firefox,Messaging System,RESOLVED,FIXED,--,--,2024-05-31T12:19:06Z,2024-06-05T11:56:07Z,---,unspecified,[META][QA][QA-2457] Feature callout: Firefox View
1900029,Firefox,Messaging System,VERIFIED,FIXED,S3,P1,2024-05-31T12:45:02Z,2024-06-05T09:04:16Z,---,Trunk,"[Experiment] The ""Don't show this recommendation again"" option of the Firefox View callout doesn't block the message"
1900035,Firefox,Shell Integration,RESOLVED,FIXED,--,P3,2024-05-31T12:54:58Z,2024-07-25T09:33:52Z,130 Branch,unspecified,Add start menu pinning in set to default and first run scenarios
1900091,Firefox,Translations,RESOLVED,FIXED,S4,P5,2024-05-31T16:38:24Z,2024-06-06T17:43:56Z,---,unspecified,Intermittent browser/components/translations/tests/browser/browser_translations_select_telemetry_translation_failure_ui_then_cancel.js | single tracking bug
1900094,Firefox,Search,RESOLVED,FIXED,N/A,P2,2024-05-31T17:02:10Z,2024-07-25T09:33:59Z,130 Branch,unspecified,Add telemetry and error logging for when we record a categorization but the corresponding impression is missing due to domain-to-categories map issues
1900103,Firefox,New Tab Page,VERIFIED,FIXED,--,--,2024-05-31T17:40:55Z,2024-06-17T08:58:57Z,129 Branch,unspecified,Add telemetry for Newtab Weather location search
1900107,Firefox,Translations,RESOLVED,FIXED,S4,P5,2024-05-31T18:19:51Z,2024-06-12T21:55:00Z,129 Branch,unspecified,High frequency browser/components/translations/tests/browser/browser_translations_select_telemetry_init_failure_ui_then_succeed.js | single tracking bug
1900121,Firefox,Messaging System,RESOLVED,FIXED,--,P1,2024-05-31T20:03:08Z,2024-06-21T16:51:00Z,---,unspecified,Add About:Welcome default message to Skylight Release table
1900124,Firefox,Settings UI,RESOLVED,FIXED,--,--,2024-05-31T20:09:05Z,2024-07-10T09:47:11Z,130 Branch,unspecified,Update the Nightly Experiments page with recomp form input
1900125,Firefox,Profile Backup,RESOLVED,FIXED,S3,P3,2024-05-31T20:14:49Z,2026-01-12T21:33:37Z,149 Branch,unspecified,"Confirming settings in ""Turn on backup"" dialog should immediately run the first backup"
1900126,Firefox,Sidebar,RESOLVED,FIXED,--,--,2024-05-31T20:16:41Z,2024-06-20T04:10:54Z,129 Branch,unspecified,Revisit font sizing and styles in Sidebar panels
1900127,Firefox,Translations,RESOLVED,FIXED,--,P3,2024-05-31T20:27:53Z,2024-06-06T09:32:21Z,128 Branch,unspecified,UX Fit-And-Finish Style Recommendations
1900131,Firefox,Firefox Accounts,VERIFIED,FIXED,--,--,2024-05-31T20:57:21Z,2024-06-07T04:23:02Z,128 Branch,unspecified,"FxA toolbar giving ""Unknown event"" in Nightly"
1900132,Firefox,Security,RESOLVED,FIXED,N/A,P2,2024-05-31T21:03:26Z,2024-06-06T09:32:27Z,128 Branch,unspecified,attempt to redirect www.example.com to example.com to avoid certificate domain name mismatch errors
1900137,Firefox,New Tab Page,VERIFIED,FIXED,--,--,2024-05-31T21:21:27Z,2024-06-04T21:08:42Z,128 Branch,unspecified,Home and newtab wallpapers v1 flip on in nightly
1900240,Firefox,New Tab Page,VERIFIED,FIXED,S3,P1,2024-06-02T03:00:42Z,2024-06-04T09:52:51Z,128 Branch,unspecified,Home and newtab small link text colour issue with wallpaper
1900266,Firefox,New Tab Page,RESOLVED,FIXED,--,--,2024-06-02T15:38:49Z,2024-06-06T03:58:22Z,128 Branch,unspecified,Fix no-case-declarations ESlint warnings in New Tab Reducers file
1900282,Firefox,Tabbed Browser,RESOLVED,FIXED,--,--,2024-06-02T21:11:14Z,2024-07-16T04:12:21Z,130 Branch,Trunk,"""browser.tabs.allow_transparent_browser"" pref should also apply to sidebar browsers"
1900321,Firefox,Address Bar,RESOLVED,FIXED,--,--,2024-06-03T10:38:01Z,2024-06-04T09:53:09Z,128 Branch,unspecified,Improve nesting in urlbar-searchbar.css
1900332,Firefox,Tabbed Browser,RESOLVED,FIXED,--,--,2024-06-03T12:02:04Z,2024-06-04T21:08:59Z,128 Branch,unspecified,Move dialog stack styling to content-area.css
1900348,Firefox,New Tab Page,RESOLVED,FIXED,S3,P2,2024-06-03T13:08:47Z,2025-01-24T16:39:43Z,---,Firefox 128,New tab image credit isn't sticking to the bottom of the new tab page
1900366,Firefox,Messaging System,VERIFIED,FIXED,S4,P1,2024-06-03T14:14:43Z,2024-06-05T09:02:04Z,---,unspecified,"[Experiment] The Manage Settings option of the Firefox View Feature callout highlights the ""Extensions"" checkbox instead of the ""Features"" one"
1900381,Firefox,General,RESOLVED,FIXED,--,--,2024-06-03T14:53:44Z,2024-07-01T15:02:42Z,129 Branch,unspecified,Remove inline event handlers from mainPopupSet
1900388,Firefox,PDF Viewer,RESOLVED,FIXED,--,--,2024-06-03T15:33:01Z,2024-06-04T09:53:14Z,128 Branch,unspecified,Update PDF.js to new version 5c51d5622342261259a40fcc86b792ac2ec4bf7c from 2024-06-02 14:08:19
1900390,Firefox,Data Loss Prevention,RESOLVED,FIXED,--,--,2024-06-03T15:34:41Z,2024-06-05T09:35:23Z,128 Branch,unspecified,Use regex_match instead of regex_search for DLP regex's
1900401,Firefox,Nimbus Desktop Client,RESOLVED,FIXED,S3,P1,2024-06-03T16:19:28Z,2024-06-04T09:53:23Z,128 Branch,unspecified,prefFlips feature schema has wrong path
1900418,Firefox,New Tab Page,VERIFIED,FIXED,S3,P1,2024-06-03T17:33:49Z,2024-06-21T22:00:26Z,129 Branch,unspecified,Selected wallpaper updates category thumbnail
1900419,Firefox,New Tab Page,RESOLVED,FIXED,S3,P1,2024-06-03T17:42:14Z,2024-06-19T17:29:12Z,---,unspecified,Do not sort wallpapers by light/dark if newtabWallpapers.v2.enabled
1900423,Firefox,New Tab Page,VERIFIED,FIXED,S2,P1,2024-06-03T17:48:35Z,2024-06-15T09:30:17Z,129 Branch,unspecified,Refine nested wallpaper styles
1900432,Firefox,Translations,RESOLVED,FIXED,--,P3,2024-06-03T18:26:38Z,2024-06-04T21:09:15Z,128 Branch,unspecified,Upgrade translations.requests_count to a labeled counter
1900496,Firefox,Address Bar,RESOLVED,FIXED,N/A,P1,2024-06-03T23:41:43Z,2024-10-21T19:12:32Z,---,unspecified,[meta] Implement Fakespot Suggestion
1900497,Firefox,Address Bar,RESOLVED,FIXED,N/A,P2,2024-06-03T23:42:38Z,2024-07-10T21:26:26Z,130 Branch,unspecified,Implement Fakespot Suggestion UI
1900511,Firefox,Messaging System,RESOLVED,FIXED,S3,P1,2024-06-04T01:17:39Z,2024-06-19T04:12:00Z,129 Branch,unspecified,RC survey visual issues
1900513,Firefox,Sync,RESOLVED,FIXED,--,--,2024-06-04T01:50:44Z,2024-06-18T09:54:07Z,129 Branch,unspecified,"When receiving a push for closing a remote tab, show the user a notification"
1900575,Firefox,Address Bar,RESOLVED,FIXED,--,--,2024-06-04T11:23:16Z,2024-06-05T09:35:45Z,128 Branch,unspecified,Make `focused` a proper boolean attribute
1900588,Firefox,Messaging System,VERIFIED,FIXED,S4,P1,2024-06-04T12:38:31Z,2024-06-10T07:02:51Z,---,unspecified,[Experiment] The question mark is displayed on a different line than the text on the Firefox View Feature callout message in French language on Treatment B branch
1900599,Firefox,Tabbed Browser,RESOLVED,FIXED,--,--,2024-06-04T13:07:38Z,2024-06-04T21:09:38Z,128 Branch,unspecified,Move .dragfeedback-tab rule to tabs.css
1900601,Firefox,Address Bar,VERIFIED,FIXED,--,--,2024-06-04T13:12:27Z,2024-06-08T09:30:39Z,128 Branch,unspecified,"Entering "">"" starts broken search mode"
1900609,Firefox,Theme,RESOLVED,FIXED,--,--,2024-06-04T13:36:59Z,2024-06-04T21:09:44Z,128 Branch,unspecified,Merge fullscreen rules from browser/base/content/browser.css and browser/themes/shared/fullscreen/warning.css into new fullscreen-and-pointerlock.css
1900611,Firefox,Top Sites,RESOLVED,FIXED,N/A,P2,2024-06-04T13:46:18Z,2024-06-12T04:55:50Z,129 Branch,unspecified,TopSites getSites should wait until initialization is complete
1900613,Firefox,Top Sites,RESOLVED,FIXED,N/A,P2,2024-06-04T13:51:56Z,2024-06-06T03:58:31Z,128 Branch,unspecified,Remove additional references to custom screenshots
1900618,Firefox,Profile Backup,RESOLVED,FIXED,S4,P5,2024-06-04T14:06:46Z,2024-06-06T03:58:35Z,128 Branch,unspecified,Perma macOS shippable TEST-UNEXPECTED-TIMEOUT | browser/components/backup/tests/xpcshell/test_ArchiveEncryptionState.js | Test timed out
1900638,Firefox,Search,RESOLVED,FIXED,N/A,P1,2024-06-04T15:08:52Z,2024-06-05T09:35:55Z,128 Branch,unspecified,Permanently enable the new search config
1900651,Firefox,New Tab Page,VERIFIED,FIXED,--,--,2024-06-04T16:29:59Z,2024-06-06T09:32:46Z,128 Branch,unspecified,Home and newtab wallpaper solid colour pref
1900663,Firefox,General,RESOLVED,FIXED,S4,P1,2024-06-04T17:20:53Z,2024-07-02T21:29:30Z,129 Branch,unspecified,Opening a new window from macOS dock should set opener from existing window
1900699,Firefox,New Tab Page,RESOLVED,FIXED,--,--,2024-06-04T20:44:52Z,2024-06-05T09:36:04Z,128 Branch,unspecified,Update accuweather provider in WeatherFeed.js
1900702,Firefox,New Tab Page,RESOLVED,FIXED,--,--,2024-06-04T20:51:47Z,2025-08-13T09:20:31Z,143 Branch,unspecified,"The ""Close"" button on new-tab cog sidebar should perhaps be an ""X"" button"
1900709,Firefox,New Tab Page,RESOLVED,FIXED,--,P1,2024-06-04T21:28:55Z,2024-06-07T04:23:29Z,128 Branch,unspecified,Add strings for wallpapers v2
1900725,Firefox,Bookmarks & History,RESOLVED,FIXED,S4,P5,2024-06-05T01:02:55Z,2024-09-03T16:25:33Z,132 Branch,unspecified,Intermittent browser/components/places/tests/browser/browser_library_bookmark_clear_visits.js | single tracking bug
1900749,Firefox,Tabbed Browser,VERIFIED,FIXED,S4,P2,2024-06-05T07:26:25Z,2024-07-03T21:36:15Z,129 Branch,Firefox 128,Tab preview shows encoded URL when page is in reader mode
1900783,Firefox,Theme,RESOLVED,FIXED,--,--,2024-06-05T12:29:16Z,2024-06-06T03:58:55Z,128 Branch,unspecified,Merge titlebar and toolbar rules from browser/base/content/browser.css into browser-shared.css and toolbarbuttons.css
1900784,Firefox,Theme,RESOLVED,FIXED,--,--,2024-06-05T12:34:02Z,2024-06-06T03:58:59Z,128 Branch,unspecified,Move toolbar[customizing] #ion-button rule to toolbarbutton-icons.css
1900794,Firefox,Tabbed Browser,RESOLVED,FIXED,S4,P5,2024-06-05T13:35:35Z,2024-06-05T16:43:00Z,128 Branch,unspecified,Intermittent TV browser/components/tabbrowser/test/browser/tabs/browser_tab_preview.js | single tracking bug
1900798,Firefox,Data Loss Prevention,VERIFIED,FIXED,S3,--,2024-06-05T14:13:38Z,2024-06-13T09:39:13Z,129 Branch,Firefox 128,Firefox is freezing if resizing the window during the transition to the blocked dialog for printing operation
1900822,Firefox,New Tab Page,RESOLVED,FIXED,--,--,2024-06-05T15:40:20Z,2024-06-13T21:54:25Z,129 Branch,unspecified,Remove SearchEngine.searchForm use from new tab search shortcuts code
1900825,Firefox,General,RESOLVED,FIXED,--,--,2024-06-05T16:01:14Z,2024-06-06T09:32:59Z,128 Branch,unspecified,Use JS Maps in browser_startup_content.js and browser_startup_content_subframe.js
1900832,Firefox,New Tab Page,VERIFIED,FIXED,S3,--,2024-06-05T16:15:10Z,2024-07-12T22:08:49Z,130 Branch,unspecified,Weather card overlaps with Top Sites button
1900835,Firefox,Toolbars and Customization,RESOLVED,FIXED,S3,P2,2024-06-05T16:18:20Z,2024-06-12T09:11:01Z,129 Branch,unspecified,Switch PanelMultiView keyboard focus handling to use Element.focus() rather than Services.focus.setFocus()
1900839,Firefox,Shell Integration,RESOLVED,FIXED,S3,P3,2024-06-05T16:48:02Z,2024-06-21T22:00:31Z,129 Branch,unspecified,mailto: Replace site specific settings with permission manager
1900842,Firefox,Theme,RESOLVED,FIXED,--,--,2024-06-05T17:00:42Z,2024-06-07T04:23:44Z,128 Branch,unspecified,Consolidate #nav-bar-overflow-button styling and move it to toolbarbuttons.css
1900851,Firefox,Theme,RESOLVED,FIXED,--,--,2024-06-05T17:15:29Z,2024-06-10T21:34:54Z,129 Branch,unspecified,Remove rule for hiding extension toolbars in popup windows
1900854,Firefox,New Tab Page,VERIFIED,FIXED,--,--,2024-06-05T17:20:42Z,2024-06-08T09:30:45Z,128 Branch,unspecified,Add telemetry events to record wallpaper feature highlight interactions
1900861,Firefox,New Tab Page,RESOLVED,FIXED,--,--,2024-06-05T17:53:46Z,2024-06-07T04:23:52Z,128 Branch,unspecified,Remove unused strings and duplicate icons in Wallpaper feature highlight
1900867,Firefox,Tabbed Browser,RESOLVED,FIXED,S4,P2,2024-06-05T18:06:10Z,2024-07-02T21:29:34Z,129 Branch,Trunk,Tab Hover Preview: Hide the card when clicking on a tab
1900877,Firefox,Profile Backup,RESOLVED,FIXED,S4,P5,2024-06-05T19:17:31Z,2024-06-07T04:23:56Z,128 Branch,unspecified,Perma documentation ./mach doc | /builds/worker/checkouts/gecko/BackupService.sys.mjs:./browser/components/backup/BackupService.sys.BackupService(58):114: WARNING: 'any' reference target not found: BackupService.loadEncryptionState();
1900892,Firefox,Profile Backup,RESOLVED,FIXED,N/A,P3,2024-06-05T20:42:07Z,2024-06-21T22:00:35Z,129 Branch,unspecified,Build out archive encryption mechanism for single-file backup archives
1900900,Firefox,Address Bar,RESOLVED,FIXED,S3,P1,2024-06-05T21:13:30Z,2024-06-06T15:43:11Z,128 Branch,unspecified,Enable Search Continuation
1900907,Firefox,PDF Viewer,RESOLVED,FIXED,--,P1,2024-06-05T22:05:19Z,2024-06-19T21:11:30Z,129 Branch,unspecified,Support adding images by dragging and dropping from other software
1900931,Firefox,New Tab Page,VERIFIED,FIXED,--,--,2024-06-06T01:02:28Z,2024-06-07T04:24:05Z,128 Branch,unspecified,Home and newtab pinned topsite icon contrast issue with dark wallpapers
1900951,Firefox,Shell Integration,RESOLVED,FIXED,S4,P5,2024-06-06T06:37:18Z,2024-06-12T04:56:07Z,129 Branch,unspecified,[rustc 1.80] Perma error: struct `MockCommand` is never constructed
1900979,Firefox,Sidebar,RESOLVED,FIXED,S4,P2,2024-06-06T10:22:20Z,2024-07-31T21:16:54Z,130 Branch,unspecified,Fix empty strings assigned in Sidebar.ftl
1900984,Firefox,Messaging System,RESOLVED,FIXED,S3,P1,2024-06-06T10:56:05Z,2024-06-18T21:44:43Z,129 Branch,unspecified,Ghost shadow on feature callout arrow when flip=slide makes the arrow disappear (MacOS)
1901001,Firefox,Theme,RESOLVED,FIXED,--,--,2024-06-06T12:38:33Z,2024-06-14T09:45:30Z,129 Branch,unspecified,Consolidate and merge customize mode rules from browser/base/content/browser.css and toolbarbuttons.css into customizeMode.css
1901008,Firefox,Theme,RESOLVED,FIXED,--,--,2024-06-06T12:57:00Z,2024-06-07T04:24:18Z,128 Branch,unspecified,Move download indicator rules from browser/base/content/browser.css to indicator.css
1901030,Firefox,Messaging System,RESOLVED,FIXED,--,P2,2024-06-06T14:29:47Z,2024-07-12T12:53:14Z,---,unspecified,Skylight - Enable Prettier and reformat the repo
1901036,Firefox,Messaging System,RESOLVED,FIXED,S4,P2,2024-06-06T14:36:19Z,2024-06-26T14:54:33Z,---,unspecified,Skylight - Fix infobar Looker dashboards and display correct CTR percents in tables
1901054,Firefox,New Tab Page,RESOLVED,FIXED,--,--,2024-06-06T15:57:18Z,2024-06-07T04:24:22Z,128 Branch,unspecified,"Glean ""weather_change_display"" event  extra key ""weather_display_mode"" is wrong data type"
1901057,Firefox,Search,VERIFIED,FIXED,S2,P1,2024-06-06T15:59:32Z,2024-06-07T04:24:27Z,128 Branch,unspecified,"New search config isn't sending the ""search-with"" ping to glean"
1901061,Firefox,Address Bar,VERIFIED,FIXED,S3,P2,2024-06-06T16:11:44Z,2025-01-09T04:19:17Z,136 Branch,unspecified,Autofill sometimes is activated when focusing the urlbar with persisted search terms
1901065,Firefox,Data Loss Prevention,RESOLVED,FIXED,S3,--,2024-06-06T16:26:07Z,2024-06-08T09:31:01Z,128 Branch,unspecified,Don't exempt about:blank and about:srcdoc from DLP
1901068,Firefox,Settings UI,RESOLVED,FIXED,--,--,2024-06-06T16:36:00Z,2024-06-07T04:24:35Z,128 Branch,unspecified,Setting for Privacy-preserving attribution experiment.
1901069,Firefox,Search,RESOLVED,FIXED,N/A,P3,2024-06-06T16:36:47Z,2024-06-07T04:24:40Z,128 Branch,unspecified,Rename test_engine_old_selector_remote_override.js back to test_engine_selector_remote_override.js
1901070,Firefox,Search,RESOLVED,FIXED,N/A,P2,2024-06-06T16:39:04Z,2024-06-09T20:53:12Z,128 Branch,unspecified,Investigate making test_engine_old_selector_remote_settings.js work with the new selector - missing tests for obtaining configuration data.
1901129,Firefox,Theme,VERIFIED,FIXED,S4,--,2024-06-06T20:41:26Z,2024-06-17T21:47:20Z,129 Branch,Firefox 128,Dragging a bookmark within the bookmarks tooblar makes other bookmarks bounce left and right
1901132,Firefox,Profile Backup,RESOLVED,FIXED,N/A,P3,2024-06-06T20:57:50Z,2024-06-21T22:00:40Z,129 Branch,unspecified,Wire up encryption mechanism to Archive worker / BackupService
1901134,Firefox,New Tab Page,VERIFIED,FIXED,--,--,2024-06-06T20:59:23Z,2024-06-18T09:54:20Z,129 Branch,unspecified,Home and newtab wallpaper solid color selector
1901161,Firefox,Address Bar,VERIFIED,FIXED,S4,P3,2024-06-06T23:55:58Z,2024-12-09T14:36:48Z,135 Branch,unspecified,"Address bar autocompletion panel (and its contents) jiggle up and down when I press Ctrl, as ""Switch to tab"" buttons get converted to URLs"
1901184,Firefox,Settings UI,VERIFIED,FIXED,S3,P1,2024-06-07T04:34:59Z,2024-06-15T09:30:28Z,129 Branch,unspecified,Translations: Extraneous tab stop between Settings and Download all buttons
1901191,Firefox,Settings UI,RESOLVED,FIXED,--,--,2024-06-07T05:46:50Z,2024-06-07T21:43:06Z,128 Branch,unspecified,Markup for privacy preserving attribution is using moz-support-link in an unintended way
1901194,Firefox,Settings UI,RESOLVED,FIXED,--,--,2024-06-07T06:39:06Z,2024-06-07T21:43:15Z,128 Branch,unspecified,Remove useless tail-with-learn-more on span elements in settings ui.
1901197,Firefox,Data Loss Prevention,VERIFIED,FIXED,S3,--,2024-06-07T07:12:05Z,2024-07-04T09:00:35Z,129 Branch,Firefox 128,Firefox fails to relaunch after closing the browser when “Scan in progress” dialog is shown
1901208,Firefox,Search,RESOLVED,FIXED,N/A,P2,2024-06-07T09:33:59Z,2024-06-09T20:53:16Z,128 Branch,unspecified,"Add a test to ensure that ""search-with"" pings are correctly recorded"
1901223,Firefox,PDF Viewer,RESOLVED,FIXED,--,--,2024-06-07T11:56:37Z,2024-10-27T12:54:15Z,133 Branch,unspecified,Use ImageDecoder to speed up decoding images in PDFs
1901227,Firefox,PDF Viewer,RESOLVED,FIXED,--,--,2024-06-07T12:16:23Z,2024-06-11T09:41:39Z,129 Branch,unspecified,Update PDF.js to new version 593ce96834af099cc5c3af0925c5ee6a5cb3b75c from 2024-06-07 12:14:48
1901253,Firefox,PDF Viewer,RESOLVED,FIXED,S3,P1,2024-06-07T15:21:00Z,2024-06-19T21:13:11Z,129 Branch,unspecified,Jpeg2000 image not displayed
1901261,Firefox,Messaging System,VERIFIED,FIXED,--,P1,2024-06-07T16:01:14Z,2024-07-31T21:17:03Z,129 Branch,Firefox 129,Create a remotely configurable bookmarks bar button messaging surface
1901262,Firefox,Sidebar,RESOLVED,FIXED,--,--,2024-06-07T16:17:06Z,2024-06-12T04:56:32Z,129 Branch,unspecified,Add test for adopting sidebar from window.opener
1901264,Firefox,Settings UI,RESOLVED,FIXED,S3,P1,2024-06-07T16:25:33Z,2024-06-20T04:11:00Z,129 Branch,unspecified,Ensure Settings search works with moz-checkbox and moz-radio-group
1901266,Firefox,Messaging System,RESOLVED,FIXED,--,P1,2024-06-07T16:36:15Z,2024-09-16T17:21:09Z,---,Firefox 129,[Experiment] Configure and Launch 'about:welcome' Redesign: Full screen about:welcome
1901272,Firefox,Messaging System,VERIFIED,FIXED,--,P1,2024-06-07T16:55:14Z,2024-07-04T09:00:39Z,129 Branch,Firefox 129,Add a configuration option to make about:welcome full screen
1901273,Firefox,Messaging System,RESOLVED,FIXED,--,P3,2024-06-07T16:55:54Z,2024-07-10T18:56:32Z,---,unspecified,Skylight - Add an info popover on the Metrics header to describe CTR
1901274,Firefox,Sidebar,RESOLVED,FIXED,--,P3,2024-06-07T16:56:44Z,2026-03-30T21:37:51Z,151 Branch,unspecified,Port over tests in browser/base/content/test/sidebar
1901276,Firefox,Messaging System,RESOLVED,FIXED,--,P3,2024-06-07T17:02:47Z,2024-10-02T17:55:49Z,---,unspecified,Skylight - Decide & implement how CTR metrics should be different between production & experiment/rollout
1901296,Firefox,Messaging System,RESOLVED,FIXED,S3,P1,2024-06-07T18:45:17Z,2024-07-12T13:30:33Z,---,Firefox 129,"[Experiment] Configure and Launch Micro-survey early day Windows and Mac users about their experience level: new, existing, returning user"
1901297,Firefox,Messaging System,RESOLVED,FIXED,--,P1,2024-06-07T18:59:50Z,2024-06-25T21:35:28Z,129 Branch,unspecified,Allow for quick toggling of light/dark mode from about:messagepreview
1901298,Firefox,Theme,VERIFIED,FIXED,S3,P1,2024-06-07T19:07:17Z,2024-07-01T21:47:56Z,129 Branch,Trunk,Tab has no focus ring when a LWT is installed
1901308,Firefox,Profile Backup,RESOLVED,FIXED,N/A,P3,2024-06-07T20:00:55Z,2024-08-07T03:46:47Z,131 Branch,unspecified,Display an error in the turn-on dialog if there are issues with toggling encryption or setting the parent directory
1901314,Firefox,Translations,VERIFIED,FIXED,--,--,2024-06-07T20:27:14Z,2024-06-10T21:35:19Z,129 Branch,unspecified,Improve Select Translations panel announcements for screen readers
1901351,Firefox,Translations,VERIFIED,FIXED,--,P3,2024-06-08T01:38:24Z,2024-06-12T04:56:36Z,129 Branch,unspecified,Do not offer SelectTranslations Translate Link Text menu item for URLs
1901488,Firefox,Translations,VERIFIED,FIXED,S3,--,2024-06-10T10:03:01Z,2024-07-27T09:08:33Z,130 Branch,Firefox 128,"""Never translate English"" option is always disabled"
1901499,Firefox,Messaging System,VERIFIED,FIXED,S3,P1,2024-06-10T11:58:42Z,2024-06-19T04:12:05Z,129 Branch,Trunk,"[Experiment] Nothing happens if clicking ""Extensions success"" link from the ""Data Import Complete Success"" screen of the ""Embedded Import Spotlight"""
1901512,Firefox,Address Bar,RESOLVED,FIXED,N/A,P2,2024-06-10T12:55:59Z,2024-07-11T16:24:41Z,---,unspecified,Add urlbar-persisted-search-terms.json
1901518,Firefox,Address Bar,RESOLVED,FIXED,N/A,P2,2024-06-10T13:39:05Z,2024-06-25T21:35:32Z,129 Branch,unspecified,Add urlbar-persisted-search-terms-schema.json
1901519,Firefox,Address Bar,RESOLVED,FIXED,N/A,P2,2024-06-10T13:40:19Z,2024-06-25T21:35:36Z,129 Branch,unspecified,Add urlbar-persisted-search-terms-ui-schema.json
1901520,Firefox,Profile Backup,RESOLVED,FIXED,N/A,P3,2024-06-10T13:44:53Z,2024-06-25T09:39:28Z,129 Branch,unspecified,Style the generated single-archive file to match the specification
1901523,Firefox,Profile Backup,RESOLVED,FIXED,N/A,P3,2024-06-10T13:48:45Z,2024-06-23T09:44:06Z,129 Branch,unspecified,"Move staging folder / prior snapshot to a ""snapshots"" folder under ""backups""."
1901526,Firefox,Profile Backup,RESOLVED,FIXED,N/A,P3,2024-06-10T13:54:23Z,2024-06-28T09:36:34Z,129 Branch,unspecified,Add a backup scheduling mechanism
1901528,Firefox,Profile Backup,RESOLVED,FIXED,N/A,P3,2024-06-10T13:57:37Z,2024-06-23T09:44:11Z,129 Branch,unspecified,"Add method to BackupService that will extract the data from from a single-file backup archive, decompress it, recover from it, and optionally launch it"
1901531,Firefox,Nimbus Desktop Client,RESOLVED,FIXED,S3,P1,2024-06-10T14:03:43Z,2024-06-10T21:35:30Z,129 Branch,unspecified,Add :jeddai as nimbus peer
1901533,Firefox,Messaging System,RESOLVED,FIXED,--,P1,2024-06-10T14:08:48Z,2026-09-11T09:43:27Z,158 Branch,unspecified,Move Refresh Firefox Infobar into Messaging System
1901534,Firefox,Profile Backup,RESOLVED,FIXED,N/A,P3,2024-06-10T14:09:23Z,2024-06-25T09:39:33Z,129 Branch,unspecified,Compute a new enc-state.json for the recovered profile after recovery
1901541,Firefox,Profile Backup,RESOLVED,FIXED,S4,P5,2024-06-10T14:28:51Z,2024-06-27T09:34:44Z,129 Branch,unspecified,High Frequency browser/components/backup/tests/xpcshell/test_BackupService_archive.js | single tracking bug
1901545,Firefox,Theme,RESOLVED,FIXED,--,--,2024-06-10T14:51:20Z,2024-06-14T20:54:28Z,129 Branch,unspecified,Move panelview and related rules from browser/base/content/browser.css to panelUI-shared.css
1901551,Firefox,Sidebar,RESOLVED,FIXED,--,--,2024-06-10T15:20:57Z,2024-08-01T04:19:30Z,130 Branch,unspecified,"Fix vertical tabs breaking customize mode's ""restore defaults"" button"
1901565,Firefox,Shell Integration,RESOLVED,FIXED,--,--,2024-06-10T16:31:16Z,2024-06-13T09:39:29Z,129 Branch,unspecified,Record failure reason by default in installation first_seen scalars in new-profile ping
1901617,Firefox,Messaging System,RESOLVED,FIXED,--,P1,2024-06-10T19:33:44Z,2024-09-26T21:28:15Z,132 Branch,unspecified,"Onboarding ""Set Up"" checklist template for use in Feature Callout"
1901621,Firefox,Shell Integration,RESOLVED,FIXED,--,P3,2024-06-10T19:59:29Z,2024-07-25T09:34:05Z,130 Branch,unspecified,Add start menu pinning availability as a targeting condition for pinning product messages
1901626,Firefox,Translations,RESOLVED,FIXED,--,--,2024-06-10T20:26:53Z,2024-06-12T04:57:29Z,129 Branch,unspecified,Remove waitForCondition from Translations Telemetry Assertions
1901629,Firefox,Messaging System,RESOLVED,FIXED,--,P1,2024-06-10T20:35:43Z,2024-07-26T16:36:31Z,130 Branch,unspecified,"[Spike] Investigate onboarding ""Set Up"" checklist actions for use in new Feature Callout template"
1901640,Firefox,Profile Backup,VERIFIED,FIXED,N/A,P1,2024-06-10T21:17:32Z,2025-10-28T22:01:53Z,146 Branch,unspecified,Toggling encryption (enabled or disabled) should create a new backup
1901660,Firefox,Session Restore,RESOLVED,FIXED,N/A,P1,2024-06-10T23:35:53Z,2024-08-27T11:51:30Z,131 Branch,unspecified,"When history is purged, a session state update should be triggered"
1901666,Firefox,Sync,RESOLVED,FIXED,--,--,2024-06-11T01:54:01Z,2025-01-15T04:29:59Z,136 Branch,unspecified,Move the handling of FxA notifications out of BrowserGlue.sys.mjs
1901667,Firefox,Firefox Accounts,RESOLVED,FIXED,S4,P5,2024-06-11T01:55:08Z,2024-06-21T10:15:59Z,129 Branch,unspecified,Intermittent services/fxaccounts/tests/xpcshell/test_commands_closetab.js | single tracking bug
1901673,Firefox,Sidebar,RESOLVED,FIXED,S4,P5,2024-06-11T03:23:28Z,2024-06-21T13:52:20Z,129 Branch,unspecified,Intermittent browser/components/sidebar/tests/browser/browser_hide_sidebar_on_popup.js | single tracking bug
1901728,Firefox,Tabbed Browser,VERIFIED,FIXED,--,--,2024-06-11T11:33:22Z,2024-10-02T21:28:51Z,133 Branch,unspecified,"Add a ""Tabs from other devices"" item to tab manager"
1901758,Firefox,Profile Backup,RESOLVED,FIXED,N/A,P3,2024-06-11T13:52:21Z,2024-07-09T09:52:29Z,130 Branch,unspecified,Delete the staging folder after it has been compressed
1901826,Firefox,Tabbed Browser,VERIFIED,FIXED,S3,P2,2024-06-11T18:34:55Z,2024-10-12T09:49:02Z,133 Branch,Firefox 129,Fullscreen toolbar autohides prematurely when tab preview disappears
1901839,Firefox,Search,RESOLVED,FIXED,N/A,P1,2024-06-11T19:00:01Z,2024-06-18T16:21:57Z,129 Branch,unspecified,Classify engagements for requests that match an ad but didn't have a corresponding component as  `ad_uncategorized` instead of `non_ads_link`
1901840,Firefox,Private Browsing,VERIFIED,FIXED,--,--,2024-06-11T19:05:47Z,2024-06-14T20:55:40Z,129 Branch,Firefox 127,browser.privateWindowSeparation.enabled broken in Firefox 127
1901868,Firefox,Sync,RESOLVED,FIXED,--,--,2024-06-11T21:33:45Z,2024-06-18T09:54:36Z,129 Branch,unspecified,Remote tab management - Remove pending closed tabs so there's only ever one undo
1901871,Firefox,Address Bar,VERIFIED,FIXED,N/A,P2,2024-06-11T21:43:47Z,2024-08-15T21:33:54Z,131 Branch,unspecified,Integrate the Unified Search Button with the Persisted Search Terms feature
1901885,Firefox,Sidebar,RESOLVED,FIXED,S4,P5,2024-06-11T22:32:25Z,2024-06-12T21:55:53Z,129 Branch,unspecified,Intermittent browser/components/sidebar/tests/browser/browser_adopt_sidebar_from_opener.js | single tracking bug
1901888,Firefox,Theme,VERIFIED,FIXED,--,--,2024-06-11T22:39:41Z,2024-06-14T20:55:44Z,129 Branch,unspecified,The SelectTranslationsPanel default unfocused border color has insufficient color contrast on Linux
1901899,Firefox,General,VERIFIED,FIXED,--,--,2024-06-11T23:25:03Z,2024-06-14T09:46:04Z,129 Branch,Firefox 127,Fx127 upgrade first run: Dismissing Primary Password prompt prevents session restore
1901904,Firefox,New Tab Page,RESOLVED,FIXED,S4,P3,2024-06-11T23:50:42Z,2024-06-18T09:54:44Z,129 Branch,unspecified,New-tab pocket stories' 3-dot-menu-icon is misaligned in its button (0.5px-1px to the right of the perfect center position)
1901922,Firefox,Protections UI,RESOLVED,FIXED,S4,P5,2024-06-12T03:29:47Z,2024-07-08T16:36:02Z,130 Branch,unspecified,Intermittent browser/base/content/test/protectionsUI/browser_protectionsUI_bounce_tracking_protection.js | single tracking bug
1901983,Firefox,Address Bar,RESOLVED,FIXED,N/A,P3,2024-06-12T11:20:53Z,2024-06-18T21:44:58Z,129 Branch,unspecified,Remove usage of searchForm from ProviderTabToSearch
1902008,Firefox,Sidebar,RESOLVED,FIXED,S4,P5,2024-06-12T13:26:12Z,2024-06-12T21:56:13Z,129 Branch,unspecified,Intermittent [TV] browser/components/sidebar/tests/browser/browser_sidebar_max_width.js | Uncaught exception in test bound test_customize_sidebar_actions - at chrome://mochitests/content/browser/browser/components/sidebar/tests/browser/browser_sidebar
1902012,Firefox,PDF Viewer,RESOLVED,FIXED,S3,P1,2024-06-12T13:47:48Z,2024-06-19T21:16:03Z,129 Branch,unspecified,Disable hardware acceleration in pdf.js
1902020,Firefox,Profile Backup,RESOLVED,FIXED,S4,P3,2024-06-12T14:02:45Z,2024-06-21T22:00:46Z,129 Branch,unspecified,Single file archive base64 content length isn't being properly calculated in some cases
1902032,Firefox,Sidebar,RESOLVED,FIXED,--,--,2024-06-12T15:08:19Z,2024-12-19T05:06:36Z,135 Branch,unspecified,Ensure applicable tabbrowser tests also run with vertical -tabs enabled
1902051,Firefox,Sidebar,RESOLVED,FIXED,S4,P5,2024-06-12T16:10:12Z,2024-06-14T20:56:50Z,129 Branch,unspecified,Intermittent browser/components/sidebar/tests/browser/browser_sidebar_prefs.js | single tracking bug
1902052,Firefox,Address Bar,VERIFIED,FIXED,S3,P1,2024-06-12T16:12:15Z,2024-08-05T22:04:15Z,131 Branch,unspecified,Dedicated search button should be keyboard navigatable
1902056,Firefox,Sidebar,RESOLVED,FIXED,--,P1,2024-06-12T16:26:45Z,2024-09-26T09:52:51Z,132 Branch,unspecified,"Update strings for Sidebar toolbarbutton, close button and Customize Sidebar visibility settings"
1902063,Firefox,New Tab Page,VERIFIED,FIXED,S4,P3,2024-06-12T17:11:03Z,2024-07-27T09:08:48Z,130 Branch,Firefox 129,Wallpaper attribution text hangs awkwardly in the middle when shortcuts are disabled
1902099,Firefox,New Tab Page,RESOLVED,FIXED,--,--,2024-06-12T18:44:00Z,2024-06-28T16:18:32Z,129 Branch,unspecified,Add thumbs up/down UI to Recommended Stories cards
1902109,Firefox,New Tab Page,VERIFIED,FIXED,--,--,2024-06-12T19:16:12Z,2024-06-20T23:07:53Z,129 Branch,unspecified,Home and newtab wallpapers v2 fixing lint rule for fluent dom
1902122,Firefox,Messaging System,RESOLVED,FIXED,--,P1,2024-06-12T20:31:33Z,2024-07-04T19:15:02Z,---,unspecified,"Skylight - Add ""first screen"" title to Looker dashboards"
1902125,Firefox,Messaging System,RESOLVED,FIXED,--,P2,2024-06-12T20:36:50Z,2024-07-02T21:01:07Z,---,unspecified,"Skylight - Remove ""other rate"" value from Looker dashboards"
1902134,Firefox,Security,RESOLVED,FIXED,N/A,--,2024-06-12T21:10:25Z,2024-06-18T09:54:54Z,129 Branch,unspecified,expand cert/tls error page telemetry to investigate events with empty error strings
1902154,Firefox,New Tab Page,RESOLVED,FIXED,S3,P1,2024-06-12T22:47:44Z,2024-06-18T09:54:58Z,129 Branch,unspecified,New Tab Weather Widget: Error message has legibility issues when a wallpaper is selected
1902191,Firefox,General,RESOLVED,FIXED,--,--,2024-06-13T03:10:11Z,2024-06-17T21:47:48Z,129 Branch,unspecified,Remove or update metrics expiring in Firefox 130: privacy.sanitize.*
1902210,Firefox,Menus,VERIFIED,FIXED,S2,--,2024-06-13T06:35:25Z,2024-06-13T17:51:07Z,129 Branch,Firefox 129,About Nightly window no longer opens
1902237,Firefox,Address Bar,VERIFIED,FIXED,S3,P3,2024-06-13T09:13:31Z,2024-07-17T15:35:43Z,130 Branch,unspecified,Enable untrimOnUserInteraction and trimHttps with ScotchBonnet
1902252,Firefox,Tabbed Browser,VERIFIED,FIXED,S3,P3,2024-06-13T11:37:47Z,2024-07-26T04:00:00Z,130 Branch,Trunk,Tab hover preview is blurry at higher DPIs
1902254,Firefox,Translations,VERIFIED,FIXED,S3,P2,2024-06-13T11:53:54Z,2024-06-14T09:47:00Z,129 Branch,Firefox 128,The panel glitches when resized to the edge of the screen on Ubuntu22 + wayland window protocol
1902303,Firefox,Screenshots,VERIFIED,FIXED,S3,P3,2024-06-13T14:27:21Z,2024-06-25T21:35:44Z,129 Branch,Firefox 127,screenshot not working properly with highlighted text
1902314,Firefox,Toolbars and Customization,RESOLVED,FIXED,S3,P1,2024-06-13T14:59:19Z,2024-06-18T09:55:06Z,129 Branch,unspecified,Consolidate toolbarpaletteitem rules
1902323,Firefox,Search,VERIFIED,FIXED,N/A,P2,2024-06-13T15:16:54Z,2024-06-20T23:08:01Z,129 Branch,unspecified,Application Provided Search Engine Icons are not displayed if they are svg based
1902330,Firefox,Address Bar,RESOLVED,FIXED,S3,P3,2024-06-13T15:46:32Z,2024-06-24T21:37:06Z,129 Branch,unspecified,Create UrlbarSearchTermsPersistence component and implement test cases
1902336,Firefox,Profile Backup,RESOLVED,FIXED,N/A,P3,2024-06-13T16:06:30Z,2024-07-13T09:17:07Z,130 Branch,unspecified,Recovered payment methods need to be decrypted and reencrypted with the OSKeyStore
1902341,Firefox,Screenshots,RESOLVED,FIXED,S3,P1,2024-06-13T16:31:48Z,2024-06-15T21:34:20Z,129 Branch,unspecified,Windows fallback filename is too short
1902342,Firefox,Bookmarks & History,VERIFIED,FIXED,S4,P3,2024-06-13T16:33:37Z,2024-09-03T16:25:40Z,132 Branch,Firefox 131,"Bookmarks Toolbar briefly shows placeholder message (""For quick access, place your bookmarks here..."") on every new Firefox window, sometimes alongside my first bookmark"
1902424,Firefox,Messaging System,RESOLVED,FIXED,--,P1,2024-06-13T20:04:25Z,2024-06-18T18:55:18Z,---,unspecified,Skylight - Fix treamtment-b dashboard lossage
1902430,Firefox,Tabbed Browser,RESOLVED,FIXED,--,--,2024-06-13T20:41:02Z,2024-07-03T04:10:35Z,129 Branch,unspecified,Update strings for close duplicate tabs in tab overview menu
1902439,Firefox,Shell Integration,RESOLVED,FIXED,S4,P3,2024-06-13T22:04:43Z,2025-05-21T09:28:47Z,140 Branch,unspecified,Missing status checks in WriteBitmap()
1902537,Firefox,Address Bar,VERIFIED,FIXED,N/A,P2,2024-06-13T23:36:54Z,2024-07-20T09:17:12Z,130 Branch,unspecified,Create and show localized search restrict keywords results when users type @
1902551,Firefox,Shell Integration,RESOLVED,FIXED,S4,P5,2024-06-14T00:46:25Z,2024-06-14T20:57:29Z,129 Branch,unspecified,Perma [tier 2] /builds/worker/checkouts/gecko/browser/modules/WindowsJumpLists.sys.mjs:311:22 | Use of unknown interface Ci.nsILegacyJumpListShortcut (mozilla/valid-ci-uses)
1902583,Firefox,Translations,RESOLVED,FIXED,S4,P5,2024-06-14T04:51:25Z,2024-06-14T20:57:33Z,129 Branch,unspecified,"Intermittent [TV] browser/components/translations/tests/browser/browser_translations_select_telemetry_keypresses_try_again_button.js | This test exceeded the timeout threshold. It should be rewritten or split up. If that's not possible, use requestLongerT"
1902619,Firefox,Tabbed Browser,VERIFIED,FIXED,S4,P3,2024-06-14T09:30:32Z,2024-08-01T04:19:35Z,130 Branch,unspecified,Tab preview flickers when the browser is moved to the bottom part of the screen
1902639,Firefox,Tabbed Browser,VERIFIED,FIXED,S3,P1,2024-06-14T11:35:53Z,2024-06-26T04:10:19Z,129 Branch,unspecified,Tab preview is displayed for the previous hovered tab when moving the cursor to another tab at the right moment if the image preview is disabled
1902649,Firefox,PDF Viewer,RESOLVED,FIXED,--,--,2024-06-14T12:28:19Z,2024-06-16T09:01:03Z,129 Branch,unspecified,Update PDF.js to new version e3caa3c6eeda90099dd03b451b6b4788746455b3 from 2024-06-14 08:48:18
1902656,Firefox,Sidebar,RESOLVED,FIXED,--,--,2024-06-14T13:13:39Z,2024-08-06T21:14:09Z,131 Branch,unspecified,Update all strings for the sidebar
1902667,Firefox,Sidebar,RESOLVED,FIXED,--,--,2024-06-14T14:04:35Z,2024-11-05T20:51:46Z,134 Branch,unspecified,Add new trigger and callout for sidebar survey
1902683,Firefox,Screenshots,VERIFIED,FIXED,S3,--,2024-06-14T15:22:49Z,2024-06-15T21:34:29Z,129 Branch,unspecified,Screenshot mode is not exited when Enter key is pressed on the focused Cancel button
1902686,Firefox,Private Browsing,RESOLVED,FIXED,N/A,P3,2024-06-14T15:31:22Z,2026-04-18T08:17:16Z,151 Branch,unspecified,Enable the reset pbm feature for release
1902711,Firefox,Translations,VERIFIED,FIXED,S3,P2,2024-06-14T17:29:00Z,2024-06-16T09:01:09Z,129 Branch,unspecified,TranslationsParent.getTopPreferredSupportedToLang returns false positives
1902753,Firefox,Menus,RESOLVED,FIXED,--,--,2024-06-14T20:37:18Z,2024-06-14T20:42:47Z,129 Branch,unspecified,Failed to navigate to link from `History`
1902826,Firefox,Translations,RESOLVED,FIXED,S4,P5,2024-06-15T09:05:01Z,2024-06-24T12:49:06Z,---,unspecified,Intermittent browser/components/translations/tests/browser/browser_translations_select_telemetry_keypresses_try_again_button_init_failure.js | single tracking bug
1902854,Firefox,Translations,RESOLVED,FIXED,S4,P5,2024-06-15T15:08:27Z,2026-06-03T09:31:26Z,153 Branch,unspecified,Perma browser/components/translations/tests/browser/browser_translations_select_telemetry_keypresses_try_again_button_translation_failure.js | single tracking bug
1902859,Firefox,Translations,RESOLVED,FIXED,--,P3,2024-06-15T16:34:56Z,2024-07-16T21:50:23Z,130 Branch,unspecified,Improve Select Translations Multi-Locale Preferred Language Tests
1902885,Firefox,Search,VERIFIED,FIXED,S2,P2,2024-06-16T03:37:31Z,2024-07-11T07:47:56Z,130 Branch,Firefox 127,Unable to actually delete search history item of Search bar using DEL key
1902921,Firefox,New Tab Page,VERIFIED,FIXED,--,--,2024-06-16T17:12:05Z,2025-05-14T09:38:22Z,140 Branch,unspecified,Home and newtab post v1 we'll need a single pref
1902948,Firefox,New Tab Page,VERIFIED,FIXED,--,--,2024-06-17T03:13:56Z,2024-06-18T09:55:14Z,129 Branch,unspecified,Home and newtab wallpaper categories menu and weather widget cleanup for RTL
1902969,Firefox,Data Loss Prevention,VERIFIED,FIXED,S3,--,2024-06-17T07:28:16Z,2024-06-29T09:43:29Z,129 Branch,unspecified,Moving the Tab with the Warning Dialog displayed to a New Window results in a blank Tab
1903042,Firefox,Tabbed Browser,VERIFIED,FIXED,S3,P2,2024-06-17T13:26:31Z,2024-07-18T04:05:14Z,130 Branch,Trunk,Tab hover preview will not show from the start after closing some panel menus
1903045,Firefox,Remote Settings Client,RESOLVED,FIXED,--,--,2024-06-17T13:41:36Z,2024-06-27T15:40:42Z,129 Branch,Firefox 128,about:support started to fail to load details with empty settings data.safe.bin
1903064,Firefox,Profile Backup,RESOLVED,FIXED,N/A,P3,2024-06-17T14:27:42Z,2024-06-29T09:43:40Z,129 Branch,unspecified,Do not allow backups to be recovered in browser versions older than the one that created the backup
1903087,Firefox,Translations,VERIFIED,FIXED,S3,P2,2024-06-17T15:13:27Z,2024-06-18T09:55:22Z,129 Branch,unspecified,SelectTranslationsPanel cached docLangTag is not correctly updated between panel opens
1903092,Firefox,Translations,VERIFIED,FIXED,S3,P3,2024-06-17T15:54:02Z,2024-06-21T19:37:31Z,---,Firefox 128,Translations from LTR to RTL languages and vice-versa are not working / Persian si not supported in Beta128
1903111,Firefox,Search,RESOLVED,FIXED,N/A,P2,2024-06-17T18:07:32Z,2024-06-20T04:11:36Z,129 Branch,unspecified,Expand `searchTermFromResult` to skip strict param matching
1903112,Firefox,Session Restore,RESOLVED,FIXED,N/A,P2,2024-06-17T18:10:07Z,2025-06-24T09:48:45Z,142 Branch,unspecified,Extend local logging to cover session serialization and backup writing and add telemetry
1903114,Firefox,Translations,RESOLVED,FIXED,--,P3,2024-06-17T18:35:18Z,2024-06-18T09:55:26Z,129 Branch,unspecified,Remove unused CSS rule from SelectTranslationsPanel
1903117,Firefox,Profile Backup,RESOLVED,FIXED,N/A,P3,2024-06-17T19:29:45Z,2024-07-09T09:52:38Z,130 Branch,unspecified,Set up download link when viewing the single-file archive on a non-Mozilla web browser
1903123,Firefox,New Tab Page,VERIFIED,FIXED,--,--,2024-06-17T20:26:29Z,2024-06-20T23:08:11Z,129 Branch,unspecified,Change default behavior for F/C
1903127,Firefox,Profile Backup,RESOLVED,FIXED,N/A,P3,2024-06-17T20:42:15Z,2024-07-05T04:44:43Z,129 Branch,unspecified,Move the single-file archive to the user configured path with a localized filename
1903145,Firefox,Address Bar,VERIFIED,FIXED,S4,P3,2024-06-17T21:44:32Z,2024-07-03T04:10:38Z,129 Branch,unspecified,Opening dedicated search button should close urlbar
1903146,Firefox,Address Bar,RESOLVED,FIXED,S3,P1,2024-06-17T22:00:10Z,2024-06-27T15:40:46Z,129 Branch,unspecified,Remove experimental.searchButton pref + code
1903151,Firefox,Translations,RESOLVED,FIXED,S4,P5,2024-06-17T22:37:54Z,2024-06-18T21:45:35Z,129 Branch,unspecified,Perma OS X 11 WebRender Shippable browser/components/translations/tests/browser/browser_translations_select_telemetry_keypresses_try_again_button_init_failure.js | betaIcon is visible. -
1903160,Firefox,Address Bar,RESOLVED,FIXED,--,--,2024-06-17T23:30:17Z,2024-06-21T10:16:03Z,129 Branch,unspecified,Display Sponsored and non-Sponsored Suggestions at the Top of Firefox Suggest Section
1903221,Firefox,Theme,RESOLVED,FIXED,--,--,2024-06-18T08:51:44Z,2024-06-18T16:24:00Z,129 Branch,unspecified,Move #PopupAutoComplete rules from browser/base/content/browser.css to autocomplete.css
1903228,Firefox,Tours,RESOLVED,FIXED,--,--,2024-06-18T09:23:15Z,2024-06-18T16:24:05Z,129 Branch,unspecified,Move UI Tour rules from browser/base/content/browser.css to UITour.css
1903236,Firefox,Theme,RESOLVED,FIXED,--,--,2024-06-18T09:52:51Z,2024-06-18T16:24:09Z,129 Branch,unspecified,Move .unified-nav-current rule to browser-shared.css
1903238,Firefox,Theme,RESOLVED,FIXED,--,--,2024-06-18T09:58:57Z,2024-06-18T16:24:14Z,129 Branch,unspecified,Remove obsolete .popup-anchor rule
1903241,Firefox,Theme,RESOLVED,FIXED,--,--,2024-06-18T10:05:33Z,2024-06-18T16:24:17Z,129 Branch,unspecified,Move sidebar rules to sidebar.css
1903247,Firefox,Search,RESOLVED,FIXED,--,--,2024-06-18T11:01:16Z,2024-06-27T09:35:13Z,129 Branch,unspecified,Remove SearchEngine.searchForm
1903266,Firefox,Address Bar,VERIFIED,FIXED,S3,P2,2024-06-18T12:08:26Z,2024-07-20T09:17:23Z,130 Branch,unspecified,Copied URL from loading new tab does not include https:// scheme
1903291,Firefox,Tabbed Browser,VERIFIED,FIXED,S3,P2,2024-06-18T13:19:23Z,2024-08-01T14:41:23Z,---,Trunk,Noticeable transition when tab preview updates the image making it look like there is a flicker when transitioning between tab previews
1903310,Firefox,Firefox Accounts,RESOLVED,FIXED,--,--,2024-06-18T14:33:15Z,2024-07-12T04:19:26Z,130 Branch,unspecified,Enable identity.fxaccounts.telemetry.clientAssociationPing.enabled by default
1903313,Firefox,Firefox Accounts,VERIFIED,FIXED,--,--,2024-06-18T14:51:31Z,2024-06-22T14:51:44Z,129 Branch,unspecified,"Perma TEST-UNEXPECTED-FAIL | services/fxaccounts/tests/browser/browser_verify_remotetabs_notif.js | ""1 Firefox tab closed"" == ""1 Nightly tab closed"" when Gecko 129 merges to beta on 2024-07-08"
1903354,Firefox,New Tab Page,RESOLVED,FIXED,--,--,2024-06-18T17:06:32Z,2024-06-28T09:36:46Z,129 Branch,unspecified,"Change the ""Weather data is not available right now."" error's text color from dark red to a less-noticeable gray color"
1903364,Firefox,Address Bar,VERIFIED,FIXED,S4,P1,2024-06-18T17:38:50Z,2024-06-19T21:44:33Z,129 Branch,unspecified,Search Mode Switcher doesnt show when scotchBonner.overrideEnabled is set true
1903376,Firefox,Address Bar,RESOLVED,FIXED,N/A,P3,2024-06-18T18:38:04Z,2024-10-02T09:55:40Z,133 Branch,unspecified,Move this.window.gBrowser.selectedBrowser.searchTerms to #browserStates WeakMap
1903378,Firefox,Menus,VERIFIED,FIXED,--,--,2024-06-18T18:45:42Z,2024-06-21T22:00:56Z,129 Branch,unspecified,'Recently Closed Tabs' menu item command in 'History' menu is disabled when shown for the first time despite tabs closed before - cannot reopen tabs
1903381,Firefox,Profile Backup,RESOLVED,FIXED,N/A,P3,2024-06-18T19:02:40Z,2024-06-21T22:01:00Z,129 Branch,unspecified,Blow away recovery.zip intermediate file if decryption fails
1903391,Firefox,Translations,VERIFIED,FIXED,--,P3,2024-06-18T19:33:44Z,2024-06-19T10:02:54Z,129 Branch,unspecified,Send From- and To-Language Changes to SelectTranslationsPanel Telemetry
1903392,Firefox,Translations,VERIFIED,FIXED,--,P3,2024-06-18T19:33:46Z,2024-06-19T10:03:00Z,129 Branch,unspecified,Send Source Language Changes to SelectTranslationsPanel Telemetry
1903393,Firefox,Translations,VERIFIED,FIXED,--,P3,2024-06-18T19:33:47Z,2024-06-19T10:03:06Z,129 Branch,unspecified,Send The Text Source to SelectTranslationsPanel Telemetry
1903416,Firefox,Messaging System,VERIFIED,FIXED,--,P1,2024-06-18T21:08:37Z,2024-06-25T09:40:08Z,129 Branch,Firefox 128,Allow for turning off guided notifications for set to default on Windows using a pref
1903500,Firefox,Theme,RESOLVED,FIXED,--,--,2024-06-19T08:18:21Z,2024-06-19T21:44:38Z,129 Branch,unspecified,"Move .webextension-browser-action and .webextension-menuitem rules from browser/base/content/browser.css to unified-extensions.css and sidebar.css, respectively"
1903529,Firefox,Messaging System,VERIFIED,FIXED,S3,P1,2024-06-19T11:18:44Z,2024-07-26T04:00:06Z,130 Branch,Firefox 126,[Experiment] The “Add to Firefox” button is displayed again after the user refreshes the page
1903541,Firefox,Theme,RESOLVED,FIXED,--,--,2024-06-19T12:29:36Z,2024-06-20T23:08:25Z,129 Branch,unspecified,Move .notification-anchor-icon and .blocked-permission-icon rules into notification-icons.css
1903544,Firefox,Toolbars and Customization,RESOLVED,FIXED,--,--,2024-06-19T12:37:07Z,2024-06-20T04:11:56Z,129 Branch,unspecified,Remove obsolete rule hiding .addon-banner-item and .panel-banner-item in customize mode
1903579,Firefox,Settings UI,RESOLVED,FIXED,--,--,2024-06-19T14:13:38Z,2024-06-20T04:12:05Z,129 Branch,unspecified,Increase addons and settings sidebar width to accommodate longer labels (both planned items and l10n)
1903584,Firefox,Nimbus Desktop Client,RESOLVED,FIXED,S3,P1,2024-06-19T14:20:16Z,2024-06-20T04:12:10Z,129 Branch,unspecified,PrefFlipsFeature.schema.json is invalid
1903588,Firefox,PDF Viewer,VERIFIED,FIXED,S3,P1,2024-06-19T14:40:57Z,2024-11-12T10:12:53Z,134 Branch,Trunk,Tooltip in alt-text button is overflowing with large strings
1903589,Firefox,PDF Viewer,VERIFIED,FIXED,S3,P1,2024-06-19T14:46:23Z,2024-06-24T14:47:17Z,129 Branch,Trunk,The Alt Text is not Copy/Pasted with the added images in a PDF file
1903590,Firefox,Nimbus Desktop Client,RESOLVED,FIXED,S3,P3,2024-06-19T14:52:16Z,2025-05-07T04:23:05Z,140 Branch,unspecified,Validate feature schemas
1903599,Firefox,Address Bar,RESOLVED,FIXED,--,--,2024-06-19T15:14:56Z,2024-06-20T04:12:13Z,129 Branch,unspecified,Move page action button rules from browser/base/content/browser.css to urlbar-searchbar.css
1903602,Firefox,Profile Backup,RESOLVED,FIXED,N/A,P3,2024-06-19T15:35:26Z,2024-06-26T04:10:31Z,129 Branch,unspecified,"Update settings-data-backup-restore-choose string to ""Choose backup file"""
1903606,Firefox,Profile Backup,RESOLVED,FIXED,N/A,P3,2024-06-19T15:42:16Z,2024-06-29T09:43:52Z,129 Branch,unspecified,Don't allow backups to be recovered when the appName does not match
1903608,Firefox,Search,VERIFIED,FIXED,S3,P1,2024-06-19T15:56:09Z,2024-06-21T04:15:41Z,129 Branch,Firefox 128,Pressing enter on search bar settings icon does not open settings.
1903629,Firefox,Profile Backup,RESOLVED,FIXED,N/A,P3,2024-06-19T17:35:06Z,2024-06-23T09:44:36Z,129 Branch,unspecified,Run nsIZipReader.test() on the recovery.zip file before attempting to recover from it
1903633,Firefox,Address Bar,RESOLVED,FIXED,S3,P3,2024-06-19T18:14:54Z,2024-07-23T21:15:28Z,130 Branch,unspecified,Integrate UrlbarSearchTermsPersistence component with remote settings
1903643,Firefox,Messaging System,RESOLVED,FIXED,--,--,2024-06-19T19:28:06Z,2024-06-23T09:44:40Z,129 Branch,unspecified,Clear the feature tour pref before rendering a message in about:messagepreview
1903649,Firefox,New Tab Page,RESOLVED,FIXED,--,--,2024-06-19T20:33:26Z,2024-07-01T16:49:30Z,---,Firefox 127,New Tab Weather Widget has weatherInfoLink with HTTP protocol
1903658,Firefox,Firefox Accounts,RESOLVED,FIXED,S4,P2,2024-06-19T21:48:58Z,2024-11-22T15:56:54Z,134 Branch,unspecified,Enable `identity.fxaccounts.oauth.enabled` pref by default
1903684,Firefox,Messaging System,RESOLVED,FIXED,S4,P1,2024-06-20T01:57:30Z,2024-06-27T09:35:25Z,129 Branch,unspecified,"Perma [tier 2] browser/components/asrouter/tests/browser/browser_spotlight_default_messages.js | Interactive elements must be labeled: id: , tagName: BUTTON, className: primary -"
1903697,Firefox,Messaging System,RESOLVED,FIXED,--,P1,2024-06-20T05:42:44Z,2024-06-25T09:40:18Z,129 Branch,unspecified,Make all bordered tables in ASRouter Admin the same width
1903708,Firefox,Messaging System,RESOLVED,FIXED,--,P3,2024-06-20T06:44:29Z,2024-10-31T04:52:29Z,134 Branch,unspecified,Add support for opening private browsing newtab messages in about:messagepreview
1903721,Firefox,Bookmarks & History,RESOLVED,FIXED,S4,P3,2024-06-20T08:30:35Z,2024-08-08T09:42:19Z,131 Branch,Trunk,Bookmarks import from file throws a browser console error
1903731,Firefox,PDF Viewer,VERIFIED,FIXED,S3,P1,2024-06-20T09:38:29Z,2024-06-24T14:47:50Z,129 Branch,Firefox 127,PDF with non-integer DW is not rendered correctly
1903770,Firefox,PDF Viewer,VERIFIED,FIXED,S3,P1,2024-06-20T12:31:34Z,2024-06-24T14:48:17Z,129 Branch,Trunk,Added images to PDF are moved out of the frame in Presentation mode
1903771,Firefox,Messaging System,RESOLVED,FIXED,S3,P1,2024-06-20T12:33:13Z,2024-06-21T10:16:13Z,129 Branch,unspecified,Remove empty test file in aboutwelcome tests
1903775,Firefox,Address Bar,VERIFIED,FIXED,S4,P3,2024-06-20T12:44:51Z,2024-06-24T21:38:54Z,129 Branch,unspecified,"Perma browser/components/urlbar/tests/browser/browser_UrlbarInput_overflow.js | Check the scheme value after blur - """" == ""https://"" - when Gecko 129 merges to beta on 2024-07-08"
1903805,Firefox,Search,RESOLVED,FIXED,--,P2,2024-06-20T14:31:39Z,2024-06-20T23:08:30Z,129 Branch,unspecified,Add additional allowed characters to search-config-icons filter expression pattern
1903809,Firefox,Theme,RESOLVED,FIXED,--,--,2024-06-20T14:45:26Z,2024-06-20T23:08:34Z,129 Branch,unspecified,Move emptyplacesresult rule from browser/base/content/browser.css to panelUI-shared.css
1903812,Firefox,Theme,RESOLVED,FIXED,--,--,2024-06-20T14:53:36Z,2024-06-21T22:01:15Z,129 Branch,unspecified,Move firefoxviewhidden rule from browser/base/content/browser.css to tabs.css
1903813,Firefox,Toolbars and Customization,RESOLVED,FIXED,S4,P1,2024-06-20T15:00:55Z,2024-06-21T04:15:54Z,129 Branch,unspecified,Move toolbartabstop rule from browser/base/content/browser.css to toolbarbuttons.css
1903820,Firefox,Settings UI,RESOLVED,FIXED,S3,P1,2024-06-20T15:22:24Z,2024-06-25T09:40:27Z,129 Branch,unspecified,Update intro language on settings experimental page
1903826,Firefox,Address Bar,RESOLVED,FIXED,N/A,P3,2024-06-20T15:50:24Z,2025-12-17T09:23:31Z,148 Branch,unspecified,test_UrlbarSearchUtils.js should not depend on application provided engines
1903833,Firefox,Messaging System,RESOLVED,FIXED,--,P2,2024-06-20T16:20:32Z,2025-07-18T00:36:49Z,---,unspecified,"Skylight - Remove ""(Partial list)"" from Message section title"
1903834,Firefox,Messaging System,RESOLVED,FIXED,--,P1,2024-06-20T16:23:50Z,2024-07-23T15:30:49Z,---,unspecified,Skylight - Improve message surface tag readability
1903838,Firefox,Translations,VERIFIED,FIXED,S3,P3,2024-06-20T16:46:18Z,2024-06-21T04:15:58Z,129 Branch,unspecified,SelectTranslationsPanel does not report the to-language-changed event to telemetry if both languages are changed prior to retranslation
1903841,Firefox,Messaging System,RESOLVED,FIXED,S3,P1,2024-06-20T16:52:25Z,2024-06-29T09:44:01Z,129 Branch,unspecified,Remove ghost shadow on feature callout on MacOS
1903843,Firefox,Messaging System,RESOLVED,FIXED,--,P1,2024-06-20T17:00:17Z,2024-06-25T14:04:59Z,---,unspecified,Skylight - Revise chevron icon for collapsible menus
1903853,Firefox,Messaging System,RESOLVED,FIXED,--,P1,2024-06-20T17:52:01Z,2024-06-25T14:04:09Z,---,unspecified,Skylight - Keep Rollout section open/collapsed by default
1903885,Firefox,Messaging System,RESOLVED,FIXED,S3,P1,2024-06-20T20:04:19Z,2024-06-23T09:45:06Z,129 Branch,unspecified,Enable about:messagepreview hint for release builds
1903888,Firefox,Tabbed Browser,VERIFIED,FIXED,--,--,2024-06-20T20:29:54Z,2024-06-24T21:39:26Z,129 Branch,unspecified,Close duplicate tab confirmation message only appears if 2 or more tabs are closed
1903903,Firefox,Address Bar,RESOLVED,FIXED,S4,P5,2024-06-20T22:23:35Z,2025-02-18T04:52:52Z,137 Branch,unspecified,Intermittent browser/components/urlbar/tests/browser/browser_secondaryActions.js | single tracking bug
1903938,Firefox,Firefox Accounts,RESOLVED,FIXED,--,--,2024-06-21T00:56:32Z,2024-06-28T16:18:52Z,129 Branch,unspecified,Cleanup fxa commands so they are better able to support new commands
1903951,Firefox,Sync,RESOLVED,FIXED,--,--,2024-06-21T02:13:27Z,2024-07-20T09:17:31Z,130 Branch,unspecified,Investigate ways to ensure remote tabs push gets sent as browser starts
1903954,Firefox,Sync,RESOLVED,FIXED,--,--,2024-06-21T02:43:14Z,2024-06-23T09:45:28Z,129 Branch,unspecified,Remove pref check for broadcasting close tab keys
1903996,Firefox,Toolbars and Customization,RESOLVED,FIXED,--,--,2024-06-21T09:11:11Z,2024-06-21T22:01:27Z,129 Branch,unspecified,Make customizing and mousedown proper boolean attributes
1904001,Firefox,Theme,RESOLVED,FIXED,--,--,2024-06-21T09:34:02Z,2024-06-28T16:18:58Z,129 Branch,unspecified,Merge .bookmark-item and crisp favicon rendering rules from browser/base/content/browser.css into panelUI-shared.css and toolbarbutton-icons.css
1904014,Firefox,Search,VERIFIED,FIXED,N/A,P2,2024-06-21T10:30:53Z,2024-07-08T16:36:14Z,130 Branch,unspecified,Remove function to do an empty search using the search bar one-off buttons.
1904029,Firefox,Menus,RESOLVED,FIXED,--,--,2024-06-21T11:58:26Z,2024-06-21T22:01:34Z,129 Branch,unspecified,View > Toolbars in the menubar is not correctly initialized
1904036,Firefox,Address Bar,RESOLVED,FIXED,N/A,P3,2024-06-21T12:45:20Z,2024-06-27T09:36:31Z,129 Branch,unspecified,Split Search and Address Bar governance modules into separate modules
1904066,Firefox,Messaging System,RESOLVED,FIXED,--,P1,2024-06-21T14:42:05Z,2024-07-12T13:39:12Z,---,Firefox 128,[Experiment] Configure and Launch 1-Click Set to Default in First Run Onboarding
1904077,Firefox,Theme,RESOLVED,FIXED,--,--,2024-06-21T15:37:28Z,2024-06-29T09:44:10Z,129 Branch,unspecified,Merge Stop and Reload button rules from browser/base/content/browser.css and toolbarbutton-icons.css into toolbarbuttons.css
1904080,Firefox,Messaging System,RESOLVED,FIXED,S3,P1,2024-06-21T15:55:05Z,2024-07-16T17:24:32Z,---,unspecified,[Experiment] Configure and Launch 1-Click Set to Default in First Run Existing User
1904089,Firefox,Settings UI,RESOLVED,FIXED,S4,P5,2024-06-21T16:29:37Z,2024-07-17T04:13:15Z,130 Branch,unspecified,Match Experimental heading/description/button to expected UX/Design System standards
1904094,Firefox,Settings UI,RESOLVED,FIXED,N/A,P2,2024-06-21T16:41:03Z,2024-07-30T03:05:26Z,130 Branch,unspecified,Match experimental select styling with other form components
1904104,Firefox,Messaging System,RESOLVED,FIXED,--,P1,2024-06-21T17:05:49Z,2024-06-25T15:20:01Z,---,unspecified,Skylight - Update section subtitle font
1904120,Firefox,PDF Viewer,RESOLVED,FIXED,--,--,2024-06-21T18:17:58Z,2024-06-24T21:39:49Z,129 Branch,unspecified,Update PDF.js to new version f9ff613e56dca65b95ce9e10d13350008b523979 from 2024-06-21 14:13:54
1904146,Firefox,Profile Backup,RESOLVED,FIXED,N/A,P3,2024-06-21T20:44:50Z,2024-07-04T09:01:02Z,129 Branch,unspecified,Update GetBackupFileInfo event handler in BackupUIParent to call sampleArchive
1904147,Firefox,Profile Backup,RESOLVED,FIXED,N/A,P3,2024-06-21T21:01:53Z,2024-06-28T09:36:53Z,129 Branch,unspecified,Update RestoreFromBackupFile event handler in BackupUIParent to call recoverFromBackupArchive
1904160,Firefox,File Handling,RESOLVED,FIXED,S3,P1,2024-06-21T22:13:35Z,2024-07-09T09:52:52Z,130 Branch,unspecified,Add new method `GetPreferredDownloadsDirectory()` to `nsIExternalHelperAppService`
1904210,Firefox,Sidebar,RESOLVED,FIXED,S3,P1,2024-06-22T20:26:43Z,2024-07-31T03:54:05Z,130 Branch,unspecified,Adjust default sidebar and sidebar panel widths
1904228,Firefox,Untriaged,VERIFIED,FIXED,--,--,2024-06-23T03:21:58Z,2024-06-25T09:40:41Z,129 Branch,Firefox 128,MLB box scores hard to read
1904262,Firefox,PDF Viewer,RESOLVED,FIXED,S3,P3,2024-06-23T21:04:14Z,2024-11-08T11:53:44Z,---,unspecified,Local file inclusion vulnerability in pdf.js local testing web server
1904302,Firefox,Bookmarks & History,RESOLVED,FIXED,--,--,2024-06-24T10:58:57Z,2024-06-27T09:37:07Z,129 Branch,unspecified,Remove inline event handlers from placesCommands
1904337,Firefox,Profile Backup,RESOLVED,FIXED,N/A,P3,2024-06-24T13:38:07Z,2024-06-28T09:36:58Z,129 Branch,unspecified,Stop backing up signedInUser.json
1904341,Firefox,Search,RESOLVED,FIXED,N/A,P3,2024-06-24T13:45:38Z,2025-05-22T09:11:16Z,140 Branch,unspecified,Investigate sources of an unknown reason for search.engine.default.changed telemetry
1904345,Firefox,Messaging System,RESOLVED,FIXED,S4,P1,2024-06-24T13:58:13Z,2024-07-03T21:36:43Z,129 Branch,unspecified,Perma documentation ./mach doc | Error: 31 new warnings have been introduced compared to the limit in docs/config.yml
1904355,Firefox,Translations,VERIFIED,FIXED,--,--,2024-06-24T14:30:41Z,2024-07-17T04:13:20Z,130 Branch,unspecified,Allow SelectTranslationsPanel while Full Page Translations is Active
1904386,Firefox,Messaging System,RESOLVED,FIXED,S3,P1,2024-06-24T17:14:47Z,2024-06-27T09:37:22Z,129 Branch,unspecified,Calling clearUserPref with a null value causes feature callout previews to break
1904388,Firefox,Messaging System,RESOLVED,FIXED,--,P1,2024-06-24T17:30:23Z,2024-06-27T14:29:27Z,---,unspecified,[Skylight] make experiment dashboards only show time experiment was live
1904389,Firefox,Messaging System,RESOLVED,FIXED,S3,P1,2024-06-24T17:32:27Z,2024-07-01T16:47:22Z,---,unspecified,[Skylight] make inline CTR numbers cover the entire graph rather than the last day
1904415,Firefox,Translations,RESOLVED,FIXED,--,P3,2024-06-24T19:21:04Z,2025-12-05T20:38:26Z,---,unspecified,[meta] CJK Translations In Firefox
1904426,Firefox,PDF Viewer,RESOLVED,FIXED,--,--,2024-06-24T19:54:43Z,2024-07-09T09:52:58Z,130 Branch,unspecified,"Replace ""browser/branding/unofficial/content/document_pdf.svg"" by one without a Firefox logo"
1904436,Firefox,Shell Integration,VERIFIED,FIXED,--,P3,2024-06-24T20:39:29Z,2024-08-07T21:52:26Z,131 Branch,unspecified,Implement private browser pinning using new taskbar APIs
1904441,Firefox,Messaging System,RESOLVED,FIXED,--,P2,2024-06-24T21:07:47Z,2025-02-06T04:09:24Z,137 Branch,unspecified,Write tests to cover about:messagepreview now that it's being used regularly
1904478,Firefox,Settings UI,RESOLVED,FIXED,S4,P5,2024-06-25T02:50:08Z,2024-06-25T21:36:25Z,129 Branch,unspecified,Perma [Tier 2] browser/components/preferences/tests/browser_experimental_features_resetall.js | single tracking bug
1904585,Firefox,PDF Viewer,RESOLVED,FIXED,--,P1,2024-06-25T13:54:44Z,2024-06-29T09:44:45Z,129 Branch,unspecified,Add some chrome events for watching pdf.js
1904594,Firefox,New Tab Page,RESOLVED,FIXED,--,--,2024-06-25T14:33:02Z,2024-06-29T09:44:50Z,129 Branch,unspecified,Home and newtab switch Pocket recs to Merino
1904613,Firefox,Search,RESOLVED,FIXED,N/A,P5,2024-06-25T15:28:06Z,2026-05-15T21:23:15Z,152 Branch,unspecified,Remove the old application provided WebExtension based search engines from the source code
1904623,Firefox,Translations,RESOLVED,FIXED,S3,--,2024-06-25T15:47:25Z,2025-01-15T20:06:50Z,---,unspecified,YouTube is quite slow for translations
1904630,Firefox,Messaging System,VERIFIED,FIXED,--,P1,2024-06-25T16:03:02Z,2024-07-15T21:17:18Z,130 Branch,unspecified,Remove existing default bookmarks in toolbar to be replaced by a bookmark style configurable messaging surface
1904633,Firefox,New Tab Page,RESOLVED,FIXED,--,--,2024-06-25T16:10:31Z,2024-07-19T09:58:37Z,130 Branch,unspecified,Retain context menu for Weather widget in error state
1904640,Firefox,Sidebar,RESOLVED,FIXED,--,--,2024-06-25T16:24:32Z,2024-07-09T09:41:36Z,130 Branch,Firefox 129,Misaligned Favicon on Vertical Tab
1904655,Firefox,PDF Viewer,RESOLVED,FIXED,--,--,2024-06-25T17:17:18Z,2024-07-02T09:37:36Z,129 Branch,unspecified,"389.5 - 2.01% pdfpaint bug1260585.pdf / pdfpaint issue15577.pdf + 427 more (Linux, OSX, Windows) regression on Sat June 15 2024"
1904656,Firefox,New Tab Page,VERIFIED,FIXED,--,P1,2024-06-25T17:22:36Z,2024-07-15T21:17:23Z,130 Branch,unspecified,Create modal for selecting Pocket card feed topics
1904657,Firefox,New Tab Page,RESOLVED,FIXED,--,P1,2024-06-25T17:24:28Z,2024-07-17T09:15:34Z,130 Branch,unspecified,Add topic labels to Pocket cards
1904681,Firefox,Messaging System,RESOLVED,FIXED,S3,P1,2024-06-25T18:59:20Z,2024-06-27T14:40:45Z,---,unspecified,"[Experimenter] Land advanced targeting for existing users, need default, on Windows10+ (build 18362)"
1904714,Firefox,Settings UI,RESOLVED,FIXED,N/A,P1,2024-06-25T21:16:23Z,2024-07-09T09:53:04Z,130 Branch,unspecified,"Rename ""Nightly Experiments"" to ""Firefox Labs"""
1904727,Firefox,Profile Backup,RESOLVED,FIXED,S3,P3,2024-06-25T23:04:18Z,2024-06-27T09:38:07Z,129 Branch,unspecified,Encryption checkbox in settings page does not show correct encryption state on startup
1904770,Firefox,PDF Viewer,RESOLVED,FIXED,--,P1,2024-06-26T07:36:51Z,2024-06-27T09:38:28Z,129 Branch,unspecified,Correctly close pdf.js in the tests
1904779,Firefox,PDF Viewer,RESOLVED,FIXED,--,P1,2024-06-26T08:27:35Z,2024-06-29T09:45:07Z,129 Branch,unspecified,Update PDF.js to new version 2fbd61944b88d67a2df97ae8a3ac1fa86f7b4092 from 2024-06-25 19:15:15
1904798,Firefox,Protections UI,RESOLVED,FIXED,N/A,P1,2024-06-26T10:24:58Z,2024-07-10T16:11:05Z,130 Branch,unspecified,Remove inline event handlers from protections popup
1904802,Firefox,Theme,RESOLVED,FIXED,--,--,2024-06-26T11:05:27Z,2024-06-27T09:38:42Z,129 Branch,Firefox 128,.title icon in info-pages may be cropped
1904828,Firefox,Sidebar,VERIFIED,FIXED,--,--,2024-06-26T12:39:37Z,2024-08-07T22:12:55Z,130 Branch,Trunk,The Gen AI Chat Sidebar should open with a bigger default width
1904829,Firefox,Address Bar,RESOLVED,FIXED,S3,P2,2024-06-26T12:41:28Z,2024-07-09T21:47:10Z,130 Branch,Firefox 129,Editing the hidden scheme in the address bar behaves inconsistently
1904848,Firefox,Search,RESOLVED,FIXED,--,--,2024-06-26T13:29:59Z,2024-06-28T09:37:11Z,129 Branch,unspecified,Add test to ensure that search add-on URL updates are reflected correctly
1904860,Firefox,Sidebar,RESOLVED,FIXED,--,--,2024-06-26T13:51:04Z,2026-06-11T04:13:15Z,153 Branch,unspecified,Rename ID for the box container of sidebar-main
1904868,Firefox,Sidebar,RESOLVED,FIXED,--,--,2024-06-26T14:12:26Z,2024-07-02T09:37:51Z,129 Branch,unspecified,Fix leaks from PlacesQuery when closing during a fetch in progress
1904876,Firefox,New Tab Page,RESOLVED,FIXED,--,--,2024-06-26T14:47:32Z,2024-06-27T09:38:54Z,129 Branch,unspecified,Home and newtab weather location search flip on in nightly
1904879,Firefox,Messaging System,RESOLVED,FIXED,--,P1,2024-06-26T14:50:04Z,2024-09-10T16:11:42Z,---,unspecified,[Docs] Create doc for WNP feature
1904910,Firefox,New Tab Page,RESOLVED,FIXED,--,--,2024-06-26T16:47:01Z,2024-06-27T09:38:58Z,129 Branch,unspecified,New Tab Wallpapers: Abstract category doesn't have a label
1904911,Firefox,Address Bar,RESOLVED,FIXED,S3,P3,2024-06-26T16:47:25Z,2024-06-27T15:41:37Z,129 Branch,unspecified,Add ui schema tests for urlbar persisted search terms schemas
1904925,Firefox,Profile Backup,RESOLVED,FIXED,N/A,P3,2024-06-26T17:51:52Z,2024-07-10T21:26:43Z,130 Branch,unspecified,Fix up the backup-settings widget to be closer to the spec
1904945,Firefox,Messaging System,RESOLVED,FIXED,--,P2,2024-06-26T18:45:54Z,2024-11-13T21:57:39Z,134 Branch,unspecified,Land Staff pick addons Treatment A in MC
1904949,Firefox,Profile Backup,RESOLVED,FIXED,N/A,P3,2024-06-26T19:14:20Z,2024-07-04T20:03:33Z,129 Branch,unspecified,Add `cause` codes to exceptions that we expect to map to errors shown to the user
1904961,Firefox,Screenshots,RESOLVED,FIXED,S4,P5,2024-06-26T19:49:16Z,2024-07-01T21:48:38Z,129 Branch,unspecified,Perma OSX TEST-UNEXPECTED-FAIL | browser/components/screenshots/tests/browser/browser_screenshots_test_visible.js | Uncaught exception in test bound test_visibleScreenshotRTL - Waiting for screenshot to copy to clipboard - timed out after 50 tri
1904973,Firefox,Profile Backup,RESOLVED,FIXED,N/A,P3,2024-06-26T21:07:20Z,2024-07-11T09:28:11Z,130 Branch,unspecified,Encryption checkbox in settings page should be hidden when scheduled backups are disabled
1905027,Firefox,Keyboard Navigation,RESOLVED,FIXED,--,P1,2024-06-27T07:43:15Z,2024-12-11T15:39:44Z,135 Branch,Trunk,There should be a Keyboard shortcut for the AI chat sidebar
1905032,Firefox,Private Browsing,RESOLVED,FIXED,N/A,P1,2024-06-27T08:29:49Z,2024-06-30T21:42:03Z,129 Branch,unspecified,Collect telemetry for PBM exit race condition (Bug 1900840)
1905090,Firefox,Messaging System,RESOLVED,FIXED,--,P2,2024-06-27T14:21:04Z,2024-07-25T09:34:20Z,130 Branch,Firefox 129,MSIX Update copy and pin option in about:welcome to call both pin to taskbar and pin to start menu actions
1905095,Firefox,Search,RESOLVED,FIXED,N/A,P2,2024-06-27T14:41:51Z,2024-07-09T09:53:12Z,130 Branch,unspecified,Loosen the heuristic for detecting visibility of ads to at least 50% of its height and/or width
1905100,Firefox,Address Bar,VERIFIED,FIXED,N/A,P2,2024-06-27T14:49:44Z,2024-07-02T09:37:56Z,129 Branch,unspecified,Remove Search Tip related to Persisted Search Terms
1905119,Firefox,Messaging System,VERIFIED,FIXED,S3,P1,2024-06-27T16:01:55Z,2024-07-16T21:50:28Z,130 Branch,Firefox 128,[Experiment] The UI elements of the Cookie Banner Reduction CFR message are wrongly displayed for RTL builds
1905126,Firefox,Search,VERIFIED,FIXED,--,--,2024-06-27T16:47:05Z,2024-06-29T09:45:47Z,129 Branch,unspecified,Add new Qwant icon to the dumps
1905154,Firefox,Profile Backup,RESOLVED,FIXED,S3,P1,2024-06-27T18:17:01Z,2024-07-16T04:12:27Z,130 Branch,unspecified,"Restore dialog should remain open and display ""Restoring..."" while a recovery is in progress."
1905155,Firefox,Messaging System,RESOLVED,FIXED,S4,P1,2024-06-27T18:17:40Z,2024-07-03T14:29:21Z,---,unspecified,[Skylight] make inline CTR numbers cover the entire Infobar dashboard length
1905157,Firefox,Profile Backup,RESOLVED,FIXED,N/A,P3,2024-06-27T18:24:49Z,2024-07-27T09:09:00Z,130 Branch,unspecified,Throw constant values when recovering and map those constants to localized error messages.
1905172,Firefox,Sync,RESOLVED,FIXED,S3,P2,2024-06-27T18:57:04Z,2024-07-25T01:00:58Z,---,unspecified,UX updates for closing tabs remotely feature
1905175,Firefox,Messaging System,VERIFIED,FIXED,S3,P1,2024-06-27T19:02:55Z,2024-07-05T04:44:51Z,129 Branch,unspecified,Land FxA Toolbar Icon Notification by default
1905204,Firefox,Messaging System,RESOLVED,FIXED,S4,P1,2024-06-27T19:27:19Z,2024-07-03T13:40:46Z,---,unspecified,[Skylight] refactor experiment dashboard date logic
1905212,Firefox,Sidebar,RESOLVED,FIXED,S2,P2,2024-06-27T20:13:37Z,2025-11-24T21:58:48Z,147 Branch,unspecified,Investigate fixes for browser/base/content/test/performance/browser_windowopen.js and browser/base/content/test/performance/browser_startup_flicker.js once sidebar.revamp pref is turned on by default
1905216,Firefox,Profile Backup,RESOLVED,FIXED,N/A,P1,2024-06-27T20:45:31Z,2025-10-10T16:30:35Z,145 Branch,unspecified,Move backupSettings.ftl out of preview into the locales folder
1905220,Firefox,New Tab Page,RESOLVED,FIXED,--,--,2024-06-27T21:14:39Z,2024-06-28T09:37:34Z,129 Branch,unspecified,Add pref for topic selection
1905233,Firefox,Profile Backup,RESOLVED,FIXED,N/A,P3,2024-06-27T22:14:32Z,2024-08-07T17:02:01Z,---,unspecified,Consider making the backup password options and input fields reusable inside the backup component
1905258,Firefox,New Tab Page,RESOLVED,FIXED,--,--,2024-06-28T01:40:10Z,2024-07-09T21:47:35Z,130 Branch,unspecified,Thumbs Up/Down UI: Add tests for Notifications and DS Card components
1905259,Firefox,New Tab Page,RESOLVED,FIXED,--,--,2024-06-28T01:42:39Z,2024-07-03T21:36:58Z,129 Branch,unspecified,Add revised thumbs up/down SVG icons and add CSS animation
1905311,Firefox,Theme,RESOLVED,FIXED,--,--,2024-06-28T11:21:33Z,2024-07-01T15:02:51Z,129 Branch,unspecified,Move or remove the rest of browser/base/content/browser.css
1905315,Firefox,Messaging System,RESOLVED,FIXED,--,--,2024-06-28T11:54:13Z,2025-06-26T13:54:34Z,---,unspecified,[META] [QA] [QA-2496] 1 click set to default (First-run onboarding)
1905319,Firefox,New Tab Page,RESOLVED,FIXED,--,--,2024-06-28T12:01:57Z,2024-07-04T09:01:14Z,129 Branch,unspecified,Adjust section padding to account for new card height with thumbs up/down UI
1905322,Firefox,Security,RESOLVED,FIXED,N/A,P1,2024-06-28T12:16:48Z,2024-07-01T21:48:55Z,129 Branch,unspecified,Disable prompts for SuperfluousAuth and AutomaticAuth
1905323,Firefox,Security,RESOLVED,FIXED,N/A,P3,2024-06-28T12:19:37Z,2025-11-26T20:34:31Z,147 Branch,unspecified,Fully remove confirm auth prompts
1905353,Firefox,Address Bar,RESOLVED,FIXED,N/A,P3,2024-06-28T14:09:56Z,2024-07-02T15:23:15Z,129 Branch,unspecified,Set up triage rotation JSON file for Address Bar
1905379,Firefox,Messaging System,RESOLVED,FIXED,--,P1,2024-06-28T15:50:51Z,2024-07-03T21:37:02Z,129 Branch,unspecified,Maybe remove regRename pref check when deciding whether to set default guidance notification check and update tests
1905382,Firefox,Remote Settings Client,RESOLVED,FIXED,--,--,2024-06-28T16:39:17Z,2024-07-01T21:49:03Z,129 Branch,unspecified,Remove unnecessary remote-settings dump exclusions from allowed-dupes.mn
1905413,Firefox,Profile Backup,RESOLVED,FIXED,S4,P5,2024-06-28T19:05:54Z,2024-06-28T20:20:04Z,129 Branch,unspecified,Perma browser/components/backup/tests/xpcshell/test_BackupService.js | single tracking bug
1905464,Firefox,Address Bar,RESOLVED,FIXED,N/A,P1,2024-06-29T02:32:25Z,2024-07-11T09:28:16Z,130 Branch,unspecified,Implement Fakespot suggestions result menu
1905468,Firefox,Screenshots,VERIFIED,FIXED,--,--,2024-06-29T06:11:18Z,2024-07-09T09:53:27Z,130 Branch,unspecified,Content displayed on mouseover is now impossible to capture with Screenshots
1905510,Firefox,Address Bar,VERIFIED,FIXED,S4,P1,2024-06-29T20:21:49Z,2024-07-20T09:17:39Z,130 Branch,unspecified,SearchModeSwitcher opens in wrong window
1905572,Firefox,Address Bar,VERIFIED,FIXED,--,--,2024-07-01T05:03:56Z,2024-07-05T21:12:09Z,129 Branch,unspecified,Hard to see the close button of SearchModeSwitcher in dark mode
1905623,Firefox,PDF Viewer,RESOLVED,FIXED,S3,P1,2024-07-01T09:35:47Z,2024-07-10T21:55:54Z,130 Branch,unspecified,ncode.syosetu.com - Opening a PDF in Firefox shows Japanese vertical punctuation errors
1905630,Firefox,Sidebar,RESOLVED,FIXED,--,P2,2024-07-01T10:15:50Z,2024-10-31T04:52:34Z,134 Branch,unspecified,Update sidebar and chatbot survey strings
1905632,Firefox,General,RESOLVED,FIXED,--,--,2024-07-01T10:16:21Z,2024-07-01T21:49:29Z,129 Branch,unspecified,Remove inline event handlers from mainKeyset
1905635,Firefox,Theme,RESOLVED,FIXED,--,--,2024-07-01T10:30:16Z,2024-07-01T21:49:38Z,129 Branch,unspecified,Use nesting in aboutDialog.css
1905662,Firefox,Firefox View,RESOLVED,FIXED,--,--,2024-07-01T12:24:51Z,2024-07-01T21:49:47Z,129 Branch,unspecified,Update triage rotation
1905668,Firefox,Messaging System,VERIFIED,FIXED,--,--,2024-07-01T12:54:06Z,2024-07-04T11:12:10Z,---,Trunk,[META] [QA] [QA-2508] 1 click set to default (existing user)
1905672,Firefox,Messaging System,VERIFIED,FIXED,S2,--,2024-07-01T12:58:07Z,2024-07-02T11:08:44Z,---,Trunk,[Experiment][Treatment B] The default browser OS settings page is triggered after the “Open my links with Firefox” button from the “Fox Doodle” spotlight is clicked
1905692,Firefox,Sidebar,RESOLVED,FIXED,--,--,2024-07-01T13:59:47Z,2024-07-02T09:38:15Z,129 Branch,unspecified,Remove inline sidebar close button oncommand handler
1905704,Firefox,General,RESOLVED,FIXED,--,--,2024-07-01T14:35:21Z,2024-07-01T21:49:51Z,129 Branch,unspecified,Use single image element for about dialog updater icons
1905721,Firefox,New Tab Page,RESOLVED,FIXED,S3,P1,2024-07-01T15:42:36Z,2024-07-02T09:38:20Z,129 Branch,unspecified,"Firefox fires unknown event: [""activity_stream"", ""event"", ""POCKET_THUMBS_DOWN""] for thumbs down action"
1905726,Firefox,Theme,RESOLVED,FIXED,--,--,2024-07-01T16:23:04Z,2024-07-02T15:23:31Z,129 Branch,unspecified,Remove optional element id from browser theme variable handling
1905737,Firefox,Messaging System,RESOLVED,FIXED,S4,P2,2024-07-01T18:07:57Z,2025-02-03T19:48:42Z,---,unspecified,Intermittent browser/components/aboutwelcome/tests/browser/browser_aboutwelcome_multistage_mr.js | single tracking bug
1905781,Firefox,Messaging System,RESOLVED,FIXED,--,P3,2024-07-01T21:41:36Z,2025-05-21T20:19:13Z,---,unspecified,Experiment Request - Profiles Onboarding
1905864,Firefox,PDF Viewer,RESOLVED,FIXED,--,--,2024-07-02T09:34:42Z,2024-07-04T09:01:32Z,129 Branch,unspecified,Generate a PDF.js default-prefs file that can be used directly in mozilla-central
1905869,Firefox,Sidebar,RESOLVED,FIXED,--,--,2024-07-02T10:07:57Z,2024-07-17T21:24:55Z,130 Branch,unspecified,Add vertical and horizontal tabs options to Customize Sidebar menu
1905892,Firefox,Address Bar,RESOLVED,FIXED,S3,P3,2024-07-02T12:15:45Z,2024-07-12T22:09:15Z,130 Branch,unspecified,Add urlbar-persisted-search-terms dump and create tests
1905922,Firefox,Translations,RESOLVED,FIXED,--,--,2024-07-02T14:40:43Z,2024-07-02T21:30:17Z,129 Branch,unspecified,"Add ""stage"" as a server option for upload-bergamot.py script"
1905923,Firefox,PDF Viewer,RESOLVED,FIXED,--,P1,2024-07-02T14:41:57Z,2024-07-25T09:34:29Z,130 Branch,unspecified,Add enableAltText variable to pdfjs Nimbus feature
1905924,Firefox,PDF Viewer,RESOLVED,FIXED,--,--,2024-07-02T14:43:18Z,2026-04-17T13:07:59Z,---,unspecified,[meta] Alt text generation in PDFs
1905933,Firefox,Shell Integration,RESOLVED,FIXED,S4,P5,2024-07-02T15:26:26Z,2024-07-03T17:31:26Z,129 Branch,unspecified,Intermittent [TV] browser/components/shell/test/browser_setDefaultBrowser.js | Exception thrown - at resource://testing-common/sinon-7.2.7.js:3605 - TypeError: Attempted to wrap sendTriggerMessage which is already wrapped
1905937,Firefox,Launcher Process,RESOLVED,FIXED,--,--,2024-07-02T15:41:10Z,2024-07-09T09:53:38Z,130 Branch,unspecified,Building with `ac_add_options --disable-launcher-process` is currently broken
1905944,Firefox,Tabbed Browser,RESOLVED,FIXED,S4,P5,2024-07-02T16:13:03Z,2025-07-29T16:24:07Z,143 Branch,unspecified,Intermittent browser/components/tabbrowser/test/browser/tabs/browser_tab_preview.js | single tracking bug
1905946,Firefox,New Tab Page,RESOLVED,FIXED,S4,P3,2024-07-02T16:22:58Z,2025-03-04T05:01:04Z,138 Branch,unspecified,npm watchmc doesn't seem to be working in newtab
1905958,Firefox,Session Restore,RESOLVED,FIXED,N/A,P3,2024-07-02T18:42:14Z,2025-05-02T09:49:12Z,140 Branch,unspecified,Create a JSON schema to describe the graph that is serialized for session restore
1905974,Firefox,Sync,RESOLVED,FIXED,--,--,2024-07-02T20:19:31Z,2024-07-23T09:37:55Z,130 Branch,unspecified,[Remote Tab Management] Flip closing tabs remotely feature to be default on
1906017,Firefox,Address Bar,VERIFIED,FIXED,--,--,2024-07-03T00:06:33Z,2024-07-09T09:53:45Z,130 Branch,unspecified,Display Sponsored Suggestions at the bottom if browser.urlbar.showSearchSuggestionsFirst is false
1906022,Firefox,General,RESOLVED,FIXED,S3,P1,2024-07-03T01:14:52Z,2024-07-04T16:11:41Z,129 Branch,Firefox 129,A box with a white outline but without an image was shown to the left of Update to 129.0a1 (2024-07-02) in About Firefox Nightly
1906037,Firefox,Theme,VERIFIED,FIXED,S4,P1,2024-07-03T06:17:59Z,2024-07-04T09:01:40Z,129 Branch,Firefox 122,macOS dialog windows missing tinting after bug 1867854
1906048,Firefox,Address Bar,RESOLVED,FIXED,S4,P3,2024-07-03T08:16:06Z,2026-04-10T08:11:59Z,---,unspecified,Base domain formatting should use display IDN format
1906054,Firefox,Address Bar,VERIFIED,FIXED,S4,P3,2024-07-03T09:02:28Z,2024-08-13T15:50:50Z,131 Branch,unspecified,SearchModeSwitcher icon is not updated when default search engine changes
1906103,Firefox,Address Bar,VERIFIED,FIXED,S2,P1,2024-07-03T13:06:47Z,2024-07-04T20:03:46Z,129 Branch,unspecified,Add localized string for Show Trending Suggestion preference
1906110,Firefox,Address Bar,VERIFIED,FIXED,S3,P3,2024-07-03T13:35:21Z,2024-07-17T15:35:50Z,130 Branch,unspecified,Focusing the urlbar with the mouse sometimes doesn't select all because the URL shifts due to icons inserted/removed before it
1906122,Firefox,Sidebar,RESOLVED,FIXED,S3,--,2024-07-03T14:51:47Z,2024-07-05T04:44:59Z,129 Branch,Trunk,Selecting AI Chatbot or extensions with old sidebar panel switcher when already on that panel closes the sidebar
1906123,Firefox,Tabbed Browser,VERIFIED,FIXED,S3,P2,2024-07-03T14:56:56Z,2024-08-01T04:19:49Z,130 Branch,Trunk,Tab Hover Preview: Very long Preview appears when the window is half of the screen
1906138,Firefox,New Tab Page,RESOLVED,FIXED,--,--,2024-07-03T16:39:06Z,2024-07-03T21:37:22Z,129 Branch,unspecified,Home and newtab turn on merino recs provider for nightly only
1906140,Firefox,Sidebar,RESOLVED,FIXED,N/A,P1,2024-07-03T17:13:32Z,2024-08-06T21:14:15Z,131 Branch,unspecified,Update the labs UI toml file for sidebar and vertical tabs
1906169,Firefox,Profile Backup,RESOLVED,FIXED,N/A,P3,2024-07-03T19:22:42Z,2024-07-09T09:53:58Z,130 Branch,unspecified,Profile backup web worker needs error handling plumbing
1906185,Firefox,Address Bar,RESOLVED,FIXED,N/A,P1,2024-07-03T21:02:50Z,2024-07-04T09:01:45Z,129 Branch,unspecified,Enable Yelp suggestions by default in the Firefox Suggest section for the Suggest population
1906192,Firefox,Address Bar,VERIFIED,FIXED,--,--,2024-07-03T22:13:20Z,2024-07-03T22:32:39Z,---,unspecified,Only enable trending suggestions on 128 for en-US / en-CA users
1906271,Firefox,Address Bar,VERIFIED,FIXED,S3,P3,2024-07-04T11:26:54Z,2024-08-24T09:32:01Z,131 Branch,unspecified,Don't show the default engine icon when keyword.enabled is set to false
1906289,Firefox,File Handling,RESOLVED,FIXED,--,P4,2024-07-04T12:35:56Z,2024-07-17T15:35:55Z,130 Branch,unspecified,[wpt-sync] Sync PR 47002 - MIME Sniffing: HTML no feed
1906318,Firefox,Profile Backup,RESOLVED,FIXED,N/A,P3,2024-07-04T15:19:06Z,2024-08-16T21:37:12Z,131 Branch,unspecified,Tune browser.backup.scheduled.idle-threshold-seconds to a reasonable default
1906320,Firefox,General,RESOLVED,FIXED,N/A,P3,2024-07-04T15:29:33Z,2024-07-04T20:03:55Z,129 Branch,unspecified,Make dirtyFrame's purpose more obvious in browser/base/content/test/performance/head.js
1906326,Firefox,Profile Backup,RESOLVED,FIXED,S4,P3,2024-07-04T16:19:48Z,2024-07-09T09:54:12Z,130 Branch,unspecified,Backup preferences UI appears on unrelated panes if they're loaded first
1906460,Firefox,Profile Backup,RESOLVED,FIXED,--,--,2024-07-05T15:42:27Z,2024-07-05T17:11:41Z,---,unspecified,Perma OS X 10.15 WebRender Shippable TEST-UNEXPECTED-TIMEOUT | browser/components/backup/tests/xpcshell/test_BackupService_archive.js | Test timed out  when Gecko 129 merges to beta on 2024-07-08
1906501,Firefox,PDF Viewer,RESOLVED,FIXED,--,--,2024-07-06T10:38:19Z,2024-07-09T09:54:19Z,130 Branch,unspecified,Remove redundant PDF.js preference overrides
1906541,Firefox,Address Bar,VERIFIED,FIXED,S4,P3,2024-07-07T17:11:30Z,2024-10-24T04:15:25Z,133 Branch,unspecified,Ensure Searchmode Switcher works when Search Services fails
1906617,Firefox,Sidebar,VERIFIED,FIXED,S3,--,2024-07-08T10:58:21Z,2025-01-22T04:39:59Z,136 Branch,Trunk,The X Close button is missing from theBookmarks sidebar
1906622,Firefox,Sidebar,VERIFIED,FIXED,S3,--,2024-07-08T11:12:01Z,2024-08-03T09:54:52Z,130 Branch,Trunk,"Unable to navigate using keyboard navigation after reaching the ""Manage Nightly settings"" link from the Customize Sidebar"
1906632,Firefox,Sidebar,RESOLVED,FIXED,S3,P2,2024-07-08T12:16:20Z,2024-08-02T12:03:01Z,---,Trunk,[Linux] Options are missing focus indicators while tabbing through them in Customize Sidebar
1906642,Firefox,Sidebar,RESOLVED,FIXED,S4,--,2024-07-08T12:54:21Z,2024-08-02T11:52:50Z,---,Trunk,Firefox Tools Checkboxes from the Customize Sidebar panel do not change their state on Hover with High Contrast mode enabled
1906665,Firefox,Search,RESOLVED,FIXED,S4,P5,2024-07-08T14:08:47Z,2024-07-11T21:59:02Z,130 Branch,unspecified,Intermittent TV browser/components/search/test/browser/browser_searchPanelHeader.js | leaked 1 window(s) until shutdown [url = chrome://browser/content/browser.xhtml]
1906666,Firefox,Search,RESOLVED,FIXED,S4,P5,2024-07-08T14:09:35Z,2024-07-12T08:29:36Z,130 Branch,unspecified,Intermittent TV browser/components/search/test/browser/browser_oneOff.js | leaked 1 window(s) until shutdown [url = chrome://browser/content/browser.xhtml]
1906708,Firefox,Messaging System,RESOLVED,FIXED,--,P1,2024-07-08T17:06:53Z,2024-07-09T19:12:25Z,---,unspecified,[Experiment] Configure and launch PiP Whats New Page experiment
1906714,Firefox,Profile Backup,RESOLVED,FIXED,S4,P5,2024-07-08T18:03:48Z,2024-07-11T04:33:12Z,130 Branch,unspecified,Perma [Tier 2] browser/components/backup/tests/xpcshell/test_BackupService.js | single tracking bug
1906729,Firefox,PDF Viewer,RESOLVED,FIXED,--,P1,2024-07-08T19:08:23Z,2024-07-10T21:27:34Z,130 Branch,unspecified,Update PDF.js to new version 1bdd6920ff0b443ab7893ee103d8185bcf2bb7f2 from 2024-07-07 20:07:29
1906739,Firefox,Profile Backup,RESOLVED,FIXED,N/A,P3,2024-07-08T20:23:34Z,2024-07-12T04:20:15Z,130 Branch,unspecified,Implement scheduled backups CTA and restore your data sections in backup-settings
1906742,Firefox,Data Loss Prevention,RESOLVED,FIXED,S4,--,2024-07-08T20:47:14Z,2024-07-10T09:47:51Z,130 Branch,unspecified,Remove concurrency from clipboard CA actor
1906813,Firefox,Sidebar,RESOLVED,FIXED,S3,P3,2024-07-09T09:17:02Z,2025-11-10T08:49:27Z,---,unspecified,Selected tab in some cases go over the address bar dropdown
1906875,Firefox,Search,RESOLVED,FIXED,--,P3,2024-07-09T13:46:39Z,2024-07-15T21:17:51Z,130 Branch,unspecified,Remove the old search engine selector from the search service
1906881,Firefox,Sidebar,VERIFIED,FIXED,S3,P1,2024-07-09T13:58:08Z,2024-09-25T15:38:22Z,132 Branch,Firefox 130,Update strings for Close multiple tabs and New tab in the tab right-click menu (see comment 5)
1906888,Firefox,Sidebar,RESOLVED,FIXED,--,P1,2024-07-09T14:23:02Z,2024-09-20T21:50:19Z,132 Branch,unspecified,Update focus order for vertical tabs and new tab button
1906902,Firefox,New Tab Page,RESOLVED,FIXED,S2,P1,2024-07-09T15:25:41Z,2024-08-01T04:19:55Z,130 Branch,unspecified,Add l10n strings for topic selection
1906912,Firefox,Profile Backup,VERIFIED,FIXED,N/A,P1,2024-07-09T16:06:49Z,2024-07-18T21:51:07Z,130 Branch,unspecified,Perma TEST-UNEXPECTED-TIMEOUT | browser/components/backup/tests/xpcshell/test_BackupService_archive.js | Test timed out when Gecko 130 merges to beta on 2024-08-05
1906933,Firefox,Messaging System,RESOLVED,FIXED,S4,P2,2024-07-09T17:30:50Z,2024-07-16T13:14:51Z,---,unspecified,[Skylight] Improve usability with info buttons
1906936,Firefox,Messaging System,RESOLVED,FIXED,S4,P1,2024-07-09T17:45:58Z,2024-07-15T20:43:48Z,---,unspecified,"[Skylight] Include word ""Desktop"" at appropriate places"
1906937,Firefox,Messaging System,RESOLVED,FIXED,N/A,P1,2024-07-09T17:50:39Z,2024-07-19T14:47:09Z,---,unspecified,[Skylight] inline impression indicator/number in main dashboard
1906939,Firefox,Messaging System,RESOLVED,FIXED,S4,P1,2024-07-09T17:58:36Z,2024-09-10T17:50:55Z,---,unspecified,[Skylight] spike complete inflight/m-c message list instead of partial
1906945,Firefox,Search,RESOLVED,FIXED,N/A,P2,2024-07-09T18:36:21Z,2024-07-11T04:33:16Z,130 Branch,unspecified,Check element visibility using `checkVisibility`
1906950,Firefox,Messaging System,RESOLVED,FIXED,--,P1,2024-07-09T19:11:48Z,2024-07-17T15:49:31Z,---,unspecified,[Experiment] Configure and launch Moments Page - Fakespot
1906989,Firefox,New Tab Page,RESOLVED,FIXED,--,--,2024-07-10T00:41:58Z,2024-07-30T03:05:38Z,130 Branch,unspecified,Home and newtab do not include stories spocs for html startup cache
1907000,Firefox,PDF Viewer,VERIFIED,FIXED,--,--,2024-07-10T03:02:31Z,2024-07-17T08:33:48Z,130 Branch,Firefox 127,The pdf viewer's document outline section does not link to pages
1907034,Firefox,Search,VERIFIED,FIXED,S3,P2,2024-07-10T10:20:54Z,2024-09-02T21:52:25Z,132 Branch,Firefox 128,Allow using shift-enter/shift-click to open the search engine page without a search from the search bar (was: Nav Bar Search Box No Longer Accepts Bare Carriage Return)
1907035,Firefox,General,VERIFIED,FIXED,S3,--,2024-07-10T10:28:21Z,2024-07-12T04:20:33Z,130 Branch,Trunk,about:support fails to load experimental features. Missing genai-settings-chat-title string
1907079,Firefox,Messaging System,RESOLVED,FIXED,--,P1,2024-07-10T13:27:45Z,2024-07-31T03:54:12Z,130 Branch,unspecified,[Docs] Refine Messaging System glossary
1907097,Firefox,Search,RESOLVED,FIXED,N/A,P2,2024-07-10T14:28:24Z,2024-07-16T21:50:44Z,130 Branch,unspecified,Add telemetry for when ads_blocked is recorded
1907103,Firefox,Tabbed Browser,VERIFIED,FIXED,--,--,2024-07-10T14:31:53Z,2024-07-12T22:09:46Z,130 Branch,Trunk,All tab borders are highlighted
1907125,Firefox,New Tab Page,RESOLVED,FIXED,--,--,2024-07-10T16:23:55Z,2024-07-19T16:27:02Z,130 Branch,unspecified,Home and newtab reduce cache time for sponsored content startup cache
1907136,Firefox,Profile Backup,RESOLVED,FIXED,N/A,P3,2024-07-10T17:40:00Z,2024-07-12T04:20:41Z,130 Branch,unspecified,Don't forget to clear the last backup filename / timestamp preference when deleting the last backup
1907146,Firefox,Address Bar,VERIFIED,FIXED,S3,P1,2024-07-10T18:26:06Z,2024-07-26T04:00:26Z,130 Branch,unspecified,Bing title can persist when search mode existed in dedicated search mode
1907147,Firefox,Address Bar,VERIFIED,FIXED,S3,P3,2024-07-10T18:30:57Z,2024-08-22T21:50:39Z,131 Branch,unspecified,Restore Actions Search mode
1907152,Firefox,New Tab Page,RESOLVED,FIXED,--,--,2024-07-10T18:53:52Z,2024-07-27T09:09:09Z,130 Branch,unspecified,Add telemetry to topic selection modal
1907185,Firefox,Search,RESOLVED,FIXED,N/A,P1,2024-07-10T20:51:02Z,2024-07-18T21:51:10Z,130 Branch,unspecified,Update schemas to add a new overrideId field to search-default-override-allowlist
1907186,Firefox,Messaging System,RESOLVED,FIXED,S3,P1,2024-07-10T21:00:46Z,2024-07-15T19:24:04Z,---,unspecified,[Skylight] Clarify relationship between Skylight tables w/visuals
1907207,Firefox,PDF Viewer,VERIFIED,FIXED,--,P1,2024-07-10T22:39:09Z,2024-07-25T09:34:40Z,130 Branch,unspecified,Add enableUpdatedAddImage variable to pdfjs Nimbus feature
1907212,Firefox,Sync,RESOLVED,FIXED,--,--,2024-07-10T23:36:02Z,2024-07-19T16:27:07Z,130 Branch,unspecified,Split large CloseTabs commands into multiple sends
1907218,Firefox,Address Bar,RESOLVED,FIXED,N/A,P1,2024-07-11T00:08:16Z,2024-07-11T09:28:31Z,130 Branch,unspecified,Include the provider/vendor name in the result type for Fakespot telemetry
1907227,Firefox,Address Bar,RESOLVED,FIXED,N/A,P1,2024-07-11T00:45:55Z,2024-07-12T09:53:45Z,130 Branch,unspecified,Add telemetry probe for Rust ingest times
1907231,Firefox,Address Bar,RESOLVED,FIXED,--,--,2024-07-11T01:30:22Z,2024-07-12T04:20:45Z,130 Branch,unspecified,Add test for rating and total review label for Fakespot suggestion
1907240,Firefox,Address Bar,VERIFIED,FIXED,N/A,P1,2024-07-11T03:14:35Z,2024-07-23T21:15:42Z,130 Branch,unspecified,Remove or update probes expiring in Firefox 131: FX_URLBAR_PROVIDER_CLIPBOARD_READ_TIME_MS before Gecko version gets increased to 131 on 2024-08-05
1907242,Firefox,Address Bar,VERIFIED,FIXED,N/A,P1,2024-07-11T03:14:56Z,2024-08-01T21:31:18Z,130 Branch,unspecified,Remove or update metrics expiring in Firefox 131: newtab.handoff_preference.enabled before Gecko version gets increased to 131 on 2024-08-05
1907256,Firefox,Shell Integration,RESOLVED,FIXED,--,--,2024-07-11T07:01:31Z,2024-07-12T16:03:01Z,130 Branch,Firefox 130,Firefox Nightly keeps crashing when opened (latest version/2024-07-10)
1907269,Firefox,File Handling,VERIFIED,FIXED,--,--,2024-07-11T08:40:37Z,2024-08-01T04:20:01Z,130 Branch,Firefox 128,Open tel: link with target=_blank doesn't trigger the default action
1907303,Firefox,Data Loss Prevention,VERIFIED,FIXED,S3,P2,2024-07-11T11:49:53Z,2024-07-17T09:16:04Z,130 Branch,unspecified,Firefox DLP scan not happening after pasting clipboard data in content editable area from another Firefox window
1907325,Firefox,Sidebar,RESOLVED,FIXED,--,--,2024-07-11T12:43:27Z,2024-07-31T03:54:17Z,130 Branch,unspecified,Add additional test coverage for extensions in the revamped sidebar
1907327,Firefox,Remote Settings Client,RESOLVED,FIXED,--,--,2024-07-11T12:56:14Z,2024-11-27T16:53:20Z,135 Branch,unspecified,Download all changesets in one request on first sync
1907346,Firefox,PDF Viewer,RESOLVED,FIXED,--,--,2024-07-11T14:01:02Z,2025-09-22T15:16:02Z,---,Trunk,[meta] [QA-2523] Image to text GenAI in PDF
1907368,Firefox,Messaging System,VERIFIED,FIXED,--,P1,2024-07-11T15:34:31Z,2024-08-20T03:59:42Z,131 Branch,unspecified,Replace AMO collection screen with Addons Picker in about:welcome defaults
1907371,Firefox,New Tab Page,RESOLVED,FIXED,--,--,2024-07-11T15:56:38Z,2024-07-23T21:15:49Z,130 Branch,unspecified,Send selectedTopics to merino curated recommendations endpoint
1907392,Firefox,New Tab Page,VERIFIED,FIXED,--,--,2024-07-11T17:02:10Z,2024-07-12T04:21:11Z,130 Branch,unspecified,Home and newtab weather widget locale controls
1907413,Firefox,Messaging System,RESOLVED,FIXED,--,P1,2024-07-11T18:37:08Z,2024-07-25T16:47:00Z,---,unspecified,[Skylight] link experiment surface names to screenshotted docs in experimenter.info
1907417,Firefox,Messaging System,RESOLVED,FIXED,--,--,2024-07-11T18:47:09Z,2024-07-16T17:30:06Z,---,unspecified,[Skylight] turn table expand/collapse carets into buttons
1907419,Firefox,New Tab Page,VERIFIED,FIXED,S4,P1,2024-07-11T18:54:03Z,2024-07-16T04:12:58Z,130 Branch,unspecified,Home and newtab compact topsites card hover padding
1907420,Firefox,Messaging System,RESOLVED,FIXED,--,P2,2024-07-11T18:58:49Z,2024-08-02T16:52:15Z,---,unspecified,Make all (completed?) messaging experiments & rollouts visible in Skylight
1907431,Firefox,Security,RESOLVED,FIXED,N/A,--,2024-07-11T20:28:56Z,2024-07-24T22:01:25Z,130 Branch,unspecified,work around bug 1907430 when determining securityInfo for certificate error pages
1907434,Firefox,Address Bar,RESOLVED,FIXED,N/A,P1,2024-07-11T20:47:35Z,2024-07-17T09:16:09Z,130 Branch,unspecified,Update desktop's Fakespot suggestion integration with the Rust component
1907436,Firefox,Nimbus Desktop Client,RESOLVED,FIXED,S3,P1,2024-07-11T20:51:00Z,2024-07-13T09:17:39Z,130 Branch,unspecified,[Intermittent] The user prefs set by an experiment are not removed after disabling the experiment’s recipe
1907446,Firefox,New Tab Page,RESOLVED,FIXED,--,--,2024-07-11T22:00:11Z,2024-07-31T03:54:20Z,130 Branch,unspecified,Update topic selection modal for onboarding experience
1907447,Firefox,New Tab Page,VERIFIED,FIXED,--,--,2024-07-11T22:02:54Z,2024-07-12T04:21:23Z,130 Branch,unspecified,Home and newtab merino provider nimbus pref wrong value
1907466,Firefox,Data Loss Prevention,RESOLVED,FIXED,S3,P2,2024-07-12T00:55:07Z,2024-07-20T09:17:56Z,130 Branch,Firefox 129,Address followup comments for clipboard Content Analysis changes in bug 1901197
1907468,Firefox,Address Bar,RESOLVED,FIXED,N/A,P1,2024-07-12T01:11:35Z,2024-07-19T09:58:54Z,130 Branch,unspecified,Use proper icon for each Fakespot suggestion
1907474,Firefox,Page Info Window,VERIFIED,FIXED,S3,P1,2024-07-12T02:16:50Z,2024-08-16T21:37:16Z,131 Branch,Firefox 130,View Certificate button does not work without an open window
1907476,Firefox,Sync,RESOLVED,FIXED,--,--,2024-07-12T02:48:32Z,2024-07-19T16:27:12Z,130 Branch,unspecified,CloseTab commands are not bulk sending urls together
1907501,Firefox,Theme,VERIFIED,FIXED,S3,P1,2024-07-12T06:38:08Z,2024-07-31T03:54:24Z,130 Branch,unspecified,input field in find bar no longer has a border on Windows
1907584,Firefox,New Tab Page,RESOLVED,FIXED,--,--,2024-07-12T14:14:41Z,2024-11-20T06:31:34Z,---,unspecified,[META] [QA] [QA-2526] Changing newtab recommendations provider from what is existing to Merino
1907585,Firefox,New Tab Page,VERIFIED,FIXED,--,--,2024-07-12T14:15:54Z,2024-07-15T08:34:28Z,---,Firefox 130,The `merinoProviderEnabled` property does not disable the merino provider
1907587,Firefox,Search,RESOLVED,FIXED,N/A,P2,2024-07-12T14:22:19Z,2024-07-24T09:55:30Z,130 Branch,unspecified,Tidy up application provided WebExtension handling in the search service
1907588,Firefox,Search,RESOLVED,FIXED,N/A,P2,2024-07-12T14:27:06Z,2024-07-17T15:36:57Z,130 Branch,unspecified,Clean up add-on manager integration in search service related tests
1907591,Firefox,Translations,RESOLVED,FIXED,--,P3,2024-07-12T14:30:25Z,2024-09-26T09:53:05Z,132 Branch,unspecified,Add Error Handling to the New Translations Settings UI Page
1907594,Firefox,Messaging System,RESOLVED,FIXED,S4,P2,2024-07-12T14:52:34Z,2026-06-20T09:56:01Z,154 Branch,unspecified,[FxMS Infra] Create an inital set of messaging system targeting constants
1907625,Firefox,Profile Backup,RESOLVED,FIXED,N/A,P3,2024-07-12T17:30:07Z,2024-07-23T09:38:09Z,130 Branch,unspecified,Collect telemetry on the size of the single-file archive after it is created
1907633,Firefox,Nimbus Desktop Client,RESOLVED,FIXED,S4,P3,2024-07-12T18:12:34Z,2025-05-21T09:28:50Z,140 Branch,unspecified,RemoteSettingsExperimentLoader kept alive through tests by nsIObserverService
1907649,Firefox,Nimbus Desktop Client,RESOLVED,FIXED,S3,P1,2024-07-12T19:26:07Z,2024-07-25T09:34:53Z,130 Branch,unspecified,PrefFlips feature can throw during pref setting
1907696,Firefox,Address Bar,RESOLVED,FIXED,N/A,P1,2024-07-13T01:53:30Z,2024-07-17T09:16:17Z,130 Branch,unspecified,Change the Suggest ingest strategy so only enabled suggestion types are ingested
1907709,Firefox,Settings UI,VERIFIED,FIXED,S3,P1,2024-07-13T07:44:26Z,2024-07-18T04:05:33Z,130 Branch,unspecified,"Searching for ""Advertising"" doesn't find the the ""Website Advertising Preferences"" section"
1907717,Firefox,Tabbed Browser,VERIFIED,FIXED,--,--,2024-07-13T12:27:40Z,2024-07-18T21:51:37Z,130 Branch,unspecified,Perma browser/components/tabbrowser/test/browser/tabs/browser_tab_preview.js | Test timed out - when Gecko 130 merges to beta on 2024-08-05
1907756,Firefox,Bookmarks & History,VERIFIED,FIXED,S3,P5,2024-07-14T05:20:44Z,2024-08-05T09:46:29Z,130 Branch,Firefox 128,"Bookmarks dragged to toolbar arrow are added at the top instead of the bottom, as in the past"
1907874,Firefox,Address Bar,RESOLVED,FIXED,--,--,2024-07-15T12:53:56Z,2024-10-15T11:41:55Z,---,unspecified,[META][QA] [QA-2483] Display Sponsored and non-Sponsored Suggestions at the Top of Firefox Suggest Section
1907878,Firefox,Address Bar,VERIFIED,FIXED,S2,P3,2024-07-15T13:02:07Z,2024-07-16T21:50:54Z,130 Branch,Trunk,The low confidence Pocket results are displayed at the top of Firefox Suggest section
1907902,Firefox,Messaging System,RESOLVED,FIXED,--,P1,2024-07-15T14:09:37Z,2024-08-01T04:20:10Z,130 Branch,unspecified,"Send telemetry when the return to about:welcome ""Finish Setup"" toolbar button is removed"
1907911,Firefox,New Tab Page,RESOLVED,FIXED,--,--,2024-07-15T14:23:24Z,2024-07-31T21:17:24Z,130 Branch,unspecified,Home and newtab topic selection modal topic buttons click sometimes doesn't select
1907917,Firefox,PDF Viewer,RESOLVED,FIXED,--,--,2024-07-15T14:33:28Z,2024-07-17T04:14:41Z,130 Branch,unspecified,Update PDF.js to new version e190cebf92770344aaf35c41ffbf5d0a6122b47c from 2024-07-16 11:50:40
1907931,Firefox,File Handling,RESOLVED,FIXED,--,--,2024-07-15T14:58:07Z,2024-07-27T09:09:22Z,130 Branch,unspecified,"Perma esr115 uriloader/exthandler/tests/mochitest/browser_save_filenames.js | download5 amber .png was saved with the correct name when link has download attribute - Got ""amber_.png"", expected ""amber .png"""
1907948,Firefox,Messaging System,RESOLVED,FIXED,--,P1,2024-07-15T16:31:50Z,2025-03-05T18:54:33Z,---,unspecified,[Experiment] Configure and Launch Onboarding Checklist
1907958,Firefox,PDF Viewer,RESOLVED,FIXED,S3,P1,2024-07-15T17:15:15Z,2024-08-03T10:49:58Z,130 Branch,Firefox 128,Firefox's PDF viewer doesn't print highlighted regions that were added by manual editing (but it does if you save the file and then open that saved copy)
1907966,Firefox,New Tab Page,RESOLVED,FIXED,S3,P1,2024-07-15T17:39:32Z,2024-07-23T00:43:59Z,---,unspecified,"Categories for light-color and dark-color should be ""abstract"" in remote settings"
1907968,Firefox,Nimbus Desktop Client,VERIFIED,FIXED,S3,P1,2024-07-15T17:50:07Z,2024-07-16T04:13:43Z,130 Branch,unspecified,DisableFirefoxStudies enterprise policy does not disable nimbus
1907990,Firefox,Address Bar,RESOLVED,FIXED,N/A,P1,2024-07-15T19:29:22Z,2024-07-19T16:27:23Z,130 Branch,unspecified,Enhance telemetry with products star and Fakespot grades
1908019,Firefox,Sidebar,VERIFIED,FIXED,S3,P1,2024-07-15T22:19:59Z,2024-10-22T04:08:58Z,133 Branch,Firefox 128,Store sidebar UI state in a pref that acts as a fallback
1908045,Firefox,Translations,RESOLVED,FIXED,S3,--,2024-07-16T03:51:04Z,2024-07-20T09:18:25Z,130 Branch,Firefox 128,Soft-hyphens are breaking translations because of bad tokenization
1908162,Firefox,Tabbed Browser,RESOLVED,FIXED,N/A,P1,2024-07-16T15:15:53Z,2024-07-31T03:54:45Z,130 Branch,unspecified,Basic Tab Group custom element
1908163,Firefox,New Tab Page,RESOLVED,FIXED,--,--,2024-07-16T15:19:15Z,2024-07-25T09:35:01Z,130 Branch,unspecified,Home and newtab skeleton loading state for stories
1908205,Firefox,Screenshots,RESOLVED,FIXED,N/A,P1,2024-07-16T17:43:48Z,2025-05-07T04:23:08Z,140 Branch,unspecified,Use OffscreenCanvas for screenshots so we can use blob instead of data urls
1908210,Firefox,Messaging System,RESOLVED,FIXED,--,P1,2024-07-16T17:57:44Z,2024-07-19T16:27:35Z,130 Branch,unspecified,Make the install complete strings in about:welcome's AddonsPicker configurable
1908237,Firefox,Messaging System,RESOLVED,FIXED,--,--,2024-07-16T20:14:40Z,2024-07-18T21:52:50Z,130 Branch,unspecified,Logo media queries in aboutwelcome bundle don't work in the chrome
1908282,Firefox,Sync,RESOLVED,FIXED,S4,P2,2024-07-17T03:00:10Z,2024-07-20T09:18:34Z,130 Branch,unspecified,"""close remote tab"" button doesn't have a tooltip."
1908283,Firefox,Address Bar,RESOLVED,FIXED,S4,P1,2024-07-17T04:03:01Z,2024-07-17T21:25:46Z,130 Branch,unspecified,Fakespot suggestion colors are wrong when the result menu button is selected
1908298,Firefox,Installer,VERIFIED,FIXED,S3,--,2024-07-17T07:28:45Z,2026-03-09T21:47:19Z,150 Branch,Trunk,[MSIX] Making Firefox as the default browser does not reflect inside Firefox options
1908312,Firefox,Settings UI,VERIFIED,FIXED,S2,P1,2024-07-17T08:45:09Z,2024-07-17T21:25:57Z,130 Branch,unspecified,Update settings UI to clarify that PPA is disabled when telemetry is disabled
1908358,Firefox,Messaging System,RESOLVED,FIXED,--,--,2024-07-17T12:50:25Z,2024-08-12T11:42:08Z,---,unspecified,[META] [QA] [QA-2531] Import- Embedded Modal - all users
1908401,Firefox,PDF Viewer,RESOLVED,FIXED,--,--,2024-07-17T14:51:22Z,2024-07-18T21:53:23Z,130 Branch,unspecified,Include additional data when fetching browser preferences in the PDF Viewer
1908404,Firefox,Tabbed Browser,VERIFIED,FIXED,--,--,2024-07-17T15:13:58Z,2024-08-08T09:42:44Z,131 Branch,unspecified,Click to collapse/expand group
1908405,Firefox,Tabbed Browser,RESOLVED,FIXED,--,--,2024-07-17T15:14:45Z,2024-08-23T21:37:09Z,131 Branch,unspecified,API to create a group from a list of tabs
1908407,Firefox,Tabbed Browser,VERIFIED,FIXED,--,--,2024-07-17T15:15:22Z,2024-08-27T09:33:49Z,131 Branch,unspecified,API to ungroup tabs
1908408,Firefox,Tabbed Browser,VERIFIED,FIXED,--,--,2024-07-17T15:15:57Z,2024-09-03T21:04:33Z,132 Branch,unspecified,API to move group to a new window
1908411,Firefox,Tabbed Browser,VERIFIED,FIXED,--,--,2024-07-17T15:17:08Z,2024-08-28T21:40:55Z,131 Branch,unspecified,API to delete group
1908412,Firefox,Tabbed Browser,RESOLVED,FIXED,--,--,2024-07-17T15:17:57Z,2024-08-05T22:04:54Z,131 Branch,unspecified,API to add tab(s) to a group
1908413,Firefox,Tabbed Browser,VERIFIED,FIXED,--,P1,2024-07-17T15:18:26Z,2024-08-29T21:32:54Z,131 Branch,unspecified,Delete group when closing the last tab
1908415,Firefox,Tabbed Browser,RESOLVED,FIXED,--,P1,2024-07-17T15:18:55Z,2024-09-07T09:26:15Z,132 Branch,unspecified,"DOM events on group changes (new group, tab moved to group, etc)"
1908416,Firefox,Tabbed Browser,RESOLVED,FIXED,--,--,2024-07-17T15:19:30Z,2024-08-08T21:51:33Z,131 Branch,unspecified,Fix gBrowser.tabs and gBrowser.visibleTabs to handle groups
1908417,Firefox,Tabbed Browser,RESOLVED,FIXED,--,--,2024-07-17T15:19:58Z,2025-01-22T19:05:09Z,---,unspecified,[meta] Audit gBrowser.tabs and gBrowser.visibleTabs usage with regards to tab groups
1908418,Firefox,Session Restore,RESOLVED,FIXED,--,--,2024-07-17T15:22:35Z,2024-10-09T21:48:04Z,133 Branch,unspecified,Make each window have a groups array which includes all of the tab groups currently present on the tab bar including a unique identifier
1908419,Firefox,Tabbed Browser,RESOLVED,FIXED,--,--,2024-07-17T15:23:04Z,2024-08-27T09:33:53Z,131 Branch,unspecified,API to retrieve groups
1908422,Firefox,Session Restore,RESOLVED,FIXED,--,P2,2024-07-17T15:25:56Z,2024-11-12T21:51:20Z,134 Branch,unspecified,Implement closedGroups array
1908423,Firefox,Session Restore,RESOLVED,FIXED,--,P2,2024-07-17T15:27:15Z,2024-10-16T21:49:07Z,133 Branch,unspecified,Implement savedGroups array
1908424,Firefox,Session Restore,RESOLVED,FIXED,--,--,2024-07-17T15:29:04Z,2024-09-20T09:08:03Z,132 Branch,unspecified,Context menu to create a group from a single or multiple tabs
1908426,Firefox,Tabbed Browser,RESOLVED,FIXED,--,--,2024-07-17T15:30:11Z,2024-10-02T09:55:49Z,133 Branch,unspecified,UI shown after creating a group
1908431,Firefox,Tabbed Browser,RESOLVED,FIXED,--,P1,2024-07-17T15:32:18Z,2024-12-19T16:14:38Z,135 Branch,unspecified,Enable finding and restoring tab groups in Tab Overflow Menu
1908433,Firefox,Tabbed Browser,RESOLVED,FIXED,--,--,2024-07-17T15:33:27Z,2024-10-09T21:48:09Z,133 Branch,unspecified,Edit Group UI
1908437,Firefox,Tabbed Browser,RESOLVED,FIXED,--,--,2024-07-17T15:35:50Z,2024-11-12T12:05:19Z,---,unspecified,[meta] Changes to existing drag and drop to cope with groups
1908438,Firefox,Tabbed Browser,RESOLVED,FIXED,--,--,2024-07-17T15:37:20Z,2024-10-19T06:36:48Z,133 Branch,unspecified,Drag and drop support for creating a group
1908439,Firefox,Tabbed Browser,VERIFIED,FIXED,S2,P1,2024-07-17T15:37:47Z,2025-03-07T09:10:03Z,138 Branch,unspecified,Drag and drop for moving a group within the window
1908441,Firefox,Tabbed Browser,VERIFIED,FIXED,--,P1,2024-07-17T15:38:46Z,2025-03-12T21:38:44Z,138 Branch,unspecified,Drag and drop to detach a tab group into a new window
1908448,Firefox,Private Browsing,RESOLVED,FIXED,--,P2,2024-07-17T15:44:58Z,2025-06-03T02:40:31Z,---,unspecified,[meta] Private window changes for tab groups
1908451,Firefox,Address Bar,RESOLVED,FIXED,N/A,P1,2024-07-17T15:45:56Z,2025-06-04T04:08:38Z,141 Branch,unspecified,Add tab group chicklet next to switch-to-tab chicklet when the tab we'd switch to is in a tab group
1908469,Firefox,New Tab Page,RESOLVED,FIXED,--,--,2024-07-17T16:55:33Z,2024-07-25T09:35:10Z,130 Branch,unspecified,Add new Nimbus variable to pass experiment data to Merino POST data
1908471,Firefox,Sidebar,RESOLVED,FIXED,--,--,2024-07-17T17:02:47Z,2024-11-28T04:32:10Z,135 Branch,unspecified,Update content area to have a rounded top left corner when the Sidebar revamp pref is set
1908483,Firefox,PDF Viewer,RESOLVED,FIXED,--,P1,2024-07-17T17:25:48Z,2024-07-18T21:53:49Z,130 Branch,unspecified,Add the possibility to change some pdfjs preferences from the viewer
1908486,Firefox,New Tab Page,RESOLVED,FIXED,--,--,2024-07-17T17:41:01Z,2024-08-01T04:20:18Z,130 Branch,unspecified,Home and newtab swap topic personalization button and stories header based on topic selection
1908496,Firefox,File Handling,VERIFIED,FIXED,--,--,2024-07-17T18:11:26Z,2024-08-13T16:16:46Z,131 Branch,Firefox 128,Locally installed application can register “news” and “snews” protocols and get opened by default
1908502,Firefox,New Tab Page,RESOLVED,FIXED,--,--,2024-07-17T18:24:13Z,2024-07-18T09:30:08Z,130 Branch,unspecified,Home and newtab weather widget pass in request_type
1908520,Firefox,Messaging System,RESOLVED,FIXED,--,P1,2024-07-17T19:35:38Z,2024-07-31T21:17:28Z,130 Branch,unspecified,Make AddonsPicker strings available for localization
1908545,Firefox,Translations,VERIFIED,FIXED,S3,--,2024-07-17T21:15:29Z,2024-07-20T09:18:59Z,130 Branch,Firefox 128,"Uncaught error when switching language from back to ""detect language"" in about:translations"
1908548,Firefox,Sync,RESOLVED,FIXED,S4,P2,2024-07-17T21:27:39Z,2025-09-11T04:09:39Z,144 Branch,unspecified,In product documentation to do desktop => ios is lacking a step
1908555,Firefox,Profile Backup,RESOLVED,FIXED,N/A,P1,2024-07-17T22:45:29Z,2025-11-25T21:52:38Z,---,unspecified,Close the current profile after launching a new one when restoring a backup
1908566,Firefox,Tabbed Browser,RESOLVED,FIXED,N/A,P1,2024-07-17T23:43:44Z,2024-08-05T22:04:59Z,131 Branch,unspecified,Enable Tab Hover Preview by default
1908584,Firefox,Keyboard Navigation,RESOLVED,FIXED,S4,P5,2024-07-18T03:40:11Z,2024-07-29T20:45:59Z,130 Branch,unspecified,Frequent OS X browser/base/content/test/keyboard/browser_toolbarKeyNav.js | Test timed out -
1908640,Firefox,Remote Settings Client,RESOLVED,FIXED,--,--,2024-07-18T12:06:37Z,2024-08-07T16:12:24Z,131 Branch,unspecified,Move `Attachments._baseAttachmentsURL()` to `Utils.baseAttachmentsURL()`
1908670,Firefox,New Tab Page,RESOLVED,FIXED,--,--,2024-07-18T14:16:57Z,2024-07-28T21:42:51Z,130 Branch,unspecified,Home and newtab topic personalization needs region controls
1908681,Firefox,Sync,RESOLVED,FIXED,--,--,2024-07-18T14:31:25Z,2024-07-26T04:00:39Z,130 Branch,unspecified,Desktop telemetry for whether the account has a mobile device does not count tablets.
1908686,Firefox,Firefox Accounts,VERIFIED,FIXED,--,--,2024-07-18T14:57:37Z,2024-07-20T09:19:14Z,130 Branch,unspecified,entryPoint for hamburger menu uses 'fxa_toolbar_button' instead of 'fxa_app_menu'
1908696,Firefox,New Tab Page,RESOLVED,FIXED,--,--,2024-07-18T15:56:09Z,2024-07-19T09:59:14Z,130 Branch,unspecified,Turn on thumbs up/down UI for Nightly
1908699,Firefox,Remote Settings Client,RESOLVED,FIXED,--,--,2024-07-18T16:17:02Z,2024-09-04T04:11:14Z,132 Branch,unspecified,Perma win [tier 2] services/settings/test/unit/test_attachments_downloader.js | xpcshell return code: 0
1908708,Firefox,Messaging System,RESOLVED,FIXED,--,P1,2024-07-18T16:48:26Z,2026-04-18T08:17:20Z,151 Branch,unspecified,Support the addons picker template in Spotlight modals / Feature Callouts
1908710,Firefox,New Tab Page,VERIFIED,FIXED,--,--,2024-07-18T16:54:16Z,2024-07-20T09:19:18Z,130 Branch,unspecified,Home and newtab add back tileId to merino telemetry
1908718,Firefox,Address Bar,VERIFIED,FIXED,S4,P3,2024-07-18T17:27:05Z,2025-01-18T09:14:28Z,136 Branch,unspecified,Icons for local search appear in the chiclet are not dynamic to theming
1908727,Firefox,Profile Backup,RESOLVED,FIXED,N/A,P3,2024-07-18T17:58:10Z,2024-11-06T05:07:12Z,134 Branch,unspecified,Add scalar probes for the current state of the BackupService
1908732,Firefox,Profile Backup,RESOLVED,FIXED,N/A,P3,2024-07-18T18:02:49Z,2024-11-07T04:34:50Z,134 Branch,unspecified,Add event probes for the BackupService
1908750,Firefox,Address Bar,RESOLVED,FIXED,S2,P1,2024-07-18T19:03:37Z,2024-07-19T16:28:26Z,130 Branch,unspecified,Fakespot suggestion title sometimes not shown
1908778,Firefox,Messaging System,RESOLVED,FIXED,--,P2,2024-07-18T21:12:18Z,2025-11-05T18:08:57Z,---,unspecified,External Request -- Microsurvey for Addons
1908785,Firefox,Settings UI,RESOLVED,FIXED,N/A,P1,2024-07-18T21:50:34Z,2024-07-20T09:19:23Z,130 Branch,unspecified,"Make Firefox Labs available outside of Nightly, from the 130 train onwards"
1908873,Firefox,Tabbed Browser,VERIFIED,FIXED,S3,P1,2024-07-19T11:52:46Z,2024-08-06T21:14:25Z,131 Branch,unspecified,"[win] Sometimes NVDA says ""Alert"" when hovering over tabs"
1908905,Firefox,Sidebar,RESOLVED,FIXED,S3,P3,2024-07-19T13:15:29Z,2025-01-31T09:23:32Z,136 Branch,unspecified,Lower scrolling speed on sidebar than on webpage
1908908,Firefox,Sidebar,VERIFIED,FIXED,S3,P2,2024-07-19T13:33:43Z,2024-08-21T09:26:15Z,131 Branch,Firefox 128,Sidebar size resets after re-starting firefox
1908922,Firefox,Address Bar,VERIFIED,FIXED,S3,P3,2024-07-19T14:29:02Z,2024-09-17T15:54:31Z,132 Branch,unspecified,Layout of dedicated button has extra space and incorrect icon behaviour
1908924,Firefox,Address Bar,VERIFIED,FIXED,S4,P3,2024-07-19T14:31:44Z,2024-08-22T21:50:48Z,131 Branch,unspecified,Dedicated search button not aligned to hover state of list items in URL bar dropdown
1908926,Firefox,Messaging System,VERIFIED,FIXED,S2,P1,2024-07-19T14:32:41Z,2024-09-16T17:15:11Z,---,Firefox 126,[Experiment] The Embedded Import Spotlight is wrongly displayed at browser first-startup
1908929,Firefox,Address Bar,VERIFIED,FIXED,S4,P3,2024-07-19T14:38:55Z,2025-01-24T21:04:11Z,136 Branch,unspecified,Heuristic suggestion default search engine favicon is now redundant to the icon in the Unified search button
1908934,Firefox,Translations,VERIFIED,FIXED,S3,--,2024-07-19T15:06:39Z,2024-09-04T04:11:17Z,132 Branch,unspecified,Whitespace around inline tags is not correctly preserved
1908938,Firefox,PDF Viewer,RESOLVED,FIXED,--,P1,2024-07-19T15:39:07Z,2024-07-21T21:11:17Z,130 Branch,unspecified,Load the image-to-text model when opening the pdf viewer
1908939,Firefox,PDF Viewer,RESOLVED,FIXED,--,P1,2024-07-19T15:41:17Z,2024-07-22T21:49:30Z,130 Branch,unspecified,Add the possibility to delete the image-to-text model from the pdf viewer
1908965,Firefox,Settings UI,RESOLVED,FIXED,S3,P1,2024-07-19T17:53:38Z,2024-07-22T21:49:34Z,130 Branch,unspecified,Clicks that toggle settings in the Firefox Labs pane are not triggering telemetry anymore
1908976,Firefox,General,RESOLVED,FIXED,--,--,2024-07-19T18:37:08Z,2024-07-19T19:02:33Z,---,unspecified,Update l10n-changesets on ESR128
1908989,Firefox,Sidebar,VERIFIED,FIXED,--,--,2024-07-19T20:19:31Z,2024-10-09T10:02:12Z,133 Branch,unspecified,"Add animations to sidebar ""launcher"" in ""Always hide"" mode"
1909017,Firefox,Search,RESOLVED,FIXED,N/A,P3,2024-07-20T00:57:03Z,2024-11-22T12:36:35Z,---,unspecified,Update search engine dev tools to show results from suggest or trending urls
1909035,Firefox,PDF Viewer,RESOLVED,FIXED,--,--,2024-07-20T06:29:06Z,2024-07-21T21:11:34Z,130 Branch,unspecified,Update PDF.js to new version ed83d7c5e16798a56c493d56aaa8200dd280bb17 from 2024-07-19 21:08:50
1909097,Firefox,PDF Viewer,RESOLVED,FIXED,--,P1,2024-07-21T11:37:54Z,2024-07-22T09:29:57Z,130 Branch,unspecified,Add a pref containing the URL of the sumo article about alt text
1909189,Firefox,Address Bar,RESOLVED,FIXED,S3,P3,2024-07-22T11:41:59Z,2024-09-16T16:18:43Z,132 Branch,unspecified,Evaluate alternatives to avoid shifting url when using double-click to select
1909193,Firefox,PDF Viewer,VERIFIED,FIXED,--,--,2024-07-22T11:57:45Z,2024-07-22T21:49:46Z,130 Branch,unspecified,Perma TEST-UNEXPECTED-FAIL | toolkit/components/pdfjs/test/browser_pdfjs_alttext_load_engine.js | Test timed out when Gecko 130 merges to beta on 2024-08-05
1909201,Firefox,Search,RESOLVED,FIXED,N/A,P3,2024-07-22T12:37:35Z,2024-07-23T09:39:17Z,130 Branch,unspecified,ContentSearchParent should take account of receiving messages from browsers that have gone away
1909204,Firefox,Translations,RESOLVED,FIXED,S3,--,2024-07-22T12:47:51Z,2024-07-27T09:09:37Z,130 Branch,Firefox 128,v128 shows all right click menu items (WASM false)
1909211,Firefox,Bookmarks & History,VERIFIED,FIXED,S4,P2,2024-07-22T13:19:10Z,2024-07-31T21:17:43Z,130 Branch,Firefox 128,Add Bookmark dialog suggests all already entered tags instead those ones related to the one being currently entered
1909218,Firefox,New Tab Page,RESOLVED,FIXED,--,--,2024-07-22T13:44:24Z,2024-08-01T17:27:21Z,---,unspecified,Home and newtab with topics onboarding and wallpaper onboarding
1909233,Firefox,Messaging System,RESOLVED,FIXED,--,P1,2024-07-22T14:18:54Z,2024-08-06T17:35:45Z,---,unspecified,[Skylight] search messaging experiment/rollout briefs link
1909245,Firefox,New Tab Page,RESOLVED,FIXED,--,--,2024-07-22T14:59:25Z,2024-07-23T09:39:25Z,130 Branch,unspecified,"With light theme and dark wallpaper, pin icon color is wrong when tile is hovered"
1909256,Firefox,New Tab Page,VERIFIED,FIXED,--,--,2024-07-22T15:38:15Z,2024-07-23T09:39:30Z,130 Branch,unspecified,Nimbus rollout for weather location (weatherLocationSearch) should use setPref instead of fallbackPref
1909301,Firefox,Address Bar,VERIFIED,FIXED,S3,P2,2024-07-22T18:35:25Z,2024-08-15T21:34:17Z,131 Branch,unspecified,Selecting a search provider from the Unified Search Button while Search Terms Persist and the search terms remain the same should retain search mode
1909310,Firefox,PDF Viewer,RESOLVED,FIXED,--,P1,2024-07-22T19:49:52Z,2024-07-24T16:40:36Z,130 Branch,unspecified,Add a preference to know if the alt text must generated automatically
1909325,Firefox,PDF Viewer,RESOLVED,FIXED,N/A,P2,2024-07-22T20:40:43Z,2024-07-25T09:35:35Z,130 Branch,Firefox 130,Implement telemetry for the new alt text flow
1909329,Firefox,PDF Viewer,RESOLVED,FIXED,--,--,2024-07-22T20:46:07Z,2024-07-25T09:35:40Z,130 Branch,unspecified,Add browserMlEnable variable to pdfjs Nimbus feature
1909430,Firefox,PDF Viewer,RESOLVED,FIXED,--,--,2024-07-23T11:04:30Z,2024-07-24T16:40:45Z,130 Branch,unspecified,Update PDF.js to new version 33493301b3ed74955699d89546c745538163baf8 from (2024-07-23 08:02:03
1909439,Firefox,Address Bar,RESOLVED,FIXED,--,--,2024-07-23T12:00:50Z,2024-10-15T11:41:44Z,---,Firefox 130,[META][QA][QA-2476] Fakespot Suggestions
1909440,Firefox,General,RESOLVED,FIXED,N/A,P3,2024-07-23T12:01:34Z,2024-08-13T15:51:02Z,131 Branch,unspecified,Move popup blocker event handling to the PopupBlockerObserver code
1909444,Firefox,Address Bar,VERIFIED,FIXED,S2,P2,2024-07-23T12:18:32Z,2024-08-05T17:37:17Z,---,Trunk,The Fakespot Suggestions have a higher score than AdM and Yelp suggestions
1909461,Firefox,Address Bar,VERIFIED,FIXED,S3,P2,2024-07-23T14:08:29Z,2024-07-27T21:25:02Z,130 Branch,unspecified,The star rating from the Fakespot Suggestions is not visible if Windows High Contrast Mode is active
1909466,Firefox,Nimbus Desktop Client,RESOLVED,FIXED,S3,P3,2024-07-23T14:21:35Z,2025-03-06T05:01:11Z,138 Branch,unspecified,Remove ExperimentAPI.off
1909480,Firefox,Messaging System,RESOLVED,FIXED,S4,P1,2024-07-23T15:16:49Z,2024-07-25T16:47:22Z,---,unspecified,[Skylight] Add surface tag and colour for WNP features
1909520,Firefox,New Tab Page,VERIFIED,FIXED,--,--,2024-07-23T18:11:17Z,2024-07-24T09:56:34Z,130 Branch,unspecified,Enable Weather prefs by default
1909531,Firefox,Messaging System,RESOLVED,FIXED,--,P1,2024-07-23T19:10:51Z,2024-08-02T16:52:04Z,---,unspecified,[Skylight] Make section title and column headers sticky
1909563,Firefox,Address Bar,RESOLVED,FIXED,N/A,P1,2024-07-23T22:25:27Z,2024-07-24T09:56:38Z,130 Branch,unspecified,Set the default Fakespot min keyword length threshold to 4
1909565,Firefox,Address Bar,RESOLVED,FIXED,N/A,P1,2024-07-23T22:44:46Z,2024-07-24T09:56:42Z,130 Branch,unspecified,Move Fakespot suggestions to the bottom of the Firefox Suggest section
1909604,Firefox,PDF Viewer,RESOLVED,FIXED,--,--,2024-07-24T08:27:03Z,2024-08-03T10:48:34Z,130 Branch,unspecified,Implement the UI for the new alt text flow
1909632,Firefox,Translations,RESOLVED,FIXED,S3,P3,2024-07-24T11:53:24Z,2024-10-30T04:03:10Z,134 Branch,Firefox 130,Page content disappears when auto-translate is enabled.
1909671,Firefox,Settings UI,RESOLVED,FIXED,--,--,2024-07-24T15:31:11Z,2024-07-27T09:43:56Z,130 Branch,unspecified,Enhanced tracking protection (ETP) radio options have no focus styling
1909676,Firefox,Address Bar,VERIFIED,FIXED,S4,P3,2024-07-24T16:04:20Z,2024-07-25T16:08:00Z,130 Branch,unspecified,Switching to a tab whose urlbar was cleared restores the URL but doesn't select it
1909704,Firefox,Sidebar,RESOLVED,FIXED,--,--,2024-07-24T17:40:27Z,2024-08-22T21:50:53Z,131 Branch,unspecified,Add three-dot menu to history and right-click menu for history and synced tabs
1909747,Firefox,Installer,RESOLVED,FIXED,S3,P3,2024-07-24T21:15:07Z,2024-08-21T12:13:59Z,131 Branch,Firefox 130,Crash in helper.exe on post update firewall setup
1909760,Firefox,New Tab Page,RESOLVED,FIXED,--,P1,2024-07-24T22:32:09Z,2024-07-30T03:06:09Z,130 Branch,unspecified,Add l10n strings for topic labels
1909783,Firefox,Sync,RESOLVED,FIXED,--,--,2024-07-25T01:12:18Z,2024-07-27T09:10:08Z,130 Branch,unspecified,Synced tabs should de-dupe URLs in the list
1909843,Firefox,Sidebar,VERIFIED,FIXED,--,--,2024-07-25T10:14:35Z,2024-08-06T21:14:32Z,131 Branch,unspecified,Tabs without favicons don't look right in the vertical tabstrip
1909850,Firefox,Sync,RESOLVED,FIXED,--,--,2024-07-25T10:50:29Z,2024-07-26T04:02:17Z,130 Branch,unspecified,Disable tab synchronization tests for Thunderbird
1909900,Firefox,New Tab Page,RESOLVED,FIXED,--,P1,2024-07-25T14:27:26Z,2024-07-29T09:50:10Z,130 Branch,unspecified,Thumbs Up/Down should have region controls
1909915,Firefox,New Tab Page,RESOLVED,FIXED,--,P3,2024-07-25T15:38:19Z,2024-10-17T04:18:36Z,133 Branch,unspecified,Activity Stream region/locale controls logic can be reduced
1909926,Firefox,Screenshots,RESOLVED,FIXED,S3,P1,2024-07-25T16:23:45Z,2024-07-30T03:06:17Z,130 Branch,unspecified,Screenshots doesn't highlight elements in shadowRoot
1909929,Firefox,Search,RESOLVED,FIXED,N/A,P2,2024-07-25T16:32:49Z,2024-08-28T20:06:20Z,---,unspecified,Update search-telemetry-v2 to categorize sponsored links found in a popup tip
1909965,Firefox,Shell Integration,RESOLVED,FIXED,--,P3,2024-07-25T18:58:42Z,2024-10-10T09:26:53Z,133 Branch,unspecified,Gray out launch on login option in about:preferences when startWithLastProfile is false
1909979,Firefox,Search,RESOLVED,FIXED,N/A,P2,2024-07-25T20:20:06Z,2024-08-08T09:43:15Z,131 Branch,unspecified,Create a popup tip component that can be found on SERPs and allow the ability to ignore reporting sponsored anchors from a SERP
1909987,Firefox,New Tab Page,RESOLVED,FIXED,--,--,2024-07-25T21:07:12Z,2024-07-27T09:10:27Z,130 Branch,unspecified,Newtab topics ensure loading screen is displayed
1909996,Firefox,Downloads Panel,RESOLVED,FIXED,S4,P5,2024-07-25T21:54:50Z,2024-11-04T21:34:44Z,134 Branch,unspecified,Intermittent browser/components/downloads/test/browser/browser_downloads_jsonview.js | single tracking bug
1910023,Firefox,Address Bar,RESOLVED,FIXED,N/A,P1,2024-07-26T03:56:42Z,2024-07-27T09:10:35Z,130 Branch,unspecified,Fix and re-enable Suggest legacy telemetry tests
1910053,Firefox,General,RESOLVED,FIXED,--,--,2024-07-26T08:06:39Z,2024-07-30T14:49:49Z,---,unspecified,Where is the source code for the snap?
1910059,Firefox,Profile Backup,VERIFIED,FIXED,S4,P3,2024-07-26T08:31:43Z,2025-10-23T14:37:33Z,146 Branch,Firefox 130,"After enabling the backup, the ""Manage backup"" button does not change to ""Turn off backup."""
1910065,Firefox,PDF Viewer,RESOLVED,FIXED,S3,P3,2024-07-26T09:02:43Z,2025-11-03T13:42:11Z,---,Firefox 130,22222483.fs1.hubspotusercontent-na1.net - The text is rendered upside-down
1910103,Firefox,Sidebar,RESOLVED,FIXED,--,P2,2024-07-26T12:58:04Z,2026-04-09T09:41:52Z,151 Branch,unspecified,Add right-click menu for device header in synced tabs in sidebar
1910109,Firefox,Settings UI,VERIFIED,FIXED,S3,P1,2024-07-26T13:45:58Z,2024-07-29T20:46:11Z,130 Branch,unspecified,Perma TEST-UNEXPECTED-FAIL | browser/components/preferences/tests/browser_search_searchTerms.js | showSearchTerms checkbox should be shown. - false == true - when Gecko 130 merges to beta on 2024-08-05
1910152,Firefox,Sidebar,RESOLVED,FIXED,--,--,2024-07-26T17:14:53Z,2024-07-30T03:06:30Z,130 Branch,unspecified,Fix show on left/right customize options for RTL.
1910169,Firefox,Translations,VERIFIED,FIXED,S4,--,2024-07-26T18:57:44Z,2026-07-21T10:16:05Z,155 Branch,unspecified,Full Page Translations Panel first-use header reverts when language is changed
1910177,Firefox,Translations,VERIFIED,FIXED,S3,--,2024-07-26T19:58:17Z,2024-08-22T04:18:00Z,131 Branch,unspecified,Translations URL-bar button can display the wrong locale when switching tabs
1910202,Firefox,Sidebar,RESOLVED,FIXED,S4,P5,2024-07-26T23:43:25Z,2024-09-17T21:32:45Z,132 Branch,unspecified,Handle the case when installing an extension with a tabstrip `action.default area` while using vertical tabs
1910203,Firefox,Theme,RESOLVED,FIXED,S2,P2,2024-07-26T23:49:08Z,2024-09-10T09:06:02Z,132 Branch,unspecified,Update all-tabs button icon so we can move the button into the nav bar when vertical tabs are enabled
1910209,Firefox,Address Bar,RESOLVED,FIXED,N/A,P2,2024-07-27T00:41:17Z,2024-08-06T16:03:05Z,131 Branch,unspecified,Improve the Fakespot suggestions engagement telemetry test
1910312,Firefox,Settings UI,RESOLVED,FIXED,S4,P1,2024-07-28T21:34:01Z,2024-08-09T21:29:46Z,131 Branch,Firefox 128,DoH settings expanding broken when compiling with MOZ_NORMANDY set to False
1910351,Firefox,Sidebar,VERIFIED,FIXED,--,P2,2024-07-29T10:47:59Z,2024-08-01T21:31:26Z,130 Branch,unspecified,Context menu doesn't open when hovering the extension icon
1910358,Firefox,Sidebar,RESOLVED,FIXED,--,P2,2024-07-29T11:11:23Z,2024-09-27T21:42:35Z,132 Branch,unspecified,"Unify size of tools, tabs and new tab buttons in the collapsed sidebar state"
1910389,Firefox,Remote Settings Client,RESOLVED,FIXED,--,--,2024-07-29T13:46:24Z,2024-07-31T03:55:36Z,130 Branch,unspecified,Uptake telemetry for security-state/intermediates has 99% `download_error` status
1910410,Firefox,Nimbus Desktop Client,VERIFIED,FIXED,S3,P1,2024-07-29T15:27:05Z,2024-07-30T03:06:45Z,130 Branch,unspecified,prefFlips experiments can fail to unenroll
1910429,Firefox,Nimbus Desktop Client,RESOLVED,FIXED,S3,P1,2024-07-29T16:41:10Z,2024-08-01T04:20:42Z,130 Branch,unspecified,Support group ID as a randomization unit in Nimbus
1910431,Firefox,PDF Viewer,VERIFIED,FIXED,S3,P1,2024-07-29T16:52:08Z,2024-11-12T10:13:26Z,134 Branch,Trunk,Typing date in MM/DD/YYYY format into PDF form fails validation causes error.
1910452,Firefox,Data Loss Prevention,RESOLVED,FIXED,--,--,2024-07-29T18:19:42Z,2024-09-12T09:26:15Z,132 Branch,unspecified,Drag-and-drop should be considered in content analysis
1910464,Firefox,Firefox Accounts,RESOLVED,FIXED,N/A,--,2024-07-29T19:33:16Z,2024-07-31T21:17:53Z,130 Branch,unspecified,Disable identity.fxaccounts.telemetry.clientAssociationPing.enabled pref for now
1910525,Firefox,New Tab Page,RESOLVED,FIXED,--,--,2024-07-30T03:24:18Z,2024-07-31T03:55:56Z,130 Branch,unspecified,Newtab topic selection button shows up in highlights/recent activity
1910526,Firefox,New Tab Page,RESOLVED,FIXED,--,--,2024-07-30T03:30:52Z,2024-08-01T04:20:50Z,130 Branch,unspecified,Newtab need mechanisim to turn on and off topic onboarding functionality
1910576,Firefox,Tabbed Browser,RESOLVED,FIXED,--,--,2024-07-30T09:57:36Z,2024-07-31T21:17:57Z,130 Branch,unspecified,tabbrowser.js needs to check tabContainer.verticalMode rather than tabContainer.inVerticalTabsMode
1910581,Firefox,Sidebar,RESOLVED,FIXED,S3,P2,2024-07-30T10:54:43Z,2024-08-29T04:12:10Z,131 Branch,unspecified,Context menu doesn't respect the add-on permissions/prefs
1910601,Firefox,Tabbed Browser,RESOLVED,FIXED,N/A,P1,2024-07-30T12:14:47Z,2024-07-31T16:25:41Z,130 Branch,unspecified,Remove _verticalTabs property and use verticalMode instead
1910623,Firefox,Settings UI,RESOLVED,FIXED,S2,P2,2024-07-30T14:35:44Z,2024-08-02T09:22:47Z,130 Branch,unspecified,Firefox Labs telemetry is recorded when clicking on labels/descriptions
1910625,Firefox,Messaging System,RESOLVED,FIXED,--,P2,2024-07-30T14:48:17Z,2024-09-05T14:23:18Z,---,unspecified,[Spike] Investigate tab orientation and button style checklist items in about:welcome
1910633,Firefox,Messaging System,RESOLVED,FIXED,--,P1,2024-07-30T15:07:24Z,2024-09-20T09:08:11Z,132 Branch,unspecified,Create/update an about:welcome template to support the Sidebar onboarding tab orientation designs
1910641,Firefox,Messaging System,RESOLVED,FIXED,--,P1,2024-07-30T15:47:14Z,2024-10-08T04:24:34Z,133 Branch,unspecified,"Update the ""Finish Setup"" toolbar button for the onboarding setup checklist experiment"
1910664,Firefox,Tabbed Browser,RESOLVED,FIXED,--,--,2024-07-30T17:14:33Z,2026-08-26T16:11:23Z,156 Branch,unspecified,Cleanup dead code in PageThumbs (preserveAspectRatio)
1910665,Firefox,Address Bar,VERIFIED,FIXED,--,--,2024-07-30T17:16:01Z,2024-08-22T16:26:21Z,---,unspecified,Enable trending suggestions for all locales on ESR128
1910682,Firefox,New Tab Page,RESOLVED,FIXED,--,--,2024-07-30T17:53:21Z,2024-08-02T09:22:54Z,130 Branch,unspecified,Newtab swap out learn more link
1910685,Firefox,Sidebar,RESOLVED,FIXED,--,--,2024-07-30T18:03:43Z,2024-08-02T09:22:58Z,130 Branch,unspecified,Expose sidebar strings for localization
1910689,Firefox,New Tab Page,RESOLVED,FIXED,--,--,2024-07-30T18:10:57Z,2024-07-31T21:18:14Z,130 Branch,unspecified,Add additional Telemetry to assist in Topic boosting algorithm improvements
1910694,Firefox,Session Restore,RESOLVED,FIXED,S3,P3,2024-07-30T18:44:11Z,2025-09-19T08:57:40Z,145 Branch,unspecified,Session Restore log files will not get updated or deleted if the browser is not restarted.
1910733,Firefox,Sidebar,RESOLVED,FIXED,--,--,2024-07-30T20:31:49Z,2024-08-27T21:42:08Z,131 Branch,unspecified,Update content area and sidebar panel to have a border and box shadow.
1910757,Firefox,New Tab Page,RESOLVED,FIXED,--,--,2024-07-30T20:59:34Z,2024-07-31T03:56:50Z,130 Branch,unspecified,Enable topic labels by default
1910759,Firefox,New Tab Page,RESOLVED,FIXED,--,--,2024-07-30T21:00:26Z,2024-08-01T04:20:55Z,130 Branch,unspecified,Update Nightly only prefs to Nightly or Early Beta
1910776,Firefox,New Tab Page,RESOLVED,FIXED,--,--,2024-07-30T22:29:48Z,2024-07-31T16:26:38Z,130 Branch,unspecified,Newtab flip wallpapers pref on
1910826,Firefox,Address Bar,VERIFIED,FIXED,S4,P1,2024-07-31T06:17:54Z,2024-08-01T21:31:30Z,130 Branch,unspecified,"Hard to see the icon for Bookmarks, Tabs, History and Action in dark mode"
1910901,Firefox,Tabbed Browser,VERIFIED,FIXED,--,--,2024-07-31T13:50:59Z,2024-08-02T09:23:05Z,130 Branch,unspecified,Perma browser/components/tabbrowser/test/browser/tabs/browser_tab_preview.js | Test timed out - when Gecko 130 merges to beta on 2024-08-05
1910902,Firefox,Sidebar,RESOLVED,FIXED,--,--,2024-07-31T13:54:07Z,2026-03-27T09:27:14Z,151 Branch,unspecified,Remove old sidebar icons no longer and replace with new.
1910904,Firefox,New Tab Page,RESOLVED,FIXED,--,--,2024-07-31T13:56:54Z,2024-08-01T04:21:11Z,130 Branch,unspecified,Newtab topic selection onboarding handle if modal is ignored
1910909,Firefox,Shell Integration,RESOLVED,FIXED,--,P3,2024-07-31T14:16:27Z,2024-10-15T11:41:53Z,---,unspecified,[META][QA][QA-2552] Windows Default MailTo Handler Experiment
1910910,Firefox,Shell Integration,VERIFIED,FIXED,S2,--,2024-07-31T14:18:42Z,2024-09-07T09:26:21Z,132 Branch,Trunk,"[Experiment] No telemetry is registered after clicking the ""Not now"" or ""X"" button of the infobar"
1910920,Firefox,Screenshots,RESOLVED,FIXED,S3,P1,2024-07-31T15:41:10Z,2024-08-02T09:23:09Z,130 Branch,unspecified,Screenshots should use openOrClosedShadowRoot instead of shadowRoot
1910923,Firefox,Normandy Client,RESOLVED,FIXED,S4,P5,2024-07-31T15:59:14Z,2024-08-02T09:23:12Z,130 Branch,unspecified,"Intermittent [TV] toolkit/components/normandy/test/browser/browser_about_studies.js | Inactive studies are grouped by enabled status, and sorted by date - [""my-testing-rollout"",""my-testing-experiment"",""fake-study-e"",""fake-study-b""] deepEqual [""fake-stud"
1910953,Firefox,Profile Backup,RESOLVED,FIXED,N/A,P3,2024-07-31T18:01:57Z,2024-08-06T21:14:43Z,131 Branch,unspecified,Prevent interleaving of backup creation and deletion using a Web Lock
1910964,Firefox,Installer,VERIFIED,FIXED,S3,P3,2024-07-31T19:22:37Z,2026-03-09T21:47:22Z,150 Branch,unspecified,MSI should install into existing Firefox install directory
1910966,Firefox,New Tab Page,RESOLVED,FIXED,--,--,2024-07-31T19:26:25Z,2024-09-30T17:01:47Z,---,unspecified,Data review for selected_topics and matches_selected_topic telemetry
1910967,Firefox,New Tab Page,RESOLVED,FIXED,--,--,2024-07-31T19:27:04Z,2024-08-02T09:23:15Z,130 Branch,unspecified,Move topicSelection prefs in FeatureManifest out of pocketNewtab namespace
1910968,Firefox,Profile Backup,RESOLVED,FIXED,N/A,P3,2024-07-31T19:30:59Z,2024-09-05T04:26:21Z,132 Branch,unspecified,Ensure that search engines with invalid verification hashes aren't recovered and validated
1911022,Firefox,Address Bar,VERIFIED,FIXED,S3,P2,2024-08-01T04:11:19Z,2024-12-14T09:59:50Z,135 Branch,unspecified,Drag-and-drop of (large amount of) text on address bar causes 7s hang on the parent process
1911068,Firefox,Sidebar,RESOLVED,FIXED,--,--,2024-08-01T11:29:22Z,2024-08-27T09:34:02Z,131 Branch,unspecified,Utilize expanded attribute on History and Sync Tabs cards
1911070,Firefox,Shell Integration,VERIFIED,FIXED,S2,--,2024-08-01T11:50:12Z,2024-09-10T09:06:11Z,132 Branch,Trunk,"[Experiment] Two infobars are displayed on ""treatment-a"" branch when first navigating on a webmail page that already exists in the Applications list"
1911091,Firefox,New Tab Page,RESOLVED,FIXED,--,--,2024-08-01T13:41:34Z,2024-08-02T09:23:29Z,130 Branch,unspecified,Remove duplicate button in topic selection modal
1911108,Firefox,PDF Viewer,RESOLVED,FIXED,--,P1,2024-08-01T15:06:02Z,2024-08-02T09:23:33Z,130 Branch,unspecified,Wait for having downloaded all the model files when creating the engine
1911113,Firefox,New Tab Page,RESOLVED,FIXED,--,--,2024-08-01T15:39:21Z,2024-08-02T09:23:36Z,130 Branch,unspecified,Topic Selection: Update interests button has no hover styles when a wallpaper is enabled
1911117,Firefox,Search,RESOLVED,FIXED,S4,P5,2024-08-01T16:02:31Z,2024-08-02T09:23:40Z,130 Branch,unspecified,Intermittent browser/components/search/test/browser/telemetry/browser_search_telemetry_categorization_experiment_info.js | single tracking bug
1911123,Firefox,Messaging System,RESOLVED,FIXED,--,P2,2024-08-01T16:23:11Z,2024-08-03T09:55:38Z,130 Branch,unspecified,Add configurable description text for checklist items in about:welcome MultiSelect component
1911162,Firefox,New Tab Page,RESOLVED,FIXED,--,--,2024-08-01T18:32:17Z,2024-08-03T09:55:42Z,130 Branch,unspecified,Recommended Stories title doesn't always show correct string when topics are selected
1911166,Firefox,New Tab Page,RESOLVED,FIXED,--,--,2024-08-01T18:50:13Z,2024-08-02T09:23:43Z,130 Branch,unspecified,Newtab topic selection loading state needs to be noticible to the user
1911184,Firefox,PDF Viewer,RESOLVED,FIXED,--,--,2024-08-01T20:07:10Z,2024-08-03T09:55:46Z,130 Branch,unspecified,Update PDF.js to new version a372bf8f4daf4d19e4914866bb3486076a31dbfb from (2024-08-01 19:55:41)
1911194,Firefox,Sidebar,VERIFIED,FIXED,--,--,2024-08-01T21:19:28Z,2024-08-03T09:55:52Z,130 Branch,unspecified,Only set min-width of sidebar panel if it contains GenAI chatbot
1911246,Firefox,Shell Integration,RESOLVED,FIXED,S4,P3,2024-08-02T08:10:33Z,2026-03-10T21:31:18Z,150 Branch,Firefox 148,"[Flatpak] Firefox keeps asking to set it as the default browser, even after doing so"
1911321,Firefox,Settings UI,RESOLVED,FIXED,S3,P1,2024-08-02T14:50:22Z,2024-08-14T16:41:44Z,131 Branch,unspecified,Add new set-fallback method to intl.ui.browserLanguage telemetry action
1911342,Firefox,Translations,VERIFIED,FIXED,S3,--,2024-08-02T16:17:20Z,2024-08-16T21:37:25Z,131 Branch,unspecified,FullPageTranslationsPanel Translate button no longer correctly reacts to language changes
1911344,Firefox,New Tab Page,RESOLVED,FIXED,--,--,2024-08-02T16:17:51Z,2024-08-03T09:56:21Z,130 Branch,unspecified,Enable topic selection and labels to nightly & beta
1911403,Firefox,Untriaged,RESOLVED,FIXED,--,--,2024-08-03T03:26:21Z,2024-08-07T16:12:44Z,131 Branch,Trunk,"Typo in source code, `explictly` -> `explicitly`"
1911535,Firefox,Messaging System,VERIFIED,FIXED,S2,P1,2024-08-05T09:30:08Z,2024-08-07T06:58:22Z,---,Firefox 123,[Experiment] [Branch A] The “Recommend add-ons media” callout is still appearing even if the user has selected “Don't show this recommendation again” option
1911546,Firefox,New Tab Page,VERIFIED,FIXED,--,--,2024-08-05T11:04:17Z,2024-08-06T16:03:25Z,131 Branch,unspecified,"""Select topics to fine-tune your feed"" popup doesn't have any :hover or :active styling for its ""Learn how we protect and manage data"" link"
1911613,Firefox,New Tab Page,RESOLVED,FIXED,--,--,2024-08-05T15:50:38Z,2024-08-06T16:03:33Z,131 Branch,unspecified,add new topic label for Home & Garden
1911626,Firefox,Sidebar,RESOLVED,FIXED,--,--,2024-08-05T16:22:50Z,2024-09-13T18:26:48Z,132 Branch,unspecified,Add close remote tab for synced tabs in sidebar
1911639,Firefox,Address Bar,RESOLVED,FIXED,N/A,P3,2024-08-05T17:41:40Z,2024-10-03T21:33:05Z,133 Branch,Firefox 133,Suggest Metrics (JS side)
1911659,Firefox,New Tab Page,RESOLVED,FIXED,--,--,2024-08-05T18:37:46Z,2024-08-27T21:42:13Z,131 Branch,unspecified,Variant A – Update spacing and size of shortcuts
1911683,Firefox,Address Bar,RESOLVED,FIXED,N/A,P2,2024-08-05T22:28:52Z,2024-08-06T16:03:48Z,131 Branch,unspecified,Remove shouldNavigate for dynamic result types and make UrlbarUtils.getUrlFromResult() fall back to payload.url for all results
1911729,Firefox,Menus,RESOLVED,FIXED,--,--,2024-08-06T06:51:09Z,2024-08-06T21:16:24Z,131 Branch,unspecified,Move openContextMenu from nsContextMenu.js to ContextMenuParent.sys.mjs
1911738,Firefox,PDF Viewer,VERIFIED,FIXED,S3,P1,2024-08-06T08:14:52Z,2024-08-12T22:10:30Z,131 Branch,unspecified,Update the string for the disclaimer in new alt-text dialog
1911749,Firefox,Sidebar,RESOLVED,FIXED,--,P1,2024-08-06T09:56:04Z,2024-10-18T09:42:06Z,133 Branch,unspecified,Update History and Tabs from other devices strings (shared with Firefox View)
1911764,Firefox,PDF Viewer,VERIFIED,FIXED,S4,P1,2024-08-06T11:48:53Z,2024-09-10T13:22:07Z,132 Branch,Trunk,"The Label ""This Alt text was created automatically"" is still displayed on an empty description field"
1911777,Firefox,Address Bar,VERIFIED,FIXED,--,--,2024-08-06T12:53:51Z,2024-08-08T09:43:58Z,131 Branch,Firefox 131,"After typing star in the address bar, two filters show up: ""Bookmarks"" and ""Zakładki"""
1911795,Firefox,PDF Viewer,VERIFIED,FIXED,S3,P1,2024-08-06T13:55:32Z,2024-08-09T03:53:35Z,131 Branch,Trunk,The AI Alt Text model is not displayed in a second window
1911826,Firefox,Enterprise Policies,RESOLVED,FIXED,--,--,2024-08-06T15:20:16Z,2024-08-07T03:47:38Z,131 Branch,unspecified,Update UserMessaging policy to remove Mozilla Labs
1911877,Firefox,Messaging System,RESOLVED,FIXED,S4,P1,2024-08-06T17:51:18Z,2024-10-22T21:37:27Z,133 Branch,unspecified,[Docs] Feature callout doc incorrectly says randomize is a property of tiles rather than MultiSelectItem
1911878,Firefox,Messaging System,RESOLVED,FIXED,--,P1,2024-08-06T17:53:29Z,2024-08-21T09:26:37Z,131 Branch,unspecified,Multi select items' checkboxes or radio buttons can shrink in feature callouts if their label wraps onto more than 1 line
1911881,Firefox,Messaging System,RESOLVED,FIXED,S3,P2,2024-08-06T18:01:10Z,2026-08-25T21:41:52Z,156 Branch,unspecified,[Devtools] Feature tours don't work correctly when triggered from the devtools
1911889,Firefox,Theme,VERIFIED,FIXED,--,--,2024-08-06T19:10:08Z,2024-09-13T21:46:34Z,132 Branch,unspecified,Update the tab icon that indicates sound playing
1911890,Firefox,Translations,RESOLVED,FIXED,S3,--,2024-08-06T19:26:35Z,2024-08-13T20:30:52Z,131 Branch,unspecified,Translations Remote Settings sync does not properly handle publishing models with a higher minor verison
1911896,Firefox,Translations,RESOLVED,FIXED,S3,--,2024-08-06T20:10:44Z,2024-08-13T20:30:56Z,131 Branch,unspecified,Translations Panel menulists do not react to Remote Settings sync until browser restart
1911897,Firefox,Translations,VERIFIED,FIXED,S3,--,2024-08-06T20:14:16Z,2024-08-13T20:31:00Z,131 Branch,unspecified,Translations Panel menulists do not react to changing the application locale until browser restart
1911908,Firefox,New Tab Page,RESOLVED,FIXED,--,P1,2024-08-06T21:49:56Z,2024-08-08T21:53:55Z,131 Branch,unspecified,Add pref and CSS hook for Variant A in Layouts experiment
1911924,Firefox,Tabbed Browser,VERIFIED,FIXED,S3,--,2024-08-07T00:02:58Z,2024-08-14T16:41:48Z,131 Branch,Firefox 130,Tab hover preview has a placeholder even when the image preview is disabled
1911980,Firefox,PDF Viewer,VERIFIED,FIXED,S3,P1,2024-08-07T08:25:25Z,2024-10-08T12:57:51Z,133 Branch,Trunk,Added images will overlap the PDF More Tools Menu
1911981,Firefox,Search,RESOLVED,FIXED,N/A,P2,2024-08-07T08:34:48Z,2024-08-27T21:42:17Z,131 Branch,unspecified,Replace uses of SearchTestUtils.useTestEngines with SearchTestUtils.setRemoteSettingsConfig
1912001,Firefox,PDF Viewer,VERIFIED,FIXED,S2,P1,2024-08-07T09:42:44Z,2024-09-16T08:13:28Z,132 Branch,Trunk,NVDA will not read the Alt text out loud from an Added image of a Saved PDF
1912017,Firefox,Sidebar,RESOLVED,FIXED,S4,P2,2024-08-07T11:34:45Z,2024-08-15T15:46:14Z,131 Branch,unspecified,TypeErrors in browser-sidebar.js as a result of setting prefs in tests
1912020,Firefox,Sidebar,RESOLVED,FIXED,--,P1,2024-08-07T11:44:37Z,2025-10-15T21:39:56Z,146 Branch,unspecified,Update browser_ext_themes_sidebar test to account for new theme colors
1912024,Firefox,PDF Viewer,VERIFIED,FIXED,S3,P1,2024-08-07T12:11:43Z,2024-08-08T09:44:28Z,131 Branch,unspecified,Disable/enable ML in all the existing pdf viewers
1912040,Firefox,Address Bar,RESOLVED,FIXED,--,--,2024-08-07T13:18:11Z,2024-08-14T16:41:56Z,131 Branch,unspecified,Remove all instances of onLegacyEngagement()
1912045,Firefox,Address Bar,RESOLVED,FIXED,N/A,P2,2024-08-07T13:46:35Z,2024-08-19T09:42:33Z,131 Branch,unspecified,Autofill for search restrict keywords
1912051,Firefox,Search,RESOLVED,FIXED,N/A,P3,2024-08-07T13:54:12Z,2024-09-13T21:46:38Z,132 Branch,unspecified,Improve naming of the test files used for search settings migration/loading tests
1912053,Firefox,Toolbars and Customization,RESOLVED,FIXED,S4,P3,2024-08-07T14:03:38Z,2025-08-26T11:43:00Z,132 Branch,Trunk,Console error when toolbar overflows
1912174,Firefox,Address Bar,RESOLVED,FIXED,--,--,2024-08-08T03:02:52Z,2024-08-27T21:42:29Z,131 Branch,unspecified,Remove or update metrics expiring in Firefox 132: urlbar.quick_suggest_contextual_opt_in before Gecko version gets increased to 132 on 2024-09-02
1912184,Firefox,General,RESOLVED,FIXED,--,P1,2024-08-08T03:03:48Z,2024-08-27T21:42:33Z,131 Branch,unspecified,Remove or update metrics expiring in Firefox 132: networking.set_cookie_* before Gecko version gets increased to 132 on 2024-09-02
1912192,Firefox,Shell Integration,RESOLVED,FIXED,S4,P5,2024-08-08T04:16:00Z,2024-08-08T16:47:42Z,131 Branch,unspecified,Perma [tier 2] Windows MinGW all /builds/worker/checkouts/gecko/browser/components/shell/Windows11LimitedAccessFeatures.cpp:367:10: error: use of undeclared identifier 'Err'; did you mean 'mozilla::Err'?
1912229,Firefox,Sidebar,VERIFIED,FIXED,S3,P2,2024-08-08T09:23:22Z,2024-08-21T09:27:35Z,131 Branch,Firefox 131,Sidebar will default to showing on left after restarting firefox even when set to show on the right in settings
1912245,Firefox,Data Loss Prevention,VERIFIED,FIXED,S3,--,2024-08-08T10:52:15Z,2024-08-24T09:32:08Z,131 Branch,Trunk,Firefox fails to relaunch if it’s closed via the keyboard or App menu while the “Scan in progress” dialog is shown with certain policies
1912275,Firefox,Tabbed Browser,VERIFIED,FIXED,--,--,2024-08-08T13:30:17Z,2024-08-14T16:42:01Z,131 Branch,unspecified,"Collapsing tab group with selected tab changes the selected tab to a non-grouped tab, creating a new one if none exists"
1912281,Firefox,Sidebar,RESOLVED,FIXED,--,--,2024-08-08T13:47:16Z,2024-08-08T21:54:32Z,131 Branch,unspecified,Fix alignment of tabs and tools in the sidebar
1912312,Firefox,Sidebar,VERIFIED,FIXED,S3,P1,2024-08-08T15:51:53Z,2024-08-10T09:08:34Z,131 Branch,unspecified,Sidebar toolbar button doesn't show up once the sidebar.revamp pref is flipped
1912333,Firefox,Messaging System,RESOLVED,FIXED,S3,P1,2024-08-08T17:55:02Z,2024-09-05T04:26:34Z,132 Branch,unspecified,Create special message action to bookmark current tab
1912351,Firefox,Messaging System,RESOLVED,FIXED,--,P1,2024-08-08T22:30:44Z,2024-08-27T21:42:37Z,131 Branch,unspecified,Create an on-search targeting and trigger to be used in future experiments
1912377,Firefox,Sidebar,VERIFIED,FIXED,S3,--,2024-08-09T06:19:35Z,2024-08-09T21:33:23Z,131 Branch,Trunk,Customize Sidebar - Firefox tools icons are overlapping the tools titles
1912384,Firefox,Data Loss Prevention,VERIFIED,FIXED,S3,--,2024-08-09T07:16:34Z,2024-08-22T21:51:17Z,131 Branch,Trunk,Firefox DLP scans the pasted content multiple times in Google/OneDrive Documents
1912391,Firefox,Tabbed Browser,VERIFIED,FIXED,S2,P2,2024-08-09T08:00:01Z,2024-09-09T09:30:11Z,132 Branch,unspecified,Tab preview for vertical tab hides other tabs
1912403,Firefox,General,RESOLVED,FIXED,--,--,2024-08-09T09:58:20Z,2024-10-22T04:09:07Z,133 Branch,unspecified,Remove inline events handlers from navigator-toolbox
1912405,Firefox,Protections UI,VERIFIED,FIXED,S3,P3,2024-08-09T10:04:38Z,2024-08-19T16:15:35Z,131 Branch,unspecified,gProtectionsHandler onClick does not work due to bubbling
1912416,Firefox,Address Bar,VERIFIED,FIXED,S3,P3,2024-08-09T10:59:47Z,2024-10-30T04:03:17Z,134 Branch,Firefox 129,Pressing Ctrl+Shift+Left Arrow while all texts are highlighted in address bar unselects them
1912493,Firefox,Sidebar,RESOLVED,FIXED,--,--,2024-08-09T16:17:14Z,2024-08-16T21:37:47Z,131 Branch,unspecified,Minor updates to Sidebar Settings styles
1912500,Firefox,PDF Viewer,VERIFIED,FIXED,--,P1,2024-08-09T17:15:29Z,2024-08-15T21:34:43Z,131 Branch,unspecified,Implement the telemetry for the new alt text flow
1912513,Firefox,Sidebar,RESOLVED,FIXED,--,--,2024-08-09T18:40:16Z,2024-08-13T09:48:16Z,131 Branch,unspecified,Delete from History button should use a trash can icon
1912529,Firefox,Profile Backup,RESOLVED,FIXED,N/A,P3,2024-08-09T20:16:03Z,2024-08-15T21:34:56Z,131 Branch,unspecified,Add high-level architecture documentation for BackupService
1912537,Firefox,File Handling,VERIFIED,FIXED,S3,P1,2024-08-09T21:29:06Z,2024-09-30T21:30:38Z,133 Branch,unspecified,Should display origin in external protocol prompt if it does not match origin displayed in URL bar (Spoofing external protocol origin using data: url)
1912562,Firefox,Sidebar,VERIFIED,FIXED,S4,P2,2024-08-10T05:11:16Z,2024-09-13T17:53:39Z,131 Branch,unspecified,Focus to the search box when opening the new history sidebar
1912565,Firefox,Address Bar,RESOLVED,FIXED,S2,P1,2024-08-10T06:25:47Z,2024-08-20T09:53:51Z,131 Branch,Firefox 129,Ads Break Firefox Suggest
1912601,Firefox,PDF Viewer,RESOLVED,FIXED,--,--,2024-08-10T16:53:19Z,2024-08-12T21:38:18Z,131 Branch,unspecified,Update PDF.js to new version e44e4db5294c8eba2d56e8733c82416beb62f46c from (2024-08-02 16:02:53)
1912762,Firefox,PDF Viewer,RESOLVED,FIXED,--,--,2024-08-12T13:20:39Z,2026-04-17T13:09:35Z,---,unspecified,[META] [QA] [QA-2376] New alt text flow and alt text generation experiment
1912765,Firefox,PDF Viewer,VERIFIED,FIXED,S2,--,2024-08-12T13:32:15Z,2024-08-27T08:09:14Z,---,Firefox 130,[Experiment] No Alt Text generation telemetry events are displayed in glean
1912790,Firefox,Shell Integration,VERIFIED,FIXED,S3,--,2024-08-12T16:02:17Z,2024-08-27T09:34:11Z,131 Branch,Firefox 131,Notification message for Windows Private Browsing Pinning is displayed twice.
1912808,Firefox,Translations,RESOLVED,FIXED,S4,P5,2024-08-12T17:57:45Z,2024-08-29T21:33:00Z,131 Branch,unspecified,Perma documenation ./mach doc | Error: 7 new warnings have been introduced compared to the limit in docs/config.yml
1912893,Firefox,Remote Settings Client,RESOLVED,FIXED,--,--,2024-08-13T10:32:50Z,2024-08-13T20:31:18Z,131 Branch,unspecified,Extracting the attachments bundle leads to shutdown crash
1912902,Firefox,Sidebar,RESOLVED,FIXED,--,--,2024-08-13T11:00:49Z,2024-08-21T09:27:53Z,131 Branch,unspecified,Truncate headings and accordions on Sidebar
1913022,Firefox,Address Bar,VERIFIED,FIXED,--,--,2024-08-13T22:02:20Z,2024-08-16T05:18:17Z,131 Branch,Firefox 130,network.IDN_show_punycode stopped working
1913053,Firefox,Theme,VERIFIED,FIXED,S3,P1,2024-08-14T05:36:21Z,2024-08-15T21:36:08Z,131 Branch,Firefox 130,"When folder(s) and/or bookmark(s) in the sidebar are selected and have focus, the background color of the items turns light gray (#F0F0F0), while the text color turns white, making it almost impossible to see the text when using the Light theme."
1913142,Firefox,Remote Settings Client,RESOLVED,FIXED,S2,P2,2024-08-14T13:01:36Z,2024-09-19T21:29:13Z,132 Branch,unspecified,Save attachments in bulk when extracting the bundle
1913157,Firefox,Sidebar,VERIFIED,FIXED,--,--,2024-08-14T14:13:10Z,2024-08-27T21:42:44Z,131 Branch,unspecified,Turning on Vertical Tabs in Firefox Labs doesn't automatically toggle on the new Sidebar option on inital load of the browser
1913179,Firefox,Address Bar,RESOLVED,FIXED,S4,P5,2024-08-14T15:48:02Z,2024-08-22T21:51:42Z,131 Branch,unspecified,"Intermittent [TV] browser/components/urlbar/tests/engagementTelemetry/browser/browser_glean_telemetry_exposure.js | This test exceeded the timeout threshold. It should be rewritten or split up. If that's not possible, use requestLongerTimeout("
1913180,Firefox,Settings UI,RESOLVED,FIXED,S4,P5,2024-08-14T15:48:42Z,2024-08-23T21:37:24Z,131 Branch,unspecified,"Intermittent [TV] browser/components/preferences/tests/browser_browser_languages_subdialog.js | This test exceeded the timeout threshold. It should be rewritten or split up. If that's not possible, use requestLongerTimeout(N), but only as a last resort. -"
1913193,Firefox,Address Bar,VERIFIED,FIXED,S3,P2,2024-08-14T17:28:17Z,2024-10-15T16:20:27Z,133 Branch,unspecified,Dedicated Search button gets stuck after clicking it twice
1913197,Firefox,Address Bar,VERIFIED,FIXED,S3,--,2024-08-14T17:41:53Z,2024-08-25T09:57:39Z,131 Branch,unspecified,[Dedicated Search button] about:preferences#search is not put in foreground if already open in a different window
1913199,Firefox,Address Bar,VERIFIED,FIXED,S4,P3,2024-08-14T17:48:13Z,2024-09-14T09:23:03Z,132 Branch,unspecified,Address bar text doesn’t get cleared after using tab to select a search engine
1913200,Firefox,Address Bar,VERIFIED,FIXED,S4,P3,2024-08-14T17:53:13Z,2024-09-12T09:26:35Z,132 Branch,unspecified,Focus is applied on the first engine when opening the Dedicated Search button
1913204,Firefox,Address Bar,RESOLVED,FIXED,S3,P2,2024-08-14T18:07:16Z,2024-09-10T09:06:24Z,132 Branch,unspecified,New Switch to tab button does not distinguish between container and regular tabs
1913205,Firefox,Address Bar,VERIFIED,FIXED,S3,P3,2024-08-14T18:09:32Z,2024-09-14T09:23:09Z,132 Branch,unspecified,Switch to tab doesn’t display the url upon pressing Ctrl
1913234,Firefox,Address Bar,VERIFIED,FIXED,S4,P3,2024-08-14T22:44:43Z,2024-09-27T04:22:37Z,132 Branch,unspecified,Unified Search Button active state can be inconsistent depending on what was clicked
1913279,Firefox,Tabbed Browser,VERIFIED,FIXED,S2,P1,2024-08-15T09:37:37Z,2024-09-10T09:06:29Z,132 Branch,unspecified,Scroll to the selected tab when in vertical tabs mode
1913312,Firefox,Address Bar,RESOLVED,FIXED,N/A,P2,2024-08-15T12:10:36Z,2024-09-21T09:26:47Z,132 Branch,unspecified,Enable persisted search with non-default app provided search engines
1913362,Firefox,Toolbars and Customization,RESOLVED,FIXED,N/A,P1,2024-08-15T16:14:03Z,2024-08-29T21:33:04Z,131 Branch,unspecified,"Mirror browser.ui.toolbar_widgets so it is collected in both Glean ""metrics"" pings and Legacy ""main"" pings"
1913431,Firefox,Messaging System,RESOLVED,FIXED,S3,P1,2024-08-16T09:17:06Z,2024-09-25T09:09:01Z,132 Branch,unspecified,Newtab topic personalization modal blocks messaging system messages
1913452,Firefox,New Tab Page,RESOLVED,FIXED,--,--,2024-08-16T11:37:32Z,2024-08-24T09:32:19Z,131 Branch,unspecified,Unnecessary scrollbar on new-tab page when browsing new-tab wallpapers
1913453,Firefox,PDF Viewer,RESOLVED,FIXED,--,--,2024-08-16T11:39:32Z,2024-08-16T21:39:55Z,131 Branch,unspecified,Chmod ugo-x toolkit/components/pdfjs/test/file_empty_test.pdf
1913478,Firefox,Address Bar,VERIFIED,FIXED,--,--,2024-08-16T13:39:08Z,2024-08-20T21:45:11Z,131 Branch,unspecified,"Perma TEST-UNEXPECTED-FAIL | browser/components/urlbar/tests/browser/browser_UrlbarInput_<...>.js | Check the scheme box visibility - ""hidden"" == ""visible"" | Search string should be the urlbar value. | when Gecko 131 merges to beta on 2024-09-02"
1913502,Firefox,Address Bar,RESOLVED,FIXED,N/A,P1,2024-08-16T16:51:50Z,2024-10-10T18:58:15Z,---,unspecified,[meta] Sponsored Suggestion Higher Placement Phase 3
1913507,Firefox,Address Bar,RESOLVED,FIXED,N/A,P1,2024-08-16T17:10:15Z,2024-08-20T09:53:57Z,131 Branch,unspecified,Implement Sponsored Suggestion Higher Placement Phase 3
1913760,Firefox,Data Loss Prevention,VERIFIED,FIXED,S3,--,2024-08-19T14:23:58Z,2024-08-26T09:51:27Z,131 Branch,unspecified,Pasting blocked DLP data from Google Docs to Google Docs gets pasted anyway
1913762,Firefox,General,RESOLVED,FIXED,--,--,2024-08-19T14:39:17Z,2024-08-20T21:46:10Z,131 Branch,unspecified,"0.84 - 0.8% Base Content JS / Base Content JS + 1 more (Linux, OSX, Windows) regression on Wed August 14 2024"
1913769,Firefox,Data Loss Prevention,RESOLVED,FIXED,--,--,2024-08-19T15:29:13Z,2024-08-25T09:57:43Z,131 Branch,unspecified,Intermittent SUMMARY: AddressSanitizer: stack-buffer-overflow /builds/worker/workspace/obj-build/dist/include/mozilla/Maybe.h:473 in mozilla::Maybe<bool>::isSome
1913779,Firefox,Sidebar,VERIFIED,FIXED,--,--,2024-08-19T15:54:18Z,2024-08-27T21:42:53Z,131 Branch,Firefox 131,Opening the History sidebar briefly flashes the empty placeholder while loading
1913811,Firefox,Messaging System,RESOLVED,FIXED,--,P1,2024-08-19T19:59:28Z,2024-08-23T16:18:32Z,---,unspecified,[Experiment] Roll out Windows One-Click Set to Default for New Users
1913858,Firefox,File Handling,RESOLVED,FIXED,S4,P1,2024-08-20T02:13:00Z,2025-01-02T21:30:49Z,135 Branch,Firefox 129,webp file opened when download unfinished (caused by Icaros Shell Extension)
1913880,Firefox,PDF Viewer,RESOLVED,FIXED,--,--,2024-08-20T06:17:32Z,2024-08-22T21:52:04Z,131 Branch,unspecified,Update PDF.js to new version e0fc1a341a9917e1cdd15f2d4b91cee3f448bea0 from 2024-08-19 18:26:56
1913906,Firefox,Sidebar,RESOLVED,FIXED,S4,P2,2024-08-20T10:50:34Z,2024-08-22T21:52:08Z,131 Branch,unspecified,History empty state doesn't match specs
1913971,Firefox,Sidebar,VERIFIED,FIXED,S3,P1,2024-08-20T14:59:51Z,2024-09-12T09:26:45Z,132 Branch,unspecified,Drag and drop not a great experience for pinned tabs in the new sidebar when it's expanded
1913973,Firefox,New Tab Page,RESOLVED,FIXED,--,--,2024-08-20T15:03:02Z,2024-08-22T04:19:06Z,131 Branch,unspecified,HNT page not responsive/scaling properly in Responsive Design Mode
1913974,Firefox,New Tab Page,RESOLVED,FIXED,--,--,2024-08-20T15:04:54Z,2025-01-08T09:37:55Z,136 Branch,unspecified,Add additional hex color options
1914045,Firefox,New Tab Page,RESOLVED,FIXED,--,--,2024-08-20T20:16:02Z,2024-08-22T04:19:19Z,131 Branch,unspecified,[Layout Expt] Add fourth column (Recommended stories) on super-wide screens
1914047,Firefox,New Tab Page,RESOLVED,FIXED,--,--,2024-08-20T20:22:49Z,2024-08-23T09:18:38Z,131 Branch,unspecified,[Layout Expt] Add nimbus prefs for Variant B experiment
1914050,Firefox,New Tab Page,RESOLVED,FIXED,--,--,2024-08-20T20:34:45Z,2024-08-23T09:18:44Z,131 Branch,unspecified,[Layout Expt] Make card width consistent across all breakpoints
1914053,Firefox,New Tab Page,RESOLVED,FIXED,--,--,2024-08-20T20:37:23Z,2024-08-27T21:42:56Z,131 Branch,unspecified,[Layout Expt] Increase search bar width on smaller breakpoints
1914055,Firefox,New Tab Page,RESOLVED,FIXED,--,--,2024-08-20T20:49:15Z,2024-08-24T09:32:37Z,131 Branch,unspecified,[Layout Expt] Show Firefox logo regardless if search section is enabled
1914068,Firefox,Data Loss Prevention,VERIFIED,FIXED,S3,--,2024-08-20T22:04:13Z,2024-09-05T04:26:54Z,132 Branch,unspecified,Use principal URI for content analysis
1914098,Firefox,New Tab Page,RESOLVED,FIXED,--,--,2024-08-21T01:52:46Z,2024-08-22T21:52:31Z,131 Branch,unspecified,Stop using hidden window in PageThumbUtils.sys.mjs
1914113,Firefox,Messaging System,RESOLVED,FIXED,--,--,2024-08-21T06:34:06Z,2024-08-22T04:19:41Z,131 Branch,unspecified,Stop using hidden window in ASRouterTargeting
1914138,Firefox,Sidebar,RESOLVED,FIXED,--,P2,2024-08-21T10:07:58Z,2024-09-24T04:13:51Z,132 Branch,unspecified,Remove history entry limitation for firefox view and sidebar
1914143,Firefox,Search,RESOLVED,FIXED,N/A,P3,2024-08-21T10:31:35Z,2026-03-12T09:40:41Z,---,unspecified,[meta] Implement a Rust based SearchEngineSelector
1914145,Firefox,Search,RESOLVED,FIXED,N/A,P2,2024-08-21T10:34:25Z,2024-09-04T09:31:50Z,---,unspecified,Add a skeleton search component to application services
1914159,Firefox,Translations,VERIFIED,FIXED,S3,--,2024-08-21T11:36:40Z,2024-10-17T19:41:17Z,---,Firefox 130,Translations to some languages destroy emoji (unicode glyphs)
1914193,Firefox,New Tab Page,RESOLVED,FIXED,--,--,2024-08-21T14:25:21Z,2024-08-23T03:42:21Z,131 Branch,unspecified,[Layout Expt] Create temperature-only weather view for smallest breakpoint
1914195,Firefox,New Tab Page,RESOLVED,FIXED,--,--,2024-08-21T14:31:01Z,2024-08-22T21:52:58Z,131 Branch,unspecified,[Layout Expt] Hide Topic Selection button/modal on smallest breakpoint
1914249,Firefox,Translations,RESOLVED,FIXED,--,--,2024-08-21T18:19:37Z,2024-09-24T06:29:37Z,---,unspecified,Add Newly Supported Languages to Firefox Release Notes (2024-08-21)
1914330,Firefox,Firefox View,RESOLVED,FIXED,--,--,2024-08-22T07:54:26Z,2024-08-23T03:42:30Z,131 Branch,unspecified,Add explicit test to search input component to ensure tht when autofocus attr is not set that the input is not focused
1914350,Firefox,New Tab Page,RESOLVED,FIXED,--,--,2024-08-22T09:41:28Z,2024-08-24T09:33:00Z,131 Branch,unspecified,Get rid of activity-stream-linux.css / activity-stream-mac.css / activity-stream-windows.css
1914359,Firefox,Sidebar,VERIFIED,FIXED,S3,P1,2024-08-22T11:04:27Z,2024-10-04T10:07:39Z,133 Branch,Trunk,The Vertical Sidebar and Tabs are not displayed when enabled if a sidebar is already opened
1914380,Firefox,Search,RESOLVED,FIXED,--,--,2024-08-22T12:37:53Z,2024-08-22T14:08:09Z,131 Branch,unspecified,"broken search, TypeError: can't access property ""name"", engine is null in SearchModeSwitcher.sys.mjs"
1914387,Firefox,Data Loss Prevention,RESOLVED,FIXED,--,--,2024-08-22T13:11:35Z,2025-04-02T04:12:34Z,139 Branch,unspecified,Allow setting Content Analysis cache expiration time via a pref
1914390,Firefox,Address Bar,VERIFIED,FIXED,S3,P3,2024-08-22T13:20:12Z,2024-09-20T09:08:30Z,132 Branch,unspecified,SearchModeSwitcher is not effectively disabled when the feature is disabled
1914432,Firefox,Sidebar,RESOLVED,FIXED,N/A,P2,2024-08-22T16:18:42Z,2024-12-19T21:24:48Z,135 Branch,unspecified,History page titles are truncated too early
1914438,Firefox,Sidebar,VERIFIED,FIXED,S4,P2,2024-08-22T17:16:36Z,2024-09-12T09:26:49Z,132 Branch,unspecified,Long press on New tab button does not offer to open a new Container tab
1914452,Firefox,Tabbed Browser,VERIFIED,FIXED,--,--,2024-08-22T18:05:39Z,2024-10-03T21:33:09Z,133 Branch,unspecified,Update the sidebar toolbar icon
1914455,Firefox,Sidebar,RESOLVED,FIXED,--,--,2024-08-22T18:09:06Z,2024-08-27T09:34:31Z,131 Branch,unspecified,Sidebar launcher and panel appear in the incorrect order sometimes on restart
1914457,Firefox,Sidebar,RESOLVED,FIXED,--,--,2024-08-22T18:23:40Z,2025-08-26T16:56:32Z,---,unspecified,"Remove ""positionend"" from sidebar."
1914480,Firefox,PDF Viewer,VERIFIED,FIXED,S3,P1,2024-08-22T20:13:47Z,2024-08-28T09:37:05Z,131 Branch,Firefox 131,Telemetry adjustments for add image flow in PDFs
1914487,Firefox,New Tab Page,RESOLVED,FIXED,--,--,2024-08-22T20:57:38Z,2024-08-24T09:33:19Z,131 Branch,unspecified,[Layout Expt] Newtab move spoc position Nimbus variable into another feature namespace
1914519,Firefox,Tabbed Browser,RESOLVED,FIXED,--,--,2024-08-23T00:14:14Z,2024-08-24T09:34:03Z,131 Branch,unspecified,Consolidate vertical mode and rtl checks in tab bar code
1914534,Firefox,New Tab Page,RESOLVED,FIXED,--,--,2024-08-23T02:27:23Z,2024-08-24T09:34:10Z,131 Branch,unspecified,[Layout Expt] Newtab Fixing highlights width
1914535,Firefox,Address Bar,RESOLVED,FIXED,N/A,P1,2024-08-23T02:38:47Z,2024-10-23T19:11:58Z,---,unspecified,[meta] Exposure telemetry improvements
1914536,Firefox,Address Bar,RESOLVED,FIXED,N/A,P1,2024-08-23T02:42:59Z,2024-08-28T09:37:09Z,131 Branch,unspecified,Move some Suggest xpcshell test helpers from head.js to QuickSuggestTestUtils
1914542,Firefox,Address Bar,RESOLVED,FIXED,N/A,P1,2024-08-23T03:41:45Z,2024-08-28T09:37:19Z,131 Branch,unspecified,Replace UrlbarResult.exposureResultType and exposureResultHidden with a single simple value
1914544,Firefox,Tabbed Browser,VERIFIED,FIXED,S2,P1,2024-08-23T04:00:21Z,2024-08-24T09:34:18Z,131 Branch,Firefox 131,Double clicking on tabstrip no longer open a new tab if Titlebar is enabled
1914545,Firefox,Address Bar,RESOLVED,FIXED,N/A,P1,2024-08-23T04:04:29Z,2024-09-06T21:40:48Z,132 Branch,unspecified,UrlbarProviderQuickSuggest should add all its suggestions instead of only the first
1914604,Firefox,Address Bar,RESOLVED,FIXED,S4,P3,2024-08-23T12:13:19Z,2024-09-10T09:06:46Z,132 Branch,unspecified,Secondary Actions buttons remain in the address bar dropdown after exiting Actions mode
1914605,Firefox,Address Bar,VERIFIED,FIXED,S4,P3,2024-08-23T12:27:21Z,2024-09-11T09:26:49Z,132 Branch,unspecified,[Dedicated Search Button] Searchmode close(x) button tooltip string is displayed as ‘undefined’
1914619,Firefox,Messaging System,RESOLVED,FIXED,--,P3,2024-08-23T13:56:58Z,2024-12-10T20:46:02Z,---,unspecified,[META] [Skylight] Complete Live Message Table Epic
1914623,Firefox,Messaging System,RESOLVED,FIXED,--,P2,2024-08-23T14:03:48Z,2024-09-18T19:30:01Z,---,unspecified,[Skylight] Collapse live messages with a small client id count
1914634,Firefox,New Tab Page,RESOLVED,FIXED,--,--,2024-08-23T15:06:27Z,2024-08-24T09:34:34Z,131 Branch,unspecified,Newtab topics personalization topic for education should be science
1914643,Firefox,Messaging System,RESOLVED,FIXED,N/A,P2,2024-08-23T15:57:16Z,2024-10-23T15:35:14Z,---,unspecified,[Skylight] De-duplicating live messages in spike
1914647,Firefox,Messaging System,RESOLVED,FIXED,N/A,P1,2024-08-23T16:08:31Z,2024-09-16T17:03:16Z,---,unspecified,[Skylight] Document steps on using browser tests to collect JSON for all live messages
1914687,Firefox,Menus,VERIFIED,FIXED,--,--,2024-08-23T22:35:51Z,2024-08-25T21:50:05Z,131 Branch,Firefox 131,"""scrollbutton-up"" of long bookmarks menupopup no longer working"
1914756,Firefox,Tabbed Browser,RESOLVED,FIXED,S3,P2,2024-08-25T00:55:28Z,2024-08-27T19:06:29Z,---,unspecified,Nimbus rollout keeps enabling hover previews
1914779,Firefox,Tabbed Browser,RESOLVED,FIXED,N/A,--,2024-08-25T11:19:08Z,2024-08-27T11:51:53Z,131 Branch,unspecified,Clean up getting the last tab in tabs.js
1914781,Firefox,Tabbed Browser,RESOLVED,FIXED,--,--,2024-08-25T11:25:48Z,2024-08-27T11:51:58Z,131 Branch,unspecified,Remove Nimbus recipe for tab hover previews
1914793,Firefox,Protections UI,RESOLVED,FIXED,S4,P5,2024-08-25T14:26:27Z,2024-10-21T16:17:54Z,133 Branch,unspecified,"Perma Linux a11y-checks [tier 2] TEST-UNEXPECTED-FAIL | browser/base/content/test/protectionsUI/browser_protectionsUI.js | Node is not accessible via accessibility API: id: protections-popup-toast-panel-tp-on-desc, tagName: description, classNam"
1914798,Firefox,Bookmarks & History,RESOLVED,FIXED,S3,P2,2024-08-25T16:22:05Z,2024-08-27T09:34:49Z,131 Branch,Firefox 131,Bookmarks and history menupopup no longer scrollable after shrink browser height once after the menupopup is displayed without overflowing
1914874,Firefox,New Tab Page,VERIFIED,FIXED,--,--,2024-08-26T10:54:29Z,2024-08-28T09:37:47Z,131 Branch,unspecified,The privileged content process runs invisible animations that get painted for about 20s after startup
1914912,Firefox,Data Loss Prevention,VERIFIED,FIXED,S4,--,2024-08-26T13:29:30Z,2024-08-30T22:24:19Z,131 Branch,Firefox 131,Busy spinner not displayed in “Scan in progress” dialog
1914915,Firefox,New Tab Page,RESOLVED,FIXED,--,P1,2024-08-26T13:49:39Z,2024-08-27T11:52:10Z,131 Branch,unspecified,moz-button and moz-button-group aren't being loaded on about:home when loaded from the startup cache
1914919,Firefox,Messaging System,RESOLVED,FIXED,--,P1,2024-08-26T13:56:44Z,2024-09-12T09:26:54Z,132 Branch,unspecified,Add a JEXL filter expression that returns an array of an object's values
1914926,Firefox,Profile Backup,RESOLVED,FIXED,N/A,P3,2024-08-26T14:05:10Z,2024-09-17T21:32:58Z,132 Branch,unspecified,Do not back up Form History if the browser is configured to not record history or clear history on shutdown
1914936,Firefox,Profile Backup,RESOLVED,FIXED,N/A,P3,2024-08-26T14:32:57Z,2024-09-17T21:33:02Z,132 Branch,unspecified,Do not back up cookies database if the browser is configured to not remember history or to clear history on shutdown
1914938,Firefox,Sidebar,RESOLVED,FIXED,S3,P1,2024-08-26T14:35:42Z,2024-09-17T17:20:29Z,132 Branch,unspecified,Sidebar and appcontent top border/box-shadow hidden on new tab page
1914940,Firefox,Profile Backup,RESOLVED,FIXED,N/A,P3,2024-08-26T14:38:04Z,2024-09-17T21:33:06Z,132 Branch,unspecified,Do not back up permissions or content prefs databases if the browser is configured to clear history on shutdown
1914952,Firefox,Tabbed Browser,RESOLVED,FIXED,--,--,2024-08-26T15:17:12Z,2024-08-27T09:34:56Z,131 Branch,unspecified,Grouping or ungrouping tabs should not fire `TabMove` events if the tab's position has not changed
1914987,Firefox,General,RESOLVED,FIXED,--,--,2024-08-26T17:06:10Z,2024-08-27T21:43:14Z,131 Branch,unspecified,"Indicate ARM64 on ""About Firefox"" popup"
1915000,Firefox,PDF Viewer,RESOLVED,FIXED,--,--,2024-08-26T17:59:57Z,2024-08-28T09:38:25Z,131 Branch,unspecified,Update PDF.js to new version b58c24ab099c4bd4cefa5139669708227dd9641a from 2024-08-26 13:33:41
1915007,Firefox,Sidebar,RESOLVED,FIXED,S3,P3,2024-08-26T18:31:54Z,2024-10-09T21:48:34Z,133 Branch,unspecified,View>Sidebar options duplicate on pref flip and add other sidebar panels that aren't enabled
1915019,Firefox,Messaging System,RESOLVED,FIXED,--,P1,2024-08-26T20:11:03Z,2024-09-16T22:00:18Z,132 Branch,unspecified,Include hidden and isBuiltin in addonsInfo targeting values
1915023,Firefox,New Tab Page,VERIFIED,FIXED,--,--,2024-08-26T20:45:14Z,2024-08-28T09:38:33Z,131 Branch,unspecified,Newtab make topic labels have region/locale controls
1915032,Firefox,New Tab Page,RESOLVED,FIXED,--,--,2024-08-26T21:29:54Z,2024-08-30T04:22:33Z,131 Branch,unspecified,[Layout Expt] Variant B Adjustments weather and personalize button
1915111,Firefox,Sidebar,RESOLVED,FIXED,--,--,2024-08-27T09:23:07Z,2024-08-30T22:24:25Z,131 Branch,unspecified,Double clicking in the vertical tabs sidebar should open a new tab
1915172,Firefox,Session Restore,RESOLVED,FIXED,--,P1,2024-08-27T14:20:35Z,2024-10-15T04:19:40Z,133 Branch,unspecified,Restore tab groups with windows
1915174,Firefox,Session Restore,RESOLVED,FIXED,--,P2,2024-08-27T14:24:30Z,2025-02-03T21:17:36Z,137 Branch,unspecified,Restore closed tabs to their original tab group
1915196,Firefox,New Tab Page,RESOLVED,FIXED,--,--,2024-08-27T16:20:02Z,2024-08-29T16:09:06Z,131 Branch,unspecified,[Layout Expt] Telemetry for user window size
1915198,Firefox,New Tab Page,RESOLVED,FIXED,--,--,2024-08-27T16:25:02Z,2024-08-31T09:33:55Z,131 Branch,unspecified,[Layout Expt] Better use of medium breakpoint
1915230,Firefox,Sidebar,VERIFIED,FIXED,S3,P1,2024-08-27T18:34:17Z,2024-09-13T04:31:47Z,132 Branch,unspecified,Sidebar animations need to take content zoom level into account
1915232,Firefox,Sidebar,VERIFIED,FIXED,S4,P2,2024-08-27T18:36:22Z,2024-08-31T21:40:53Z,131 Branch,unspecified,Sidebar button can get into an inverted active state
1915235,Firefox,Messaging System,RESOLVED,FIXED,S3,P1,2024-08-27T18:43:00Z,2024-08-29T04:13:08Z,131 Branch,unspecified,Fix use of camelCasing in links in targeting-attributes.md
1915241,Firefox,New Tab Page,RESOLVED,FIXED,--,--,2024-08-27T19:16:37Z,2024-08-28T09:39:35Z,131 Branch,unspecified,[Layout Expt] Logo top margin should be reduced when search is turned off
1915250,Firefox,Address Bar,VERIFIED,FIXED,N/A,P3,2024-08-27T19:54:51Z,2024-09-14T09:23:14Z,132 Branch,unspecified,Allow shift-click/shift-enter to open an empty search page when clicking on entries in the dedicated search button on the address bar
1915252,Firefox,Search,RESOLVED,FIXED,N/A,P3,2024-08-27T19:57:37Z,2025-04-23T09:23:22Z,139 Branch,unspecified,Add telemetry for use of shift-click/enter in the search bar & address bar
1915266,Firefox,Tabbed Browser,RESOLVED,FIXED,S4,P5,2024-08-27T20:59:57Z,2024-08-29T04:13:13Z,131 Branch,unspecified,Almost permafailing TEST-UNEXPECTED-FAIL | browser/components/tabbrowser/test/browser/tabs/browser_middle_click_new_tab_button_loads_clipboard.js | Test timed out -
1915273,Firefox,Address Bar,RESOLVED,FIXED,N/A,P2,2024-08-27T22:02:05Z,2024-09-26T09:53:36Z,132 Branch,unspecified,Always show Revert Button while in Persisted Search Mode
1915280,Firefox,Tours,RESOLVED,FIXED,S3,P3,2024-08-27T22:45:24Z,2025-04-07T16:18:55Z,139 Branch,Trunk,UITours does permission checking in the child process
1915289,Firefox,Search,VERIFIED,FIXED,N/A,P5,2024-08-27T23:42:04Z,2025-03-03T16:32:16Z,138 Branch,Firefox 130,Add option for suggest URL in custom search engines dialog
1915291,Firefox,Address Bar,RESOLVED,FIXED,S3,P1,2024-08-27T23:45:33Z,2024-08-29T16:09:21Z,131 Branch,unspecified,The ingest logic for detecting newly enabled Suggest suggestions is broken
1915306,Firefox,Theme,VERIFIED,FIXED,S3,P1,2024-08-28T01:24:00Z,2024-08-29T04:13:20Z,131 Branch,Firefox 131,White border appears at top of content area when OS Theme is Dark
1915317,Firefox,Address Bar,RESOLVED,FIXED,N/A,P1,2024-08-28T02:51:53Z,2024-09-06T21:40:52Z,132 Branch,unspecified,Integrate Rust exposure suggestions with desktop
1915335,Firefox,Sidebar,VERIFIED,FIXED,--,--,2024-08-28T07:07:00Z,2024-08-29T16:09:32Z,131 Branch,unspecified,Display sidebar tool pref changes in existing windows
1915350,Firefox,Data Loss Prevention,VERIFIED,FIXED,S3,--,2024-08-28T08:40:05Z,2024-09-10T09:06:51Z,132 Branch,Firefox 131,Web pages become unresponsive after pasting the “warning text”
1915351,Firefox,Data Loss Prevention,VERIFIED,FIXED,S3,--,2024-08-28T08:42:11Z,2024-10-29T04:19:55Z,134 Branch,Firefox 131,Firefox DLP scans the pasted content multiple times when copied from Google/OneDrive Documents
1915381,Firefox,Firefox Accounts,RESOLVED,FIXED,--,--,2024-08-28T12:09:50Z,2024-08-28T21:42:05Z,131 Branch,unspecified,Enable identity.fxaccounts.telemetry.clientAssociationPing.enabled by default again
1915387,Firefox,Theme,RESOLVED,FIXED,--,--,2024-08-28T12:40:34Z,2024-08-28T21:42:10Z,131 Branch,Trunk,Add hjones as Desktop Theme peer
1915405,Firefox,Tabbed Browser,VERIFIED,FIXED,--,--,2024-08-28T14:13:50Z,2024-08-29T04:13:24Z,131 Branch,unspecified,"""Scroll forwards"" and ""Open a new tab"" UI elements disappear from the tab strip with many pinned tabs and many open tabs"
1915415,Firefox,Tabbed Browser,RESOLVED,FIXED,--,--,2024-08-28T14:42:57Z,2024-08-29T04:13:27Z,131 Branch,unspecified,Make arrowscrollbox timing of events more consistent.
1915430,Firefox,Firefox Accounts,RESOLVED,FIXED,S2,P2,2024-08-28T15:58:14Z,2025-04-29T03:48:21Z,140 Branch,unspecified,Check use of FxAccounts use of hard-coded webchannel context.
1915434,Firefox,PDF Viewer,VERIFIED,FIXED,S3,P1,2024-08-28T16:04:25Z,2024-08-30T22:25:12Z,131 Branch,Firefox 131,Telemetry adjustments for add image flow in PDFs (again)
1915458,Firefox,Search,RESOLVED,FIXED,N/A,P1,2024-08-28T18:22:59Z,2024-09-20T09:08:41Z,132 Branch,unspecified,Enable SERP categorization by default in the US
1915486,Firefox,Migration,RESOLVED,FIXED,N/A,P1,2024-08-28T21:19:21Z,2024-08-29T21:33:33Z,131 Branch,unspecified,Fix errors about 'Undefined substitution referenced' in migration code jsdocs
1915507,Firefox,Address Bar,RESOLVED,FIXED,N/A,P1,2024-08-28T23:36:40Z,2024-09-11T21:44:00Z,132 Branch,unspecified,Replace potential exposures with keyword exposures
1915523,Firefox,Menus,RESOLVED,FIXED,--,--,2024-08-29T01:26:34Z,2025-03-14T04:48:45Z,138 Branch,Firefox 129,"""Save Image As"" on canvas does not open save dialog"
1915556,Firefox,Theme,RESOLVED,FIXED,--,--,2024-08-29T08:16:00Z,2024-08-29T16:09:55Z,131 Branch,unspecified,Slightly clean up --chrome-content-separator-color declarations
1915565,Firefox,Theme,RESOLVED,FIXED,--,--,2024-08-29T09:06:55Z,2024-08-29T21:33:48Z,131 Branch,Trunk,Update Desktop Theme triage rotation
1915599,Firefox,Tabbed Browser,RESOLVED,FIXED,--,--,2024-08-29T12:04:21Z,2024-09-05T04:27:33Z,132 Branch,unspecified,Consolidate tabbrowser arrowscrollbox initialization and overflow/overflowing attribute checks
1915664,Firefox,Sidebar,RESOLVED,FIXED,--,--,2024-08-29T15:48:03Z,2024-08-30T22:26:06Z,131 Branch,unspecified,MacOS theme differences not passed down to new Sidebar component CSS
1915692,Firefox,PDF Viewer,RESOLVED,FIXED,--,--,2024-08-29T17:29:57Z,2024-08-30T22:26:26Z,131 Branch,unspecified,Update PDF.js to new version a41cd38387d09244c2a0c2405765efc8b3e9bce5 from 2024-08-28 20:18:21
1915705,Firefox,New Tab Page,RESOLVED,FIXED,--,--,2024-08-29T18:35:58Z,2024-08-30T04:22:44Z,131 Branch,unspecified,[Layout Expt] Topsite Padding/Font size Adjustments
1915706,Firefox,New Tab Page,RESOLVED,FIXED,--,--,2024-08-29T18:40:49Z,2024-08-30T04:22:49Z,131 Branch,unspecified,[Layout Expt] Variant A Weather widget adjustments
1915707,Firefox,Nimbus Desktop Client,RESOLVED,FIXED,--,--,2024-08-29T18:42:19Z,2024-09-05T04:27:43Z,132 Branch,Firefox 131,Use group_id during branch allocation in Nimbus Client
1915722,Firefox,Messaging System,RESOLVED,FIXED,--,P1,2024-08-29T20:22:14Z,2024-10-08T16:49:48Z,---,unspecified,Support holdback for one-click Set to Default users default experience
1915727,Firefox,New Tab Page,RESOLVED,FIXED,--,--,2024-08-29T20:55:22Z,2024-09-07T09:26:40Z,132 Branch,unspecified,[Layout Expt] Weather Not Available widget overlaps on smallest breakpoint
1915736,Firefox,Shell Integration,RESOLVED,FIXED,--,P3,2024-08-29T21:44:10Z,2026-05-08T21:48:40Z,---,unspecified,[meta] Taskbar Tabs MVP
1915737,Firefox,Shell Integration,RESOLVED,FIXED,--,P3,2024-08-29T21:48:58Z,2025-04-02T04:12:37Z,139 Branch,unspecified,Add URL bar page action for Taskbar Tab actions.
1915738,Firefox,Shell Integration,RESOLVED,FIXED,--,P3,2024-08-29T21:55:36Z,2025-04-10T09:33:21Z,139 Branch,unspecified,Make Session Store aware of Taskbar Tabs
1915739,Firefox,Shell Integration,RESOLVED,FIXED,--,P3,2024-08-29T21:58:52Z,2025-03-04T05:01:08Z,138 Branch,unspecified,Minimize browser UI for Taskbar Tab windows
1915740,Firefox,Shell Integration,RESOLVED,FIXED,--,P3,2024-08-29T22:01:23Z,2025-04-02T15:37:01Z,---,unspecified,Add concept of Taskbar Tabs to nsIWindow and related window management objects.
1915741,Firefox,Shell Integration,RESOLVED,FIXED,--,P3,2024-08-29T22:07:52Z,2025-06-13T09:40:49Z,141 Branch,unspecified,Add logic to create Taskbar Tab
1915742,Firefox,Shell Integration,RESOLVED,FIXED,--,P3,2024-08-29T22:08:59Z,2025-06-16T21:43:09Z,141 Branch,unspecified,Add Taskbar Tabs launch handling
1915766,Firefox,Address Bar,RESOLVED,FIXED,N/A,P1,2024-08-30T02:42:51Z,2024-09-12T09:27:05Z,132 Branch,unspecified,Add a Nimbus variable that hides the Suggest UI
1915768,Firefox,Translations,RESOLVED,FIXED,S3,--,2024-08-30T03:03:37Z,2024-09-04T04:11:45Z,132 Branch,Firefox 129,Unwanted translation of implicit <option> values
1915805,Firefox,Sidebar,VERIFIED,FIXED,S3,P2,2024-08-30T09:05:51Z,2024-09-26T09:53:44Z,132 Branch,unspecified,Revamped sidebar doesn't deal well with sem-transparent toolbar backgrounds (eg Alpenglow)
1915806,Firefox,Screenshots,RESOLVED,FIXED,--,--,2024-08-30T09:18:24Z,2024-09-12T21:18:30Z,131 Branch,unspecified,Take screenshot include guides
1915811,Firefox,Sidebar,VERIFIED,FIXED,--,--,2024-08-30T09:46:04Z,2024-08-30T22:26:36Z,131 Branch,unspecified,"Revamped sidebar separator draws over the bookmarks toolbar when set to ""Only Show on New Tab"""
1915821,Firefox,Sidebar,VERIFIED,FIXED,--,--,2024-08-30T10:42:42Z,2024-08-31T21:41:49Z,131 Branch,unspecified,Revamped sidebar animation leaves behind a ghost image of the page content when toggle clicked in quick succession
1915851,Firefox,Toolbars and Customization,RESOLVED,FIXED,S4,P1,2024-08-30T13:15:04Z,2024-08-30T22:26:40Z,131 Branch,unspecified,Skip recording+testing browser.ui.toolbar_widgets in Artefact Builds until bug 1883857
1915856,Firefox,Search,RESOLVED,FIXED,N/A,P2,2024-08-30T13:25:36Z,2024-09-18T21:15:34Z,132 Branch,unspecified,Restrict domain-to-categories map by region
1915862,Firefox,Sidebar,VERIFIED,FIXED,S3,P2,2024-08-30T13:35:02Z,2024-09-26T09:53:56Z,132 Branch,unspecified,Vertical tabs that are pinned do not change appearance when hovered and do not clearly show active state
1915881,Firefox,Messaging System,RESOLVED,FIXED,--,P1,2024-08-30T15:08:22Z,2024-09-12T19:18:14Z,---,unspecified,[Skylight] log single-signon (Auth0) logins
1916004,Firefox,Sidebar,VERIFIED,FIXED,--,--,2024-08-30T22:26:02Z,2024-09-02T21:54:00Z,132 Branch,unspecified,Transparent seams with revamped sidebar with default Linux theme
1916064,Firefox,Translations,RESOLVED,FIXED,--,P3,2024-08-31T16:26:25Z,2025-12-05T20:10:10Z,---,unspecified,An Investigation Into Source-Text Splitting for Translations
1916074,Firefox,Address Bar,VERIFIED,FIXED,S3,P4,2024-08-31T22:00:37Z,2024-11-27T04:01:55Z,135 Branch,unspecified,Query user whether they want to install engine when using contextual search
1916087,Firefox,Search,RESOLVED,FIXED,N/A,P3,2024-09-01T06:25:23Z,2024-09-04T10:00:33Z,132 Branch,unspecified,`browser_search_telemetry_engagement_eventListeners_children.js` synthesizes non-realistic mouse events
1916098,Firefox,Tabbed Browser,RESOLVED,FIXED,N/A,P1,2024-09-01T12:59:42Z,2024-09-02T21:54:06Z,132 Branch,unspecified,Remove appcontent box.
1916101,Firefox,Sidebar,RESOLVED,FIXED,--,--,2024-09-01T14:00:02Z,2024-09-03T16:26:47Z,132 Branch,unspecified,Make the fix to bug 1915664 apply to Linux too.
1916182,Firefox,Sidebar,VERIFIED,FIXED,S3,P2,2024-09-02T09:35:48Z,2024-09-09T10:48:59Z,132 Branch,Firefox 131,Sidebar search box steals keyboard focus when creating new windows
1916188,Firefox,Sidebar,VERIFIED,FIXED,S3,P1,2024-09-02T10:08:53Z,2024-09-13T21:46:52Z,132 Branch,unspecified,Active pinned tab moves to first position after restarting the browser with vertical tabs and session restore
1916193,Firefox,File Handling,VERIFIED,FIXED,--,--,2024-09-02T10:27:41Z,2024-09-05T21:58:40Z,132 Branch,unspecified,Stop exempting the Windows Store protocol handler from permissions checks in Firefox (was: Don't allow Firefox to automatically open the Windows Store app upon clicking a Windows Store URL)
1916195,Firefox,Sidebar,VERIFIED,FIXED,S4,P3,2024-09-02T10:36:18Z,2024-09-06T09:39:54Z,132 Branch,unspecified,Revamped sidebar separation is significantly wider and has additional borders on Linux
1916230,Firefox,Sidebar,VERIFIED,FIXED,S4,P2,2024-09-02T13:25:52Z,2024-11-09T09:37:50Z,134 Branch,unspecified,Sidebar tool selected color is not as per design (and different from tab selected color)
1916401,Firefox,PDF Viewer,VERIFIED,FIXED,--,--,2024-09-03T10:46:32Z,2024-09-14T10:56:12Z,---,unspecified,Update the telemetry for the new alt-text flow in release 130
1916410,Firefox,Address Bar,VERIFIED,FIXED,S4,P2,2024-09-03T11:23:53Z,2026-04-09T16:27:40Z,151 Branch,unspecified,Punycode domain isn't correctly identified/bolded in URL bar
1916424,Firefox,General,RESOLVED,FIXED,N/A,P3,2024-09-03T12:25:11Z,2025-02-20T21:33:58Z,137 Branch,unspecified,"Support idle tasks in category manager JS invocations, to start using it from BrowserGlue"
1916458,Firefox,Address Bar,RESOLVED,FIXED,S2,P1,2024-09-03T14:27:12Z,2024-09-03T23:12:12Z,---,unspecified,Fewer results returned by the Address Bar when a Suggest result is present
1916469,Firefox,New Tab Page,RESOLVED,FIXED,N/A,P3,2024-09-03T14:54:47Z,2025-03-04T05:01:12Z,138 Branch,unspecified,Try putting AboutHomeStartupCache in its own module instead of BrowserGlue
1916479,Firefox,Sidebar,RESOLVED,FIXED,S3,P2,2024-09-03T15:35:06Z,2024-09-10T14:33:32Z,132 Branch,unspecified,History sidebar background color no longer fills the full height
1916484,Firefox,New Tab Page,RESOLVED,FIXED,--,--,2024-09-03T15:55:27Z,2024-09-06T09:40:16Z,132 Branch,unspecified,"[Unified Ads API Integr] Set up nimbus variables, feature and prefs"
1916486,Firefox,New Tab Page,RESOLVED,FIXED,--,--,2024-09-03T15:57:59Z,2024-09-13T04:31:57Z,132 Branch,unspecified,[Unified Ads API Integr] Impliment Top Sites unified ads integration
1916488,Firefox,New Tab Page,RESOLVED,FIXED,--,--,2024-09-03T15:58:36Z,2024-09-13T10:11:56Z,132 Branch,unspecified,[Unified Ads API Integr] Implement Discovery Stream unified ads integration
1916492,Firefox,Session Restore,RESOLVED,FIXED,S3,--,2024-09-03T16:25:56Z,2024-09-06T09:40:20Z,132 Branch,unspecified,Remove some unused leftover code from GroupedSHistory
1916497,Firefox,Tabbed Browser,RESOLVED,FIXED,N/A,P1,2024-09-03T16:39:21Z,2024-09-05T04:29:34Z,132 Branch,unspecified,Add pref to turn on tab groups
1916499,Firefox,Search,RESOLVED,FIXED,N/A,P3,2024-09-03T16:50:35Z,2024-11-04T21:34:49Z,134 Branch,unspecified,Add searchForm support back to OpenSearch engines
1916505,Firefox,Search,RESOLVED,FIXED,N/A,P3,2024-09-03T16:56:38Z,2024-11-04T21:34:52Z,134 Branch,unspecified,Add support for a search form URL to the search configuration
1916539,Firefox,New Tab Page,RESOLVED,FIXED,--,--,2024-09-03T20:16:13Z,2024-09-07T09:26:49Z,132 Branch,unspecified,Contexual content - Add prefs and nimbus controls
1916541,Firefox,New Tab Page,RESOLVED,FIXED,--,--,2024-09-03T20:19:11Z,2024-09-13T04:32:02Z,132 Branch,unspecified,"Contexual content - Create component for ""ListFeed""  card"
1916574,Firefox,Theme,VERIFIED,FIXED,--,--,2024-09-04T02:10:45Z,2024-09-05T04:30:03Z,132 Branch,Firefox 131,Toolbar bottom border missing after bug 1916004
1916622,Firefox,Tabbed Browser,RESOLVED,FIXED,--,--,2024-09-04T09:24:28Z,2024-09-06T09:40:58Z,132 Branch,unspecified,Remove the browser.tabs.tabmanager.enabled pref
1916667,Firefox,PDF Viewer,RESOLVED,FIXED,--,--,2024-09-04T12:18:13Z,2024-09-05T04:30:20Z,132 Branch,unspecified,Update PDF.js to new version 4fb045b9eb013752086289d2f2db575e05d1497b from 2024-09-04 12:07:18
1916679,Firefox,Address Bar,RESOLVED,FIXED,S3,P1,2024-09-04T12:31:39Z,2024-10-30T04:03:27Z,134 Branch,unspecified,[meta] Enable scotchBonnet in nightly
1916701,Firefox,Sidebar,RESOLVED,FIXED,--,--,2024-09-04T13:10:34Z,2024-09-04T20:55:34Z,131 Branch,unspecified,63.12% facebook-nav.friends ContentfulSpeedIndex (Windows) regression on Tue August 27 2024
1916706,Firefox,New Tab Page,RESOLVED,FIXED,--,--,2024-09-04T13:18:08Z,2024-09-24T21:25:49Z,132 Branch,unspecified,"Contextual content - Update fetch and state for ""list feed"""
1916714,Firefox,PDF Viewer,VERIFIED,FIXED,S3,P1,2024-09-04T13:31:27Z,2024-09-14T10:54:41Z,132 Branch,Firefox 132,aa.com - Unable to type/paste numbers if not following a certain format
1916739,Firefox,Messaging System,RESOLVED,FIXED,--,--,2024-09-04T14:27:17Z,2024-09-20T09:01:01Z,---,unspecified,[META][QA][QA-2593] Holdback: Pin to Start Menu (MSIX)
1916780,Firefox,Shell Integration,VERIFIED,FIXED,S3,P3,2024-09-04T17:47:43Z,2024-09-11T09:27:53Z,132 Branch,unspecified,Enable 1-click Windows set-to-default in the browser
1916804,Firefox,Data Loss Prevention,RESOLVED,FIXED,S3,--,2024-09-04T19:28:06Z,2024-09-17T15:55:00Z,132 Branch,unspecified,Make Content Analysis for DND use getURIForBrowsingContext
1916813,Firefox,Settings UI,RESOLVED,FIXED,S3,P2,2024-09-04T19:46:34Z,2024-09-18T21:15:43Z,132 Branch,unspecified,Disabling telemetry should grey out and visibly disable studies
1916839,Firefox,Messaging System,RESOLVED,FIXED,--,--,2024-09-04T21:00:56Z,2024-09-05T19:09:11Z,---,unspecified,[Skylight] search button links to incorrectly scoped search
1916847,Firefox,Search,RESOLVED,FIXED,N/A,P3,2024-09-04T22:26:37Z,2024-09-07T09:26:56Z,132 Branch,unspecified,Clean up (*)SearchEngine code after removing the old search configuration
1916852,Firefox,Messaging System,VERIFIED,FIXED,S4,P1,2024-09-04T22:46:10Z,2024-09-11T21:44:32Z,132 Branch,unspecified,Add ability to configure visibility of 'Saved to bookmarks' message as part of BOOKMARK_CURRENT_TAB action
1916856,Firefox,New Tab Page,RESOLVED,FIXED,S4,P2,2024-09-04T23:44:32Z,2025-05-20T09:18:51Z,140 Branch,unspecified,Remove wallpapers v1
1916866,Firefox,Search,RESOLVED,FIXED,--,--,2024-09-05T02:55:45Z,2024-09-06T09:41:08Z,132 Branch,unspecified,Remove or update probes expiring in Firefox 133: browser.searchinit.secure_opensearch_*
1916873,Firefox,Address Bar,RESOLVED,FIXED,N/A,P1,2024-09-05T03:14:41Z,2024-09-12T09:27:18Z,132 Branch,unspecified,Allow Suggest to be safely enabled in non-Suggest locales
1916884,Firefox,Session Restore,VERIFIED,FIXED,N/A,P3,2024-09-05T04:40:48Z,2025-12-19T05:12:46Z,148 Branch,Trunk,Restore Last Closed Tab doesn't restore tab in another window if there are no tabs to restore in the current window
1916941,Firefox,Sidebar,VERIFIED,FIXED,--,--,2024-09-05T09:11:11Z,2024-09-07T09:26:59Z,132 Branch,unspecified,Vertical tabs new tab button has smaller text than any other sidebar element (on Windows and Linux)
1916946,Firefox,Private Browsing,RESOLVED,FIXED,N/A,P1,2024-09-05T09:32:58Z,2024-09-10T09:07:16Z,132 Branch,unspecified,Remove or update metrics expiring in Firefox 133: private_browsing.window_open_during_teardown
1916954,Firefox,Sidebar,RESOLVED,FIXED,--,--,2024-09-05T10:04:56Z,2024-09-06T09:41:38Z,132 Branch,unspecified,Vertical tabs scrollbar no longer appears when tabs hovered or scrolled on Linux with Hardware Webrender
1916961,Firefox,Sidebar,RESOLVED,FIXED,--,--,2024-09-05T10:40:42Z,2024-09-06T09:41:43Z,132 Branch,unspecified,Right clicking in the vertical tabs sidebar should show the tabs context menu
1917030,Firefox,New Tab Page,RESOLVED,FIXED,--,--,2024-09-05T16:08:13Z,2025-01-10T09:52:56Z,136 Branch,unspecified,[Unified Ads API Integr] Stub ads feed
1917036,Firefox,Messaging System,RESOLVED,FIXED,--,P3,2024-09-05T16:35:22Z,2024-10-10T19:12:47Z,---,unspecified,[Skylight] - Provide the ability to filter by Message surface
1917040,Firefox,Sidebar,RESOLVED,FIXED,--,--,2024-09-05T16:58:31Z,2024-09-07T09:27:12Z,132 Branch,unspecified,Use outline for content separator.
1917069,Firefox,Tabbed Browser,VERIFIED,FIXED,S4,P3,2024-09-05T18:48:04Z,2025-04-09T04:14:14Z,139 Branch,unspecified,Dragging tabs animations broken for horizontal tabs in RTL mode when switching directionality without restarting
1917161,Firefox,Translations,RESOLVED,FIXED,S4,P5,2024-09-06T04:53:54Z,2025-02-14T05:00:04Z,137 Branch,unspecified,High frequency toolkit/components/translations/tests/browser/browser_about_translations_language_swap.js | single tracking bug
1917186,Firefox,Address Bar,VERIFIED,FIXED,S4,P2,2024-09-06T08:08:41Z,2024-09-14T09:23:23Z,132 Branch,unspecified,[Dedicated Search Button] Pressing ‘ESC’ key twice does not exit searchmode
1917202,Firefox,Shell Integration,VERIFIED,FIXED,S3,--,2024-09-06T09:51:25Z,2024-09-28T08:57:19Z,132 Branch,Trunk,[MSIX] Extra icon added to the taskbar when pinning to taskbar
1917287,Firefox,Distributions,RESOLVED,FIXED,--,--,2024-09-06T15:03:09Z,2024-10-17T10:00:57Z,133 Branch,unspecified,Should be a way to set a theme in a distribution
1917292,Firefox,Tabbed Browser,RESOLVED,FIXED,S4,P3,2024-09-06T15:21:25Z,2024-09-11T09:30:01Z,132 Branch,unspecified,Remove redundant canUseForTab from icon data payload
1917342,Firefox,Sync,RESOLVED,FIXED,--,--,2024-09-06T19:54:45Z,2024-09-10T09:07:56Z,132 Branch,unspecified,Synced tabs in the Synced tabs menu are not showing close remote tab feature or inactive tabs due to overflow
1917373,Firefox,Shell Integration,RESOLVED,FIXED,S3,P3,2024-09-06T22:47:15Z,2024-09-11T09:30:05Z,132 Branch,unspecified,ShellService fails to log when methods are not present on the proxied `nsIShellService`.
1917417,Firefox,Tabbed Browser,RESOLVED,FIXED,S4,P5,2024-09-07T15:52:22Z,2024-09-25T15:38:55Z,132 Branch,unspecified,High frequency browser/components/tabbrowser/test/browser/tabs/browser_tab_groups.js | single tracking bug
1917430,Firefox,PDF Viewer,RESOLVED,FIXED,--,--,2024-09-07T20:30:37Z,2024-09-09T09:30:29Z,132 Branch,unspecified,Update PDF.js to new version 5369a24c9c41a10565e8003f01960f74b5cd8a21 from 2024-09-07 20:22:21
1917468,Firefox,PDF Viewer,RESOLVED,FIXED,--,--,2024-09-08T11:46:07Z,2024-09-13T16:28:38Z,132 Branch,unspecified,Remove the unused pdfjs.enableHighlightEditor preference
1917470,Firefox,Bookmarks & History,RESOLVED,FIXED,S4,P1,2024-09-08T11:48:18Z,2024-09-11T09:30:11Z,132 Branch,Firefox 132,Firefox started using apple-touch-icon for bookmarks?
1917543,Firefox,PDF Viewer,VERIFIED,FIXED,S3,P1,2024-09-09T09:10:29Z,2024-09-14T10:55:08Z,---,Trunk,"The ""This Alt text was created automatically"" label is displayed for an empty description if we are adding images to a pdf file after an update"
1917551,Firefox,Sidebar,RESOLVED,FIXED,--,--,2024-09-09T09:41:08Z,2024-09-10T09:08:36Z,132 Branch,Firefox 132,Sidebar no longer has a top border with sidebar.revamp = false
1917557,Firefox,Sidebar,RESOLVED,FIXED,--,--,2024-09-09T10:19:59Z,2024-09-10T09:08:42Z,132 Branch,unspecified,Bug 1886847 should've tweaked browser-custom-colors.css too.
1917563,Firefox,Sidebar,RESOLVED,FIXED,--,--,2024-09-09T10:45:51Z,2024-09-13T04:32:46Z,132 Branch,unspecified,Focus of searchbox  in sidebar history doesn't happen for profiles with larger amounts of history
1917588,Firefox,Theme,RESOLVED,FIXED,--,--,2024-09-09T13:25:48Z,2024-09-10T09:08:49Z,132 Branch,unspecified,"Stop setting  --button-bgcolor, --button-hover-bgcolor, --button-active-bgcolor in browser-shared.css"
1917595,Firefox,Toolbars and Customization,RESOLVED,FIXED,S4,P1,2024-09-09T14:02:58Z,2024-09-20T15:43:09Z,132 Branch,unspecified,Tabs separator not drawn in private window
1917606,Firefox,New Tab Page,RESOLVED,FIXED,--,--,2024-09-09T14:32:26Z,2024-09-19T10:01:38Z,132 Branch,unspecified,[Unified Ads API Integr] Prefs or some what to connect Nimbus to placement data
1917631,Firefox,Data Loss Prevention,RESOLVED,FIXED,--,--,2024-09-09T16:02:30Z,2024-09-11T21:44:50Z,132 Branch,unspecified,Content Analysis pref may be read at different times in different processes
1917683,Firefox,General,RESOLVED,FIXED,--,--,2024-09-09T20:05:14Z,2024-09-16T22:00:43Z,132 Branch,unspecified,Remove dmd.py from the Firefox nightly binary
1917686,Firefox,PDF Viewer,VERIFIED,FIXED,--,--,2024-09-09T20:18:41Z,2024-09-11T09:30:42Z,132 Branch,unspecified,Update PDF.js to new version 5b4c2fe1a845169ac2b4f8f6335337c434077637 from 2024-09-09 20:13:49
1917689,Firefox,Translations,RESOLVED,FIXED,--,P2,2024-09-09T20:25:14Z,2025-01-15T19:59:49Z,---,unspecified,[meta] Maintain a Local Fork of Bergamot in Tree
1917696,Firefox,Translations,RESOLVED,FIXED,--,P2,2024-09-09T20:51:07Z,2024-11-02T09:28:39Z,134 Branch,unspecified,Publish A New Minor Version of Bergamot WASM From Locally Forked Source
1917698,Firefox,New Tab Page,VERIFIED,FIXED,--,--,2024-09-09T20:55:01Z,2024-09-20T09:08:57Z,132 Branch,unspecified,"New tab page briefly renders with each tile being a small-height ""sausage"", before tiles expand to actual full content-height"
1917734,Firefox,PDF Viewer,RESOLVED,FIXED,--,--,2024-09-10T00:25:53Z,2024-09-27T09:06:41Z,132 Branch,unspecified,Printing fillable PDF results in text much larger than while editing
1917811,Firefox,Bookmarks & History,VERIFIED,FIXED,S4,P1,2024-09-10T11:14:13Z,2024-09-18T21:15:53Z,132 Branch,unspecified,Perma TEST-UNEXPECTED-FAIL | browser/components/places/tests/browser/browser_closePanelview.js | Test timed out - when Gecko 132 merges to beta on 2024-09-30
1917841,Firefox,Translations,RESOLVED,FIXED,--,P2,2024-09-10T14:12:26Z,2025-12-05T20:10:14Z,---,unspecified,Publish A New Major Version of Bergamot WASM From Locally Forked Source Without HTML Code
1917850,Firefox,Search,RESOLVED,FIXED,--,--,2024-09-10T14:42:51Z,2024-09-12T20:08:54Z,132 Branch,unspecified,SearchEngineSelector.fetchEngineConfiguration could be explicit about returning the default engine
1917851,Firefox,Translations,RESOLVED,FIXED,--,P2,2024-09-10T14:45:01Z,2024-12-05T10:01:07Z,135 Branch,unspecified,Utilize Intl.Segmenter to Segment Translations Source Text
1917853,Firefox,Translations,RESOLVED,FIXED,--,P2,2024-09-10T14:47:37Z,2025-12-05T20:10:41Z,---,unspecified,Publish A New Major Version of Bergamot WASM From Locally Forked Source Without Text-Segmentation Code
1917861,Firefox,Enterprise Policies,RESOLVED,FIXED,N/A,P2,2024-09-10T15:05:16Z,2024-10-02T18:40:12Z,---,unspecified,Add support for soft-blocking in enterprise policies
1917869,Firefox,Search,RESOLVED,FIXED,N/A,P1,2024-09-10T15:29:25Z,2024-09-18T02:08:36Z,---,unspecified,Update search-categorization records with region specific info and fewer files per region
1917908,Firefox,Translations,RESOLVED,FIXED,S3,--,2024-09-10T17:56:38Z,2025-04-09T21:07:38Z,139 Branch,unspecified,The layout of the about:translations controls should be improved for small-width screens
1917913,Firefox,Toolbars and Customization,RESOLVED,FIXED,N/A,P3,2024-09-10T18:29:48Z,2025-03-20T05:35:12Z,138 Branch,unspecified,Create docs for Customizable UI
1917928,Firefox,Messaging System,RESOLVED,FIXED,N/A,P1,2024-09-10T19:16:52Z,2024-10-22T04:09:30Z,133 Branch,unspecified,make logging FxMS telemetry more discoverable
1917937,Firefox,New Tab Page,RESOLVED,FIXED,S3,P3,2024-09-10T19:58:15Z,2024-12-06T09:29:50Z,135 Branch,Firefox 132,Layout experiment on new tab has a gab at the top on scroll
1917955,Firefox,Search,RESOLVED,FIXED,N/A,P3,2024-09-10T21:07:23Z,2024-09-13T21:47:04Z,132 Branch,unspecified,Move remaining test files out of toolkit/components/search/tests/xpcshell/data/
1917992,Firefox,Address Bar,RESOLVED,FIXED,N/A,P2,2024-09-10T23:17:40Z,2024-09-24T04:14:07Z,132 Branch,unspecified,Add telemetry for search restrict keywords
1918027,Firefox,Data Loss Prevention,VERIFIED,FIXED,S3,--,2024-09-11T07:09:39Z,2024-12-05T10:01:13Z,135 Branch,unspecified,While inside Google Docs copying another text while a scan is ongoing will scan that text as well
1918028,Firefox,Data Loss Prevention,VERIFIED,FIXED,S3,--,2024-09-11T07:36:49Z,2024-09-18T04:18:06Z,132 Branch,unspecified,Pasting warning text again after 5 seconds after the first scan was canceled makes the page unresponsive
1918041,Firefox,Sidebar,VERIFIED,FIXED,S3,P3,2024-09-11T09:04:46Z,2026-09-23T04:31:18Z,158 Branch,unspecified,Clicking the New Tab button does not show pressed appearance with vertical tabs
1918043,Firefox,PDF Viewer,VERIFIED,FIXED,S2,--,2024-09-11T09:08:54Z,2024-09-11T12:36:04Z,---,Trunk,Added Images to a PDF resize themselves
1918085,Firefox,Migration,VERIFIED,FIXED,S4,P1,2024-09-11T11:52:13Z,2026-07-16T21:39:53Z,154 Branch,unspecified,Import instructions for Safari passwords in Firefox need to be updated to better match the new UI changes in macOS 15 (Sequoia)
1918090,Firefox,Sidebar,VERIFIED,FIXED,S4,--,2024-09-11T12:17:51Z,2024-09-16T17:26:21Z,---,Trunk,Sidebar is not smoothly extended
1918115,Firefox,PDF Viewer,RESOLVED,FIXED,S3,P1,2024-09-11T13:18:23Z,2024-09-25T09:41:25Z,132 Branch,Firefox 130,Issue in arithmetics in PDF forms
1918132,Firefox,Sidebar,RESOLVED,FIXED,--,--,2024-09-11T13:58:29Z,2024-09-16T22:00:48Z,132 Branch,unspecified,Add explicit test to cover history search box focus when history is loading
1918176,Firefox,Address Bar,VERIFIED,FIXED,N/A,P1,2024-09-11T16:08:23Z,2024-09-14T09:23:29Z,132 Branch,unspecified,Restrict search terms persistence to work only on application provided search engines
1918208,Firefox,Sidebar,VERIFIED,FIXED,S2,P1,2024-09-11T17:33:55Z,2024-10-15T04:20:03Z,133 Branch,Trunk,15 minute automatic session restore on startup after recent vertical tabs change
1918217,Firefox,Sidebar,VERIFIED,FIXED,S3,P2,2024-09-11T18:05:19Z,2024-11-09T09:38:00Z,134 Branch,unspecified,Drag and drop for pinned tabs in vertical expanded mode polish
1918257,Firefox,PDF Viewer,RESOLVED,FIXED,S3,P3,2024-09-11T20:49:05Z,2026-02-17T22:17:32Z,149 Branch,unspecified,bool nsContentUtils::IsPDFJS(nsIPrincipal* aPrincipal) is wrong
1918299,Firefox,Address Bar,RESOLVED,FIXED,N/A,P1,2024-09-12T03:46:08Z,2024-09-13T10:12:13Z,132 Branch,unspecified,Add a `terminal` extra key to the urlbar exposure event
1918301,Firefox,PDF Viewer,VERIFIED,FIXED,S2,P1,2024-09-12T04:12:53Z,2024-09-21T00:12:45Z,132 Branch,unspecified,Cross-origin PDF content leak via multipart/x-mixed-replace response
1918307,Firefox,Address Bar,RESOLVED,FIXED,--,P1,2024-09-12T05:53:47Z,2024-09-13T10:12:22Z,132 Branch,unspecified,Allow keyword exposures to be recorded for a subset of exposure results instead of all of them
1918322,Firefox,Theme,RESOLVED,FIXED,--,--,2024-09-12T08:29:39Z,2024-09-12T20:09:17Z,132 Branch,unspecified,Minor content area outline and shadow cleanup
1918371,Firefox,Sidebar,RESOLVED,FIXED,--,--,2024-09-12T11:40:11Z,2024-09-13T16:29:26Z,132 Branch,unspecified,sidebar panels shouldn't unconditionally use system colors.
1918425,Firefox,Sidebar,RESOLVED,FIXED,S2,P1,2024-09-12T14:11:54Z,2024-09-13T04:33:49Z,132 Branch,unspecified,The drop-down list of the address bar is hidden behind the new tab page when the new sidebar is enabled
1918437,Firefox,Address Bar,VERIFIED,FIXED,S3,P2,2024-09-12T14:48:16Z,2024-10-01T15:56:08Z,133 Branch,unspecified,Switch to tab visits URL instead of switching to tab
1918442,Firefox,New Tab Page,RESOLVED,FIXED,--,--,2024-09-12T15:01:32Z,2024-09-26T09:54:40Z,132 Branch,unspecified,[contextual content] Update tests for DSCard to test for list feed style cards
1918444,Firefox,New Tab Page,RESOLVED,FIXED,--,--,2024-09-12T15:03:33Z,2024-09-17T09:30:06Z,132 Branch,unspecified,[contextual content] Create placeholder & loading styles for list feed cards
1918447,Firefox,New Tab Page,RESOLVED,FIXED,--,--,2024-09-12T15:21:39Z,2024-09-18T04:18:14Z,132 Branch,unspecified,[contextual content] Update list feed styles for different screen sizes
1918448,Firefox,New Tab Page,RESOLVED,FIXED,--,--,2024-09-12T15:22:22Z,2024-09-20T09:09:08Z,132 Branch,unspecified,[Unified Ads API Integr] Unified ads API telemetry integration
1918455,Firefox,Security,RESOLVED,FIXED,N/A,--,2024-09-12T15:54:08Z,2024-09-18T04:18:18Z,132 Branch,unspecified,collect telemetry for how often TLS key logging has been enabled via SSLKEYLOGFILE
1918486,Firefox,New Tab Page,RESOLVED,FIXED,--,--,2024-09-12T17:26:42Z,2024-09-25T09:09:48Z,132 Branch,unspecified,[Unified Ads API Integr] Pass blocks array to the server request
1918498,Firefox,New Tab Page,RESOLVED,FIXED,--,--,2024-09-12T18:38:44Z,2024-09-13T21:47:28Z,132 Branch,unspecified,Access contextID using lazy method instead of Services.prefs.getStringPref()
1918515,Firefox,New Tab Page,RESOLVED,FIXED,--,--,2024-09-12T19:33:26Z,2024-09-20T09:09:12Z,132 Branch,unspecified,[Unified Ads API Integr] implement delete request
1918518,Firefox,New Tab Page,VERIFIED,FIXED,S4,P3,2024-09-12T19:38:31Z,2025-08-18T21:42:42Z,144 Branch,Trunk,At narrower widths credit for wallpaper ends up fairly centrally if tiles and stories are disabled.
1918536,Firefox,Messaging System,RESOLVED,FIXED,--,P2,2024-09-12T21:33:14Z,2024-10-18T09:42:22Z,133 Branch,unspecified,Add 'Create Profile' Special Message Action
1918579,Firefox,Data Loss Prevention,VERIFIED,FIXED,S3,--,2024-09-13T06:10:45Z,2024-09-17T21:33:33Z,132 Branch,unspecified,Tab crashes when dropping text from an external program
1918606,Firefox,Untriaged,RESOLVED,FIXED,--,--,2024-09-13T09:16:33Z,2024-09-14T21:21:25Z,132 Branch,Firefox 132,firefox nightly fails to build with: ../toolkit/components/remote/nsXRemoteServer.cpp:124:46: error: cannot convert 'char*' to 'mozilla::Span<const char>'
1918608,Firefox,Tabbed Browser,RESOLVED,FIXED,--,--,2024-09-13T09:23:41Z,2024-09-13T21:47:39Z,132 Branch,unspecified,Clean up [orient=...] and [expanded] rules
1918615,Firefox,Bookmarks & History,RESOLVED,FIXED,N/A,P3,2024-09-13T09:53:28Z,2024-12-17T21:56:16Z,135 Branch,unspecified,Remove inline event handlers from editBookmarkPanel
1918618,Firefox,Sidebar,RESOLVED,FIXED,--,--,2024-09-13T09:59:27Z,2024-09-13T16:29:30Z,132 Branch,unspecified,Cleanup content separator color handling a little bit
1918625,Firefox,Address Bar,RESOLVED,FIXED,S4,P5,2024-09-13T10:37:36Z,2024-09-19T10:01:54Z,132 Branch,unspecified,"Perma a11y-checks linux [tier 2] TEST-UNEXPECTED-FAIL | browser/components/urlbar/tests/browser/browser_searchModeSwitcher_basic.js | Node is not accessible via accessibility API: id: searchmode-switcher-close, tagName: toolbarbutton, className: toolbarbu"
1918638,Firefox,Sidebar,VERIFIED,FIXED,--,P1,2024-09-13T11:35:19Z,2024-09-17T15:55:19Z,132 Branch,unspecified,[Vertical tabs] Selected tab shadow is cut off on the left and right sides
1918651,Firefox,Address Bar,VERIFIED,FIXED,S4,P3,2024-09-13T12:29:58Z,2024-10-10T09:26:57Z,133 Branch,unspecified,New Switch to tab button container color strips are harder to see on some default browser themes
1918676,Firefox,Sidebar,VERIFIED,FIXED,--,P1,2024-09-13T13:44:32Z,2024-09-17T15:55:26Z,132 Branch,Firefox 132,Vertical tabs: empty spaces in list after closing tabs
1918681,Firefox,Toolbars and Customization,VERIFIED,FIXED,S2,P1,2024-09-13T13:55:31Z,2024-10-09T21:48:55Z,133 Branch,Firefox 132,"""List all tabs"" button impossible to remove"
1918684,Firefox,Tabbed Browser,RESOLVED,FIXED,S4,P2,2024-09-13T14:14:22Z,2024-09-22T21:39:28Z,132 Branch,unspecified,Tab group labels have incorrect styling
1918686,Firefox,Tabbed Browser,VERIFIED,FIXED,S3,P1,2024-09-13T14:15:58Z,2024-09-29T21:21:13Z,132 Branch,unspecified,Tabs within tab groups have incorrect width
1918687,Firefox,Tabbed Browser,RESOLVED,FIXED,--,P2,2024-09-13T14:16:56Z,2024-10-11T10:56:59Z,133 Branch,unspecified,Newly created tab groups should use the first unused color in the tab group color list
1918710,Firefox,Tabbed Browser,RESOLVED,FIXED,--,--,2024-09-13T15:20:26Z,2024-10-02T09:56:27Z,133 Branch,unspecified,Move tab to tab group from tab context menu
1918712,Firefox,Tabbed Browser,RESOLVED,FIXED,N/A,P1,2024-09-13T15:21:36Z,2024-10-16T21:49:44Z,133 Branch,unspecified,Remove tab from group from tab context menu
1918723,Firefox,General,RESOLVED,FIXED,--,--,2024-09-13T15:49:16Z,2024-09-18T21:16:12Z,132 Branch,unspecified,Remove inline event handlers from identity-popup
1918726,Firefox,Sidebar,RESOLVED,FIXED,--,--,2024-09-13T16:02:53Z,2024-09-13T21:48:09Z,132 Branch,unspecified,Vertical pinned tabs container taking up vertical space even when there are no pinned tabs
1918743,Firefox,New Tab Page,RESOLVED,FIXED,--,--,2024-09-13T16:56:09Z,2024-09-26T09:54:45Z,132 Branch,unspecified,[contextual content] Update telemetry to specificy source (list feed vs default card)
1918745,Firefox,Messaging System,RESOLVED,FIXED,S3,P1,2024-09-13T16:59:52Z,2024-09-21T09:27:12Z,132 Branch,unspecified,Add missing rollouts as test messages in NimbusRolloutMessageProvider
1918749,Firefox,Messaging System,RESOLVED,FIXED,--,P1,2024-09-13T17:13:14Z,2024-11-25T17:07:01Z,---,unspecified,[Experiment] Launch PDF Annotations - Highlight
1918765,Firefox,Sidebar,RESOLVED,FIXED,--,--,2024-09-13T18:20:21Z,2024-09-15T21:54:21Z,132 Branch,unspecified,Sidebar animation should use easing and not be a plain linear animation
1918766,Firefox,New Tab Page,RESOLVED,FIXED,--,--,2024-09-13T18:24:39Z,2024-09-16T22:01:05Z,132 Branch,unspecified,"Add ""ads.mozilla.org"" to discoverystream.endpoints pref"
1918796,Firefox,New Tab Page,VERIFIED,FIXED,--,--,2024-09-13T21:02:49Z,2024-09-14T09:23:44Z,132 Branch,unspecified,Home and newtab turn on merino recs provider pref flip
1918921,Firefox,Sidebar,VERIFIED,FIXED,--,--,2024-09-15T15:06:38Z,2024-09-17T09:30:26Z,132 Branch,Firefox 131,Right sidebar cannot be resized on MacOS
1918942,Firefox,Settings UI,VERIFIED,FIXED,S3,P1,2024-09-15T21:48:59Z,2024-09-17T04:10:37Z,132 Branch,unspecified,Settings -> Search -> Default Search Engine dropdown menu contains ellipse
1919035,Firefox,Sidebar,RESOLVED,FIXED,--,--,2024-09-16T13:16:04Z,2024-09-18T21:16:16Z,132 Branch,Firefox 132,Sidebar icons no longer use theme colors
1919041,Firefox,Sidebar,RESOLVED,FIXED,--,--,2024-09-16T13:33:52Z,2024-09-18T04:18:34Z,132 Branch,Firefox 132,Rapidly toggling sidebar causes it to move and reveal desktop during animation
1919043,Firefox,Messaging System,VERIFIED,FIXED,S2,--,2024-09-16T13:41:27Z,2024-09-17T14:40:35Z,---,Trunk,"[Experiment] The ""PDF_ANNOTATIONS_HIGHLIGHT"" callout is not fully visible when triggered"
1919061,Firefox,Messaging System,VERIFIED,FIXED,--,P1,2024-09-16T14:19:08Z,2024-09-16T22:01:24Z,132 Branch,unspecified,Fix mis-matched feature config name for configurable Bookmarks button surface
1919068,Firefox,Address Bar,RESOLVED,FIXED,N/A,P3,2024-09-16T14:30:23Z,2025-04-07T16:08:49Z,139 Branch,unspecified,Address Bar Scalars documentation is out of date (browser.ui.interaction.preferences_panePrivacy)
1919069,Firefox,New Tab Page,RESOLVED,FIXED,--,--,2024-09-16T14:40:35Z,2024-09-19T10:02:05Z,132 Branch,unspecified,[contextual content] Update list group for saved pocket & bookmark state
1919071,Firefox,PDF Viewer,RESOLVED,FIXED,--,--,2024-09-16T15:01:34Z,2024-09-17T04:10:41Z,132 Branch,unspecified,Remove the unused pdfjs.enableFloatingToolbar preference
1919101,Firefox,New Tab Page,RESOLVED,FIXED,--,--,2024-09-16T17:15:42Z,2024-09-18T20:25:56Z,---,unspecified,"[contextual content] When toggling layout variants, list group renders extra placeholders"
1919108,Firefox,Sidebar,RESOLVED,FIXED,S4,P5,2024-09-16T17:29:27Z,2024-09-18T04:18:41Z,132 Branch,unspecified,"Perma linux a11y-checks [tier 2] TEST-UNEXPECTED-FAIL | browser/components/sidebar/tests/browser/browser_glean_sidebar.js | Node is not focusable via the accessibility API: id: , tagName: A, className:  -"
1919147,Firefox,Messaging System,RESOLVED,FIXED,--,P1,2024-09-16T20:35:09Z,2024-09-26T16:26:51Z,132 Branch,unspecified,"Add ""narrow"" layout support in AboutWelcome to support GenAI model picker designs"
1919180,Firefox,Address Bar,RESOLVED,FIXED,N/A,P2,2024-09-17T01:12:52Z,2024-10-09T10:02:40Z,133 Branch,unspecified,Add telemetry to differentiate symbol or keyword entering search mode
1919183,Firefox,Sidebar,RESOLVED,FIXED,S4,P2,2024-09-17T01:51:18Z,2026-07-31T04:33:12Z,155 Branch,unspecified,High frequency |  browser/components/sidebar/tests/browser/browser_glean_sidebar.js | single tracking bug
1919185,Firefox,Sidebar,RESOLVED,FIXED,--,P1,2024-09-17T02:58:46Z,2024-09-19T21:30:14Z,132 Branch,unspecified,Investigate links and radio buttons that are failing Tier 2 a11y_checks for Customize Sidebar
1919193,Firefox,Address Bar,VERIFIED,FIXED,N/A,P1,2024-09-17T06:01:22Z,2024-09-18T10:03:34Z,132 Branch,unspecified,Hide Lock and Shield Icon Persisted Search State and use a Simplified Design
1919223,Firefox,Sidebar,VERIFIED,FIXED,S4,P2,2024-09-17T08:52:52Z,2025-01-08T04:44:29Z,136 Branch,Trunk,Show sidebars is not moved back to its default place when restoring defaults in Customize Toolbar
1919230,Firefox,Translations,RESOLVED,FIXED,S3,--,2024-09-17T09:20:01Z,2024-09-26T09:55:02Z,132 Branch,Firefox 130,Firefox 130 translates radio and checkbox input values despite of translate=no attribute
1919258,Firefox,Sidebar,RESOLVED,FIXED,--,--,2024-09-17T10:51:20Z,2024-09-17T11:41:59Z,---,Firefox 132,[Vertical tabs] Container tabs don't have any colour indicator
1919296,Firefox,Messaging System,VERIFIED,FIXED,S2,P1,2024-09-17T13:56:49Z,2024-09-27T08:45:29Z,---,Trunk,[Experiment] The “PDF_ANNOTATIONS_HIGHLIGHT” callout is not triggered on macOS and Linux
1919301,Firefox,Settings UI,VERIFIED,FIXED,S3,--,2024-09-17T14:05:29Z,2024-09-19T10:02:13Z,132 Branch,Firefox 132,The context menu from several sub-dialogs from Preferences displays a lot of unnecessary options
1919318,Firefox,Enterprise Policies,RESOLVED,FIXED,--,--,2024-09-17T15:07:39Z,2024-09-18T21:16:41Z,132 Branch,unspecified,Setting UseHTTPProxyForAllProtocols sets SOCKSHost
1919344,Firefox,Enterprise Policies,RESOLVED,FIXED,N/A,P3,2024-09-17T16:11:21Z,2024-10-02T09:56:31Z,133 Branch,unspecified,Move is_enterprise to a function on Services.policies
1919363,Firefox,Private Browsing,RESOLVED,FIXED,--,--,2024-09-17T17:04:56Z,2024-09-20T09:09:26Z,132 Branch,unspecified,Hide app menu new private window in permanent private browsing mode
1919365,Firefox,Settings UI,RESOLVED,FIXED,S4,P3,2024-09-17T17:08:41Z,2024-09-18T04:18:51Z,132 Branch,unspecified,"""Learn More"" for cookie banner blocking in settings should be capitalized ""Learn more"" to match other settings"
1919370,Firefox,Messaging System,RESOLVED,FIXED,S3,P1,2024-09-17T17:58:54Z,2024-09-21T09:27:31Z,132 Branch,unspecified,[RootCa] Land Signing Root CA Succession Infobar strings
1919387,Firefox,Enterprise Policies,RESOLVED,FIXED,N/A,P5,2024-09-17T19:59:23Z,2026-04-20T22:00:58Z,152 Branch,unspecified,Add Weather to the FirefoxHome policies
1919403,Firefox,Sidebar,VERIFIED,FIXED,S3,P1,2024-09-17T21:13:49Z,2024-09-27T21:42:59Z,132 Branch,unspecified,Too much vertical space above first tool/tab in revamped sidebar
1919439,Firefox,Theme,RESOLVED,FIXED,S4,P1,2024-09-18T05:53:15Z,2024-09-24T21:26:15Z,132 Branch,Firefox 132,sound-playing icon looks bad (outline is aliased)
1919442,Firefox,Tabbed Browser,VERIFIED,FIXED,--,--,2024-09-18T06:17:46Z,2024-12-18T04:32:45Z,135 Branch,unspecified,Vertical tabs: Update tab group styling to match spec
1919474,Firefox,Sidebar,VERIFIED,FIXED,S4,--,2024-09-18T09:49:35Z,2024-09-23T21:47:00Z,132 Branch,Trunk,[Linux] Screen reader reads additional phrase for the Synced tabs search bar in Sidebar
1919475,Firefox,Sidebar,RESOLVED,FIXED,S3,P2,2024-09-18T09:56:06Z,2025-04-17T04:18:23Z,139 Branch,Firefox 131,Update context menu for History entries
1919513,Firefox,PDF Viewer,RESOLVED,FIXED,S3,P1,2024-09-18T12:42:20Z,2024-09-25T09:41:50Z,132 Branch,Firefox 130,PDF viewer: Rasteriser issue with manual hinted TrueType fonts
1919517,Firefox,Messaging System,VERIFIED,FIXED,S2,P1,2024-09-18T12:45:39Z,2024-09-27T11:28:11Z,---,Trunk,"[Experiment] The progress bullets from the second screen of the ""PDF_ANNOTATIONS_HIGHLIGHT"" callout are overlapping the ""Dismiss"" button on ""de"" and ""it"" Firefox locales"
1919537,Firefox,Data Loss Prevention,VERIFIED,FIXED,S3,--,2024-09-18T13:28:22Z,2024-09-23T21:47:04Z,132 Branch,Firefox 132,Tab crashes when dropping text to a website that is part of the DenyUrlRegexList
1919540,Firefox,Search,VERIFIED,FIXED,N/A,P2,2024-09-18T13:36:43Z,2024-11-26T10:07:22Z,---,unspecified,Implement basic environment filtering on the Rust based SearchEngineSelector
1919541,Firefox,Search,VERIFIED,FIXED,N/A,P3,2024-09-18T13:38:06Z,2025-01-07T22:02:57Z,136 Branch,unspecified,Implement variant parameter handling on the Rust based SearchEngineSelector
1919549,Firefox,Address Bar,VERIFIED,FIXED,S3,P3,2024-09-18T14:16:26Z,2024-12-07T09:13:08Z,135 Branch,unspecified,‘Actions’ mode still persists in the address bar after submitting certain secondary actions in about:newtab
1919554,Firefox,Data Loss Prevention,VERIFIED,FIXED,S4,--,2024-09-18T14:26:33Z,2025-01-09T04:19:23Z,136 Branch,Firefox 132,Dragged text is not dropped on reddit.com
1919562,Firefox,Profile Backup,RESOLVED,FIXED,S4,P5,2024-09-18T14:54:28Z,2025-08-28T09:28:53Z,144 Branch,unspecified,Intermittent browser/components/backup/tests/xpcshell/test_BackupService_regeneration.js | single tracking bug
1919575,Firefox,Shell Integration,RESOLVED,FIXED,--,--,2024-09-18T15:28:38Z,2024-09-21T09:27:42Z,132 Branch,unspecified,JumpListBuilder::ObtainAndCacheFaviconAsync isn't making use of its promiseHolder
1919597,Firefox,Messaging System,RESOLVED,FIXED,S3,P1,2024-09-18T18:22:57Z,2024-09-21T09:27:46Z,132 Branch,unspecified,Land Firefox View Discoverability treatment-b strings
1919598,Firefox,Messaging System,RESOLVED,FIXED,S3,P1,2024-09-18T18:24:53Z,2025-02-22T09:17:31Z,137 Branch,unspecified,Land Firefox View Discoverability treatment-b in m-c
1919608,Firefox,New Tab Page,RESOLVED,FIXED,--,--,2024-09-18T19:22:01Z,2024-11-15T21:08:44Z,134 Branch,unspecified,Add Nathan Barrett and Maxx Crawford as New Tab Page peers
1919614,Firefox,Tabbed Browser,RESOLVED,FIXED,S3,P1,2024-09-18T19:42:29Z,2024-10-22T04:09:37Z,133 Branch,unspecified,Tab group labels are too tall on Linux and do not adjust to UI density
1919703,Firefox,Data Loss Prevention,VERIFIED,FIXED,S3,--,2024-09-19T07:00:40Z,2025-02-27T21:59:38Z,137 Branch,Firefox 132,Dropped text into prompt dialog is not scanned by DLP
1919721,Firefox,Toolbars and Customization,VERIFIED,FIXED,S1,P1,2024-09-19T08:58:14Z,2024-10-02T09:56:40Z,133 Branch,Firefox 132,"Bookmarks bar empty, pinned extensions gone, buttons gone etc. 132.0a1 (2024-09-18) (aarch64) macOS 15.1 Beta 4 and again in 133.0a1 (2024-09-30) and macOS 15.1 Beta 5"
1919752,Firefox,Data Loss Prevention,RESOLVED,FIXED,S3,--,2024-09-19T11:39:32Z,2024-10-08T04:24:52Z,133 Branch,unspecified,Dropping a folder for upload will give a DLP communication agent notification error
1919755,Firefox,Data Loss Prevention,VERIFIED,FIXED,S3,--,2024-09-19T12:01:03Z,2024-10-12T09:49:37Z,133 Branch,Firefox 132,The path of the printed PDF from the file system is incorrectly displayed in cmd while DLP is running
1919790,Firefox,Tabbed Browser,VERIFIED,FIXED,S3,P2,2024-09-19T13:18:01Z,2024-09-25T15:39:47Z,132 Branch,unspecified,Collapsing all tab groups in the tab strip does not automatically create a new tab
1919813,Firefox,Address Bar,RESOLVED,FIXED,N/A,P1,2024-09-19T14:10:52Z,2024-09-26T09:55:16Z,132 Branch,unspecified,Nimbus readiness for Address Bar Refresh
1919815,Firefox,Messaging System,RESOLVED,FIXED,S3,P1,2024-09-19T14:19:08Z,2024-09-26T14:54:01Z,---,unspecified,"[Experimenter] Land advanced targeting for existing user, hasn't change bookmarks toolbar visibility pref"
1919829,Firefox,Address Bar,VERIFIED,FIXED,--,--,2024-09-19T15:02:20Z,2024-09-20T21:50:53Z,132 Branch,unspecified,"Perma TEST-UNEXPECTED-FAIL | browser/components/urlbar/tests/browser/browser_UrlbarInput_overflow.js | Check the scheme box visibility - ""hidden"" == ""visible"" - when Gecko 132 merges to beta on 2024-09-30"
1919857,Firefox,Address Bar,RESOLVED,FIXED,N/A,P2,2024-09-19T16:52:03Z,2024-10-01T15:56:18Z,133 Branch,unspecified,Include Unfied Search button as a source in telemetry.
1919863,Firefox,Sidebar,RESOLVED,FIXED,--,P1,2024-09-19T17:30:45Z,2024-09-25T09:10:08Z,132 Branch,unspecified,Land strings for sidebar + chatbot experiments
1919867,Firefox,Sidebar,RESOLVED,FIXED,--,--,2024-09-19T17:44:36Z,2024-09-23T09:05:55Z,132 Branch,unspecified,Configure/support sidebar + chatbot onboarding screens
1919873,Firefox,Messaging System,RESOLVED,FIXED,--,P1,2024-09-19T18:19:10Z,2024-09-26T09:55:21Z,132 Branch,unspecified,Refine AboutWelcome Single Select template styles for selected/focused items
1919898,Firefox,New Tab Page,RESOLVED,FIXED,--,--,2024-09-19T20:12:04Z,2024-09-27T04:22:52Z,132 Branch,unspecified,[contextual content] UI tweaks
1920016,Firefox,New Tab Page,RESOLVED,FIXED,--,--,2024-09-20T08:58:01Z,2024-11-20T06:32:00Z,---,unspecified,[META] [QA] [QA-2610] Newtab unified ads API client integration
1920032,Firefox,Address Bar,RESOLVED,FIXED,S2,P2,2024-09-20T10:28:21Z,2024-10-12T09:49:45Z,133 Branch,Firefox 130,Dialog box asking user and password doesn't appears in second http server request
1920062,Firefox,New Tab Page,VERIFIED,FIXED,S3,--,2024-09-20T12:33:42Z,2024-10-15T21:47:41Z,133 Branch,unspecified,[Experiment] The NewTab searchbar overlaps with the Firefox Logo and weather widget on the variantB layout
1920079,Firefox,New Tab Page,VERIFIED,FIXED,S2,--,2024-09-20T13:20:22Z,2024-10-15T21:47:46Z,133 Branch,unspecified,[Experiment] The Personalize NewTab sidebar is displayed under the page's content on the variantB layout when zooming in above 180%
1920119,Firefox,Messaging System,RESOLVED,FIXED,--,P1,2024-09-20T16:07:33Z,2024-09-21T09:28:38Z,132 Branch,unspecified,"Support item ""flair"" in AboutWelcome Single Select Picker"
1920158,Firefox,Messaging System,RESOLVED,FIXED,--,P1,2024-09-20T18:34:01Z,2024-09-23T21:07:08Z,---,unspecified,[Rollout] Configure and launch rollout of treatment b of Firefox View Discoverability
1920167,Firefox,Search,RESOLVED,FIXED,--,--,2024-09-20T18:59:06Z,2024-09-21T09:28:41Z,132 Branch,Firefox 130,Add missing .length property in looping logic of 'extractDomainsFromDocument' method
1920228,Firefox,Installer,RESOLVED,FIXED,--,--,2024-09-20T20:20:23Z,2024-09-21T20:13:11Z,132 Branch,unspecified,Only call BrowserUsageTelemetry.reportInstallationTelemetry on Windows
1920235,Firefox,Sidebar,RESOLVED,FIXED,N/A,P2,2024-09-20T20:51:57Z,2024-12-13T16:12:05Z,135 Branch,unspecified,Add support for anchoring callouts to shadowDOM elements
1920241,Firefox,Address Bar,VERIFIED,FIXED,N/A,P2,2024-09-20T21:27:40Z,2024-10-07T21:08:03Z,133 Branch,unspecified,Update Persisted Search preferences text
1920242,Firefox,Address Bar,RESOLVED,FIXED,S4,P5,2024-09-20T21:33:33Z,2024-11-17T19:15:18Z,134 Branch,unspecified,High frequency browser/components/urlbar/tests/browser/browser_searchModeSwitcher_basic.js | single tracking bug
1920294,Firefox,Tabbed Browser,RESOLVED,FIXED,S4,P5,2024-09-21T11:01:27Z,2024-10-30T04:03:38Z,134 Branch,unspecified,Intermittent browser/components/tabbrowser/test/browser/tabs/browser_tab_groups.js (finished) | single tracking bug
1920299,Firefox,Messaging System,RESOLVED,FIXED,--,--,2024-09-21T11:53:29Z,2024-09-22T09:16:51Z,132 Branch,unspecified,Use Firefox View Fluent term in discoverability strings
1920319,Firefox,Sidebar,VERIFIED,FIXED,S4,P1,2024-09-21T14:48:12Z,2024-09-30T21:29:06Z,133 Branch,unspecified,Perma TEST-UNEXPECTED-FAIL | browser/components/sidebar/tests/browser/browser_a11y_sidebar.js | Uncaught exception in test bound test_keyboard_navigation_vertical_tabs - Two tabs are open. - timed out after 50 t when Gecko 132 merges to beta on 2024-09-30
1920359,Firefox,Tabbed Browser,VERIFIED,FIXED,--,--,2024-09-22T09:37:49Z,2024-09-24T04:14:50Z,132 Branch,unspecified,Move tab group line from tab group element to inside of tabs
1920360,Firefox,Tabbed Browser,RESOLVED,FIXED,--,--,2024-09-22T09:44:07Z,2024-09-24T04:14:55Z,132 Branch,unspecified,Use descendant selectors for [closebuttons] rules to account for grouped tabs
1920421,Firefox,Settings UI,RESOLVED,FIXED,S3,P3,2024-09-23T06:12:04Z,2024-09-25T09:10:25Z,132 Branch,unspecified,Some Settings links open in the current about:preferences tab instead of a new tab
1920423,Firefox,Site Permissions,VERIFIED,FIXED,S2,P1,2024-09-23T06:37:56Z,2024-10-03T10:21:28Z,133 Branch,unspecified,using long url address in permission prompt truncated lead to spoof
1920489,Firefox,Sidebar,RESOLVED,FIXED,S4,P1,2024-09-23T13:25:31Z,2025-03-19T04:11:01Z,138 Branch,unspecified,Add pref branch for introduction of new tools in the sidebar launcher
1920493,Firefox,Address Bar,VERIFIED,FIXED,N/A,P1,2024-09-23T13:44:15Z,2024-09-24T09:48:38Z,132 Branch,unspecified,Reset search mode in Persisted Search when returning to a default search engine results page
1920515,Firefox,PDF Viewer,VERIFIED,FIXED,S3,P1,2024-09-23T15:46:30Z,2024-09-25T09:42:17Z,132 Branch,Firefox 130,"Flipping enableUpdatedAddImage pref also makes ""Create alt text automatically"" toggle visible."
1920542,Firefox,Translations,RESOLVED,FIXED,--,--,2024-09-23T17:17:11Z,2024-10-10T12:32:05Z,---,unspecified,Add Newly Supported Languages to Firefox Release Notes (2024-09-23)
1920557,Firefox,New Tab Page,RESOLVED,FIXED,--,--,2024-09-23T18:23:29Z,2024-09-24T04:15:05Z,132 Branch,unspecified,TopSitesSponsoredImpressionStats does not set reporting URL when unifiedAdsEnabled is FALSE
1920559,Firefox,Sync,RESOLVED,FIXED,--,--,2024-09-23T18:53:17Z,2024-09-27T04:23:00Z,132 Branch,unspecified,Hovering over a remote tab in sidebar that does not support closing tabs remotely shows incorrect hover state
1920563,Firefox,Theme,RESOLVED,FIXED,--,P2,2024-09-23T19:16:23Z,2025-05-05T09:05:16Z,140 Branch,unspecified,Clean up / rename / relocate icons reused by chatbot
1920575,Firefox,Sidebar,VERIFIED,FIXED,--,--,2024-09-23T20:44:28Z,2024-10-02T09:57:06Z,133 Branch,unspecified,Vertical Tabs: Right click on new tab no longer shows container tab menu
1920656,Firefox,PDF Viewer,RESOLVED,FIXED,--,--,2024-09-24T08:24:04Z,2024-09-25T09:10:32Z,132 Branch,unspecified,Update PDF.js to new version cc63941b6496382bc8c762b6ccd886f036d43601 from 2024-09-24 08:08:02
1920666,Firefox,Tabbed Browser,VERIFIED,FIXED,--,P3,2024-09-24T09:36:14Z,2024-09-24T21:26:58Z,132 Branch,unspecified,Make tab group line extend under the group label
1920683,Firefox,Theme,RESOLVED,FIXED,N/A,P2,2024-09-24T11:55:13Z,2024-09-26T21:28:51Z,132 Branch,unspecified,Consolidate tab container font on macOS
1920691,Firefox,Tabbed Browser,RESOLVED,FIXED,--,--,2024-09-24T12:53:23Z,2024-09-26T21:28:55Z,132 Branch,unspecified,Properly target selected tabs in vertical tabs close button rule
1920693,Firefox,Shell Integration,RESOLVED,FIXED,--,--,2024-09-24T13:09:45Z,2024-09-26T12:29:30Z,---,unspecified,[META] [QA] [QA-2643] Support no-one-click rollout for holdback branch of Long Term Holdback
1920700,Firefox,Messaging System,VERIFIED,FIXED,S3,P1,2024-09-24T13:39:13Z,2024-09-25T16:21:55Z,---,unspecified,[Rollout] Cannot enroll in the “No one click set to default rollout LTH holdback branch” rollout on Windows 10
1920731,Firefox,Tabbed Browser,RESOLVED,FIXED,--,--,2024-09-24T15:36:18Z,2024-09-26T09:56:00Z,132 Branch,unspecified,gBrowser.tabs sometimes returns tab-group elements as part of the array
1920756,Firefox,Messaging System,RESOLVED,FIXED,--,P1,2024-09-24T16:54:18Z,2024-10-10T19:12:28Z,---,unspecified,[Skylight] default sort production messages by surface name
1920775,Firefox,Tabbed Browser,VERIFIED,FIXED,--,P2,2024-09-24T18:30:42Z,2024-09-30T21:29:23Z,133 Branch,unspecified,Selecting tab in collapsed tab group does not expand tab group
1920788,Firefox,New Tab Page,RESOLVED,FIXED,--,--,2024-09-24T18:58:12Z,2024-09-26T09:56:05Z,132 Branch,unspecified,HNT TelemetryFeed test fails when unifiedAdsEnabled is TRUE
1920798,Firefox,New Tab Page,RESOLVED,FIXED,S3,P3,2024-09-24T20:00:41Z,2024-11-15T16:44:25Z,134 Branch,unspecified,"Display issues with newtab weather widget change location ""X"" button"
1920799,Firefox,Messaging System,RESOLVED,FIXED,--,P1,2024-09-24T20:18:10Z,2024-10-15T21:47:55Z,133 Branch,unspecified,Add a new messaging surface to the AppMenu that allows us to try explain what signing into an FxA does
1920806,Firefox,Messaging System,RESOLVED,FIXED,--,P1,2024-09-24T21:01:02Z,2024-09-26T21:28:59Z,132 Branch,unspecified,Allow for tab orientation set pref actions and multi-actions to auto trigger when the Single Select picker renders
1920852,Firefox,Sync,VERIFIED,FIXED,N/A,P1,2024-09-25T01:17:43Z,2024-10-02T09:57:17Z,133 Branch,unspecified,Add ability to close tabs remotely to Firefox View
1920902,Firefox,Sidebar,VERIFIED,FIXED,--,--,2024-09-25T07:25:49Z,2024-09-26T09:56:15Z,132 Branch,unspecified,Sidebar search field looks transparent with alpenglow theme
1920922,Firefox,Tabbed Browser,RESOLVED,FIXED,--,--,2024-09-25T07:50:09Z,2024-09-26T16:27:23Z,132 Branch,unspecified,Audit hidden tab checks that may need to account for tabs in collapsed groups
1920926,Firefox,Search,RESOLVED,FIXED,S4,P5,2024-09-25T08:07:30Z,2026-02-04T05:03:05Z,149 Branch,unspecified,Intermittent browser/components/search/test/browser/browser_426329.js | single tracking bug
1920958,Firefox,Sidebar,RESOLVED,FIXED,--,P1,2024-09-25T10:39:32Z,2024-09-26T21:29:03Z,132 Branch,unspecified,Add string change and assets for sidebar experiment
1920971,Firefox,Messaging System,RESOLVED,FIXED,--,P1,2024-09-25T12:20:44Z,2024-09-26T09:56:32Z,132 Branch,unspecified,Single Select item inputs should all share the same name
1920988,Firefox,New Tab Page,RESOLVED,FIXED,--,--,2024-09-25T13:30:23Z,2024-09-26T09:56:39Z,132 Branch,unspecified,[contextual content] UI tweaks adding newsfeed icon
1920999,Firefox,Security,RESOLVED,FIXED,--,--,2024-09-25T14:02:56Z,2024-09-26T09:56:44Z,132 Branch,unspecified,Remove obsolete doh.evaluate telemetry event
1921012,Firefox,Toolbars and Customization,RESOLVED,FIXED,--,--,2024-09-25T14:50:49Z,2024-09-27T04:23:07Z,132 Branch,unspecified,Remove unreferenced telemetry event security.ui.app_menu
1921034,Firefox,Tabbed Browser,RESOLVED,FIXED,--,P3,2024-09-25T16:47:19Z,2025-01-21T21:30:41Z,136 Branch,unspecified,Rename TabsInTitlebar
1921060,Firefox,Sidebar,RESOLVED,FIXED,--,--,2024-09-25T18:02:40Z,2025-01-16T15:34:34Z,136 Branch,unspecified,Implement the full mute button spec
1921071,Firefox,PDF Viewer,RESOLVED,FIXED,--,--,2024-09-25T18:22:03Z,2024-09-26T09:57:00Z,132 Branch,unspecified,Update PDF.js to new version 9735a840ad9e8b6f87d24279504400f6da13acfe from 2024-09-25 16:18:31
1921072,Firefox,Address Bar,RESOLVED,FIXED,N/A,P2,2024-09-25T18:25:10Z,2024-10-12T09:49:52Z,133 Branch,unspecified,Fix impression telemetry warning for restrict keywords and token alias engines results
1921073,Firefox,Data Loss Prevention,RESOLVED,FIXED,S3,--,2024-09-25T18:27:03Z,2025-02-24T19:51:47Z,---,unspecified,Multiple block dialogs shown when multiple formats on the clipboard are blocked
1921079,Firefox,Data Loss Prevention,VERIFIED,FIXED,--,P3,2024-09-25T18:55:10Z,2024-10-19T06:37:24Z,133 Branch,unspecified,Add distinction to the agent name in the DLP icon popup
1921080,Firefox,Messaging System,RESOLVED,FIXED,--,P1,2024-09-25T18:57:32Z,2024-10-02T13:13:45Z,---,unspecified,[Skylight] show links to experiment and rollout dashboards on Completed page
1921092,Firefox,Address Bar,VERIFIED,FIXED,S3,P3,2024-09-25T20:00:36Z,2024-10-08T09:23:53Z,133 Branch,unspecified,Make Persisted Search with non-default engines consistent with the behavior of default engines
1921107,Firefox,Translations,RESOLVED,FIXED,S4,P5,2024-09-25T20:38:22Z,2024-09-27T04:23:27Z,132 Branch,unspecified,"Intermittent TV browser/components/translations/tests/browser/browser_translations_about_preferences_settings_download_languages_ui.js | This test exceeded the timeout threshold. It should be rewritten or split up. If that's not possible, use reques"
1921123,Firefox,Address Bar,RESOLVED,FIXED,N/A,P1,2024-09-25T22:06:11Z,2024-11-08T19:28:31Z,---,unspecified,[meta] City-based weather suggestions
1921126,Firefox,Address Bar,RESOLVED,FIXED,N/A,P1,2024-09-25T22:12:14Z,2024-10-23T21:24:16Z,133 Branch,unspecified,Desktop changes for city-based weather suggestions
1921160,Firefox,Sidebar,RESOLVED,FIXED,S4,P5,2024-09-26T05:54:49Z,2024-09-27T21:44:22Z,132 Branch,unspecified,"Perma a11y-checks TEST-UNEXPECTED-FAIL | browser/components/sidebar/tests/browser/browser_vertical_tabs.js | Node is not accessible via accessibility API: id: , tagName: html:slot, className:  -"
1921174,Firefox,Address Bar,RESOLVED,FIXED,S3,P2,2024-09-26T07:45:13Z,2024-11-06T05:07:24Z,134 Branch,unspecified,Shift + Tab when the urlbar has been focused (with Ctrl+L) should focus dedicated search button
1921196,Firefox,Theme,RESOLVED,FIXED,--,--,2024-09-26T10:01:58Z,2024-09-27T04:23:43Z,132 Branch,unspecified,Remove --buttons-destructive-* variables
1921199,Firefox,Theme,RESOLVED,FIXED,--,--,2024-09-26T10:25:18Z,2024-09-26T21:29:23Z,132 Branch,unspecified,"`JavaScript error: XPIInstall.sys.mjs, line 700: Error: File resource://builtin-themes/resource://builtin-themes/dark/ does not contain a valid manifest` on startup"
1921208,Firefox,Messaging System,RESOLVED,FIXED,--,--,2024-09-26T10:59:42Z,2024-09-26T13:21:03Z,---,unspecified,[META] [QA] [QA-2647] Desktop microsurvey that asks about users' experience with Firefox sync
1921218,Firefox,Settings UI,RESOLVED,FIXED,S3,P2,2024-09-26T12:00:36Z,2025-01-16T15:34:37Z,136 Branch,unspecified,Add settings checkbox for daily usage ping
1921252,Firefox,Messaging System,RESOLVED,FIXED,N/A,P1,2024-09-26T14:43:57Z,2024-11-07T22:09:16Z,---,unspecified,[Experiment] Configure and launch Recommend Bookmarks toolbar
1921257,Firefox,Sidebar,VERIFIED,FIXED,S3,P1,2024-09-26T15:02:33Z,2024-10-23T10:30:37Z,133 Branch,unspecified,Content area box-shadow and outline cut off when sidebar is set to positionend in revamp.
1921291,Firefox,PDF Viewer,RESOLVED,FIXED,--,P1,2024-09-26T16:52:23Z,2024-10-08T13:00:15Z,133 Branch,unspecified,Support editing already existing stamp annotations
1921309,Firefox,Sidebar,RESOLVED,FIXED,--,--,2024-09-26T18:07:12Z,2024-09-27T21:45:02Z,132 Branch,unspecified,Use --border-color-deemphasized instead of --panel-separator-color in sidebar.css
1921323,Firefox,Address Bar,RESOLVED,FIXED,N/A,P2,2024-09-26T19:07:05Z,2024-10-01T15:57:19Z,133 Branch,unspecified,Search Mode Persistence Preference
1921326,Firefox,New Tab Page,RESOLVED,FIXED,--,--,2024-09-26T19:24:29Z,2024-09-27T09:49:11Z,132 Branch,unspecified,[Unifed Ads API Integr] Add separate pref to enable Top Sites and Discovery Stream ads independently
1921335,Firefox,New Tab Page,RESOLVED,FIXED,--,--,2024-09-26T20:30:01Z,2024-10-23T09:40:36Z,133 Branch,unspecified,Newtab update story impressions rotation logic
1921336,Firefox,Sidebar,VERIFIED,FIXED,S3,P1,2024-09-26T20:43:36Z,2024-10-02T09:57:46Z,133 Branch,unspecified,Vertical pinned tabs scrollable area is tab focusable
1921458,Firefox,File Handling,VERIFIED,FIXED,S3,P2,2024-09-27T12:56:02Z,2024-10-28T21:31:05Z,134 Branch,unspecified,Microsoft .library-ms files potentially unsafe
1921494,Firefox,New Tab Page,RESOLVED,FIXED,--,--,2024-09-27T16:35:28Z,2024-09-28T08:57:53Z,132 Branch,unspecified,[Unifed Ads API Integr] Update nimbus variables for spocs/tiles prefs
1921536,Firefox,Sidebar,RESOLVED,FIXED,S3,P2,2024-09-27T19:28:09Z,2025-03-13T10:37:32Z,138 Branch,unspecified,Sidebar no longer remembers which panel you had open
1921538,Firefox,Sidebar,RESOLVED,FIXED,S3,P2,2024-09-27T19:36:40Z,2025-02-03T15:16:48Z,---,unspecified,"Sidebar settings says ""Show on left"" in RTL when the sidebar is on the right and vice-versa"
1921539,Firefox,Sidebar,VERIFIED,FIXED,S3,P1,2024-09-27T19:38:24Z,2024-10-02T09:58:03Z,133 Branch,unspecified,Sidebar button has no label when moved to the overflow menu
1921549,Firefox,Address Bar,RESOLVED,FIXED,N/A,P3,2024-09-27T20:09:01Z,2024-10-03T09:50:45Z,133 Branch,unspecified,List the keywords in the results panel when a user types `@`
1921564,Firefox,New Tab Page,VERIFIED,FIXED,--,--,2024-09-27T21:53:18Z,2024-09-28T08:58:03Z,132 Branch,unspecified,Newtab spocs load is not properly checking isStartup anymore
1921617,Firefox,Toolbars and Customization,RESOLVED,FIXED,--,--,2024-09-28T14:26:21Z,2024-10-01T15:57:40Z,133 Branch,unspecified,High frequency Linux shippable browser/components/customizableui/test/browser_876926_customize_mode_wrapping.js | Widget save-page-button was moved using drag and should now be wrapped in palette in customizing when Gecko 132 merges to beta on 2024-09-30
1921719,Firefox,Shell Integration,RESOLVED,FIXED,S3,P3,2024-09-30T07:16:35Z,2024-10-01T15:57:50Z,133 Branch,unspecified,[Linux] Crash at nsGNOMEShellHistorySearchResult::HandleSearchResultReply()
1921731,Firefox,Address Bar,VERIFIED,FIXED,S4,P3,2024-09-30T09:14:53Z,2024-11-11T09:46:42Z,134 Branch,unspecified,Secondary Actions Result buttons dropdown flickers after exiting Actions mode
1921748,Firefox,Address Bar,RESOLVED,FIXED,--,--,2024-09-30T11:09:57Z,2024-10-03T09:51:01Z,133 Branch,unspecified,Remove contextservices.quicksuggest legacy telemetry events
1921761,Firefox,Sidebar,RESOLVED,FIXED,S3,P1,2024-09-30T12:12:01Z,2024-10-09T10:03:13Z,133 Branch,unspecified,Compute maxTabsPerRow dynamically based on sidebar width (dynamically determine maximum number of pinned tabs per row in expanded sidebar)
1921762,Firefox,Tabbed Browser,VERIFIED,FIXED,S3,P1,2024-09-30T12:12:32Z,2024-10-02T09:58:17Z,133 Branch,Firefox 133,Partially dragged tabs no longer smoothly reset their position
1921775,Firefox,Messaging System,VERIFIED,FIXED,S2,P1,2024-09-30T13:20:19Z,2024-10-01T14:46:38Z,---,Trunk,"The ""WNP_MOMENTS_19"" page is not triggered if the ""Recommend features as you browse"" option is unchecked"
1921789,Firefox,Sidebar,RESOLVED,FIXED,--,P1,2024-09-30T14:23:36Z,2024-10-03T21:33:47Z,133 Branch,unspecified,Add scalar for vertical_tabs_container
1921792,Firefox,New Tab Page,RESOLVED,FIXED,S3,--,2024-09-30T14:32:24Z,2024-10-01T15:57:59Z,133 Branch,unspecified,`newtab.selected_topics` returns empty value
1921802,Firefox,Tabbed Browser,RESOLVED,FIXED,S4,P1,2024-09-30T15:23:48Z,2024-12-19T05:07:05Z,135 Branch,unspecified,Automatically save groups when closing the window they're open in
1921811,Firefox,Address Bar,RESOLVED,FIXED,S2,P1,2024-09-30T16:33:29Z,2024-10-22T10:00:46Z,133 Branch,unspecified,Make urlbar a popover so that it draws on the top layer
1921812,Firefox,Tabbed Browser,RESOLVED,FIXED,--,P2,2024-09-30T16:41:12Z,2024-12-30T22:08:20Z,134 Branch,unspecified,Select next tab/cycle tabs should skip over collapsed tab groups
1921814,Firefox,Tabbed Browser,VERIFIED,FIXED,--,P2,2024-09-30T16:49:29Z,2024-11-21T19:26:24Z,134 Branch,unspecified,Tab group label should be in keyboard focus list
1921830,Firefox,Tabbed Browser,VERIFIED,FIXED,S3,P2,2024-09-30T17:08:08Z,2024-11-20T12:25:58Z,134 Branch,unspecified,Move tab left/right should behave well with tab groups
1921835,Firefox,Tabbed Browser,VERIFIED,FIXED,S4,P1,2024-09-30T17:17:21Z,2025-05-21T21:30:10Z,140 Branch,unspecified,Move tab to start/end should skip collapsed tab groups
1921836,Firefox,Sidebar,VERIFIED,FIXED,S3,P2,2024-09-30T17:21:52Z,2024-11-06T09:53:05Z,133 Branch,unspecified,Sidebar panel is displayed without the sidebar launcher when invoked via a keyboard shortcut/application menu
1921854,Firefox,Address Bar,RESOLVED,FIXED,--,--,2024-09-30T17:54:29Z,2024-10-02T09:58:29Z,133 Branch,unspecified,Remove leftover support for obosolete services.sync.syncedTabs.showRemoteTabs pref
1921857,Firefox,Tabbed Browser,RESOLVED,FIXED,--,P2,2024-09-30T18:06:50Z,2024-12-19T16:14:48Z,135 Branch,unspecified,"""Close tabs to the left/right"" should save and close groups, including collpased groups"
1921858,Firefox,Tabbed Browser,RESOLVED,FIXED,S4,P5,2024-09-30T18:07:51Z,2024-10-02T09:58:34Z,133 Branch,unspecified,Intermittent TV browser/components/tabbrowser/test/browser/tabs/browser_tab_groups.js | single tracking
1921860,Firefox,Tabbed Browser,RESOLVED,FIXED,--,P2,2024-09-30T18:14:08Z,2024-10-10T22:06:52Z,133 Branch,unspecified,Tab counts should include tabs in collapsed tab groups
1921893,Firefox,Tabbed Browser,RESOLVED,FIXED,S4,P5,2024-09-30T22:31:22Z,2024-12-06T18:33:16Z,134 Branch,unspecified,"Perma a11y-checks tier2 browser/components/tabbrowser/test/browser/tabs/browser_tab_groups.js | Node is not accessible via accessibility API: id: , tagName: label, className: tab-group-label -"
1921951,Firefox,Sidebar,VERIFIED,FIXED,S3,P2,2024-10-01T09:46:26Z,2025-01-05T09:29:56Z,135 Branch,Firefox 133,Vertical tabs list does not scroll to show new background tabs
1921959,Firefox,Sidebar,RESOLVED,FIXED,S3,P2,2024-10-01T10:32:57Z,2026-08-04T21:31:33Z,155 Branch,Firefox 133,New tab button in sidebar is not clickable from screen edges (Fitts' law)
1921982,Firefox,Tabbed Browser,RESOLVED,FIXED,--,--,2024-10-01T13:34:24Z,2024-10-05T20:58:58Z,133 Branch,unspecified,Add jswinarton as a peer for Tabbed Browser
1921997,Firefox,Sidebar,RESOLVED,FIXED,--,--,2024-10-01T14:21:47Z,2024-10-02T17:16:39Z,133 Branch,unspecified,4.6 - 2.08% google-mail FirstVisualChange / twitter loadtime + 28 more (Windows) regression on Sat September 28 2024
1922010,Firefox,Shell Integration,RESOLVED,FIXED,S3,P3,2024-10-01T16:03:48Z,2024-11-12T21:51:47Z,134 Branch,unspecified,Change WindowsLaunchOnLogin functions that interacts with registry keys to be private
1922024,Firefox,Messaging System,RESOLVED,FIXED,S4,P1,2024-10-01T17:04:55Z,2024-10-16T21:50:01Z,133 Branch,unspecified,about:messagepreview onboarding incorrectly fails to display some images
1922036,Firefox,Sidebar,VERIFIED,FIXED,S3,P1,2024-10-01T17:23:43Z,2024-10-19T06:37:34Z,133 Branch,unspecified,Make vertical tabs and tools 32px
1922037,Firefox,Sidebar,RESOLVED,FIXED,S4,P1,2024-10-01T17:23:52Z,2024-10-10T09:27:11Z,133 Branch,unspecified,Record Glean metrics upon sidebar initialization
1922043,Firefox,Messaging System,RESOLVED,FIXED,S3,P2,2024-10-01T17:30:07Z,2026-02-18T16:36:35Z,---,unspecified,[Skylight] Fix import errors for SCREEN_ID in Limelight
1922063,Firefox,PDF Viewer,RESOLVED,FIXED,--,--,2024-10-01T18:21:48Z,2024-10-08T12:58:19Z,133 Branch,unspecified,Text layer and canvas don't always match in the pdf viewer on Windows
1922114,Firefox,Address Bar,VERIFIED,FIXED,S3,P3,2024-10-01T21:41:11Z,2025-11-28T04:25:24Z,147 Branch,unspecified,Ensure Unified Search Button UI makes sense when keyword.enabled is false
1922147,Firefox,Messaging System,RESOLVED,FIXED,--,--,2024-10-02T00:04:02Z,2024-10-04T04:28:04Z,133 Branch,unspecified,Targeting editors lose focus when changing between small input and large textarea
1922217,Firefox,Messaging System,RESOLVED,FIXED,--,--,2024-10-02T11:05:46Z,2024-10-03T21:33:57Z,133 Branch,unspecified,Migrate telemetry events to use Glean APIs for messaging_experiments
1922262,Firefox,Tabbed Browser,RESOLVED,FIXED,--,P1,2024-10-02T13:55:30Z,2024-10-10T22:07:13Z,133 Branch,unspecified,"Tab groups have incorrect chicklet colour and border radius in the ""Add Tab to Group"" context menu"
1922264,Firefox,Sidebar,VERIFIED,FIXED,--,--,2024-10-02T13:58:01Z,2024-10-10T22:07:17Z,133 Branch,Firefox 133,Container menu not shown when right-clicking new tab button when vertical tabs overflowing
1922265,Firefox,Tabbed Browser,RESOLVED,FIXED,--,P1,2024-10-02T13:59:43Z,2024-10-09T10:03:35Z,133 Branch,unspecified,"""Create tab group"" modal only appears if there are no existing tab groups"
1922268,Firefox,Tabbed Browser,VERIFIED,FIXED,S3,P2,2024-10-02T14:03:58Z,2024-11-06T05:07:29Z,134 Branch,unspecified,"Clicking ""New tab to right"" in a context menu inadvertently adds a tab to a group, if the next tab to the right is in a group"
1922276,Firefox,Tabbed Browser,RESOLVED,FIXED,--,P2,2024-10-02T14:21:03Z,2024-11-05T20:52:05Z,134 Branch,unspecified,"Moving tab groups between windows causes the ""create tab group"" UI to appear"
1922303,Firefox,New Tab Page,RESOLVED,FIXED,--,--,2024-10-02T14:58:34Z,2024-10-04T10:08:10Z,133 Branch,unspecified,[Unified Ads API Integr] Spoc data feed empty in HNT dev tools
1922307,Firefox,Theme,VERIFIED,FIXED,S3,P1,2024-10-02T15:12:57Z,2024-10-26T09:29:13Z,133 Branch,unspecified,Pressing Alt key to show menu bar makes titlebar height 250% larger even though there are no tabs in the titlebar
1922311,Firefox,New Tab Page,RESOLVED,FIXED,--,--,2024-10-02T15:31:11Z,2024-10-24T04:15:42Z,133 Branch,unspecified,[meta] Fakespot style listcard
1922316,Firefox,Sidebar,RESOLVED,FIXED,--,--,2024-10-02T15:40:30Z,2024-10-03T21:34:04Z,133 Branch,unspecified,Only set sidebar nimbus prefs with a minVersion check
1922329,Firefox,Enterprise Policies,RESOLVED,FIXED,N/A,P5,2024-10-02T16:09:27Z,2024-11-14T10:00:49Z,134 Branch,unspecified,Allow configuring the dentity.fxaccounts.toolbar.pxiToolbarEnabled preferences via policy
1922343,Firefox,Sidebar,RESOLVED,FIXED,--,--,2024-10-02T16:46:32Z,2024-10-19T06:37:38Z,133 Branch,unspecified,Hide gutter from macos overlay scrollbar for vertical tabs
1922393,Firefox,Address Bar,VERIFIED,FIXED,S4,P2,2024-10-02T20:47:57Z,2024-10-08T04:25:34Z,133 Branch,unspecified,Switch-to-Tab Icon Overlapped by Text When Using Compact Mode
1922398,Firefox,New Tab Page,RESOLVED,FIXED,S3,P3,2024-10-02T21:18:44Z,2025-10-18T21:12:36Z,146 Branch,unspecified,New Tab: Settings button is the first in the focus order when it is visually placed after the Weather widget
1922521,Firefox,Theme,VERIFIED,FIXED,S2,P2,2024-10-03T13:08:58Z,2024-10-12T09:50:16Z,133 Branch,Firefox 133,Dragged tabs are no longer opaque when Dark theme is enabled
1922526,Firefox,Theme,RESOLVED,FIXED,--,--,2024-10-03T13:16:15Z,2024-10-12T09:50:20Z,133 Branch,unspecified,Add explicit test coverage for BuiltInThemes calls to AddonManager.maybeInstallBuiltinAddon
1922535,Firefox,Address Bar,RESOLVED,FIXED,S4,P3,2024-10-03T13:51:51Z,2024-12-05T10:01:20Z,135 Branch,unspecified,UrlbarController.speculativeConnect causes warnings when just '@' is typed (getSubmission: searchTerms is empty)
1922546,Firefox,Sidebar,VERIFIED,FIXED,S3,P1,2024-10-03T14:39:05Z,2024-10-04T10:08:21Z,133 Branch,Firefox 133,Address bar dropdown covered by page content since horizontal tab strip hidden by vertical tabs
1922553,Firefox,Normandy Client,RESOLVED,FIXED,--,--,2024-10-03T14:48:57Z,2024-10-03T21:34:38Z,133 Branch,unspecified,Migrate telemetry events to use Glean APIs for normandy
1922570,Firefox,Address Bar,RESOLVED,FIXED,S3,P1,2024-10-03T16:06:18Z,2024-10-22T04:09:44Z,133 Branch,unspecified,Secondary Actions UX needs updated to match spec
1922594,Firefox,Messaging System,RESOLVED,FIXED,N/A,P1,2024-10-03T17:44:23Z,2024-10-20T09:14:49Z,133 Branch,unspecified,Add strings and image assets for AppMenu messaging experiments for 133
1922596,Firefox,Private Browsing,RESOLVED,FIXED,--,--,2024-10-03T17:47:10Z,2024-10-25T04:14:23Z,133 Branch,unspecified,Remove or update probes expiring in Firefox 134: aboutprivatebrowsing.click#click before Gecko version gets increased to 134 on 2024-10-28
1922597,Firefox,Installer,RESOLVED,FIXED,--,P2,2024-10-03T17:47:16Z,2024-10-15T09:34:03Z,133 Branch,unspecified,Remove or update probes expiring in Firefox 134: installation.firstSeen.* before Gecko version gets increased to 134 on 2024-10-28
1922609,Firefox,General,RESOLVED,FIXED,--,--,2024-10-03T17:48:58Z,2024-10-17T20:53:04Z,133 Branch,unspecified,Remove or update metrics expiring in Firefox 134: aboutprivatebrowsing.click_* before Gecko version gets increased to 134 on 2024-10-28
1922618,Firefox,PDF Viewer,RESOLVED,FIXED,S3,P3,2024-10-03T18:12:01Z,2024-10-08T04:25:50Z,133 Branch,Firefox 131,Issues Viewing PDF Properties- Creation and Modification Dates
1922646,Firefox,Messaging System,RESOLVED,FIXED,S3,P1,2024-10-03T19:25:54Z,2025-03-05T04:30:15Z,138 Branch,unspecified,Add a delay between the default Set to Default prompt and showing the INFOBAR_DEFAULT_AND_PIN_87 message
1922655,Firefox,Tabbed Browser,VERIFIED,FIXED,--,P1,2024-10-03T19:39:24Z,2024-10-17T04:19:02Z,133 Branch,unspecified,"Creating a tab group moves the tab to the end of the tab strip, rather than leaving it in place"
1922664,Firefox,New Tab Page,VERIFIED,FIXED,--,--,2024-10-03T20:14:00Z,2024-11-19T06:04:28Z,---,unspecified,New Tab Wallpaper option groups cannot be activated with keyboard alone
1922718,Firefox,Sidebar,RESOLVED,FIXED,S4,P2,2024-10-04T02:17:01Z,2025-08-02T09:31:18Z,143 Branch,unspecified,Intermittent browser/components/sidebar/tests/browser/browser_vertical_tabs.js | single tracking bug
1922725,Firefox,Sidebar,RESOLVED,FIXED,S4,P5,2024-10-04T03:51:52Z,2024-10-30T04:04:00Z,134 Branch,unspecified,"Perma [Tier 2] TEST-UNEXPECTED-FAIL | browser/components/sidebar/tests/browser/browser_vertical_tabs_stacking_context.js | Node is not accessible via accessibility API: id: , tagName: hbox, className: search-one-offs -"
1922766,Firefox,PDF Viewer,RESOLVED,FIXED,S3,P1,2024-10-04T10:16:26Z,2024-10-27T12:53:16Z,133 Branch,Trunk,justis.nl - Radio buttons do not work
1922777,Firefox,Sidebar,VERIFIED,FIXED,S3,P1,2024-10-04T11:48:16Z,2025-06-24T09:48:51Z,142 Branch,Firefox 128,Sidebar would not remember last used panel
1922802,Firefox,Address Bar,VERIFIED,FIXED,S2,P1,2024-10-04T14:22:53Z,2024-10-22T18:02:21Z,133 Branch,Firefox 133,"Vertical tabs: address bar dropdown is transparent, bookmark toolbar can be clicked through it"
1922898,Firefox,Theme,VERIFIED,FIXED,S2,P1,2024-10-05T13:20:15Z,2024-10-11T10:57:39Z,133 Branch,Firefox 133,tabbar background becomes a default opaque color when losing focus
1922993,Firefox,Sidebar,VERIFIED,FIXED,S2,P1,2024-10-07T05:41:53Z,2024-10-22T18:01:01Z,133 Branch,unspecified,Legacy sidebar splitter overaps urlbar suggestions
1923029,Firefox,Installer,RESOLVED,FIXED,S3,--,2024-10-07T08:22:58Z,2024-10-08T04:26:27Z,133 Branch,unspecified,installation.firstSeen.* scalars should not be recorded in all process types
1923032,Firefox,Sidebar,RESOLVED,FIXED,S3,--,2024-10-07T08:34:18Z,2024-10-14T14:10:15Z,133 Branch,unspecified,4.38% tart (Windows) regression on Sat September 28 2024
1923041,Firefox,Sidebar,VERIFIED,FIXED,S3,P1,2024-10-07T09:02:23Z,2024-10-18T21:24:26Z,133 Branch,Firefox 133,Middle-clicking the new tab button in the sidebar no longer performs action
1923043,Firefox,Sidebar,VERIFIED,FIXED,S4,P1,2024-10-07T09:14:44Z,2024-10-22T17:57:07Z,133 Branch,Firefox 133,Content top border missing with sidebar revamp since navigator toolbox z-index changed
1923052,Firefox,Sidebar,VERIFIED,FIXED,S3,P1,2024-10-07T10:02:16Z,2024-10-23T21:24:40Z,133 Branch,Firefox 133,"""Private browsing"" icon/label no longer shown in titlebar with vertical tabs"
1923080,Firefox,Sidebar,VERIFIED,FIXED,S3,P1,2024-10-07T12:03:10Z,2024-10-25T04:14:27Z,133 Branch,unspecified,Toolbar buttons overlap in small windows with vertical tabs
1923088,Firefox,PDF Viewer,RESOLVED,FIXED,--,--,2024-10-07T12:36:29Z,2024-10-08T04:26:33Z,133 Branch,unspecified,Update PDF.js to new version 81cf42df470f85eb60150bdffca380e3eee79c08 from 2024-10-06 11:49:12
1923112,Firefox,New Tab Page,VERIFIED,FIXED,S2,P3,2024-10-07T13:54:43Z,2025-02-12T09:33:39Z,137 Branch,unspecified,New Tab Wallpaper options provide confusing markup and navigation pattern
1923116,Firefox,New Tab Page,VERIFIED,FIXED,S3,P3,2024-10-07T14:10:45Z,2025-09-03T04:43:20Z,144 Branch,unspecified,New Tab Wallpaper option group selection is not communicated visually
1923125,Firefox,Profile Backup,RESOLVED,FIXED,S4,P3,2024-10-07T14:34:09Z,2024-10-09T21:50:05Z,133 Branch,unspecified,Backup regeneration is triggered by batch cookie deletion due to expiry / hitting size limits
1923141,Firefox,New Tab Page,VERIFIED,FIXED,S3,--,2024-10-07T15:42:17Z,2024-10-08T10:08:05Z,---,Firefox 132,[Feature][Desktop] The “Need to Know” contextual content section from the New Tab page is not displayed for users on en-GB locale and region
1923186,Firefox,New Tab Page,VERIFIED,FIXED,--,--,2024-10-07T18:44:58Z,2024-10-09T10:04:27Z,133 Branch,unspecified,Enable topic labels for US/CA
1923187,Firefox,Address Bar,RESOLVED,FIXED,N/A,P1,2024-10-07T19:07:36Z,2024-10-11T10:57:48Z,133 Branch,Firefox 133,Integrate interest-based relevance ranking for Merino-backed suggestions
1923212,Firefox,Address Bar,RESOLVED,FIXED,N/A,P1,2024-10-07T21:33:46Z,2024-10-20T21:13:00Z,133 Branch,unspecified,Skip tests that fail with ScotchBonnet enabled
1923238,Firefox,New Tab Page,VERIFIED,FIXED,--,--,2024-10-07T23:57:38Z,2024-10-09T10:04:38Z,133 Branch,unspecified,[Unified Ads API Integr] change endpoint hit for unified ads DELETE request
1923240,Firefox,New Tab Page,VERIFIED,FIXED,--,--,2024-10-08T00:01:51Z,2024-10-09T10:04:42Z,133 Branch,unspecified,[Unified Ads API Integr] Tiles request is no longer properly handling tiles cache timeout
1923294,Firefox,Tabbed Browser,RESOLVED,FIXED,--,--,2024-10-08T09:56:04Z,2024-10-09T10:04:46Z,133 Branch,unspecified,Use removeTabGroup helper function in new tab group sub tests
1923306,Firefox,Sidebar,VERIFIED,FIXED,S3,P2,2024-10-08T10:56:18Z,2024-11-01T09:45:57Z,134 Branch,Firefox 133,Unfocused address bar no longer has contrasting background color since becoming part of the titlebar with vertical tabs
1923313,Firefox,New Tab Page,VERIFIED,FIXED,S3,--,2024-10-08T11:39:59Z,2024-10-12T09:51:09Z,133 Branch,Firefox 132,Impression and Dismiss events for cards from the “Need to Know” contextual content section are incomplete
1923316,Firefox,New Tab Page,VERIFIED,FIXED,S2,--,2024-10-08T11:44:14Z,2024-10-15T13:02:01Z,---,Firefox 132,Clicking on any card from the “Need to Know” contextual content section does not generate a “click” telemetry event
1923326,Firefox,Sidebar,RESOLVED,FIXED,--,--,2024-10-08T12:11:14Z,2024-10-09T10:04:50Z,133 Branch,unspecified,"TypeError: can't access property ""toggleAttribute"", this.toolbarButton is null"
1923342,Firefox,Messaging System,RESOLVED,FIXED,N/A,P1,2024-10-08T13:34:13Z,2024-10-21T15:56:52Z,---,unspecified,[Remote Settings] Configure and launch Root CA Moments page 19
1923345,Firefox,Messaging System,RESOLVED,FIXED,S4,P1,2024-10-08T13:39:33Z,2024-12-09T18:38:03Z,---,unspecified,[Remote Settings] Configure and launch RootCA Infobar (IRI/IWI) - 101 and lower
1923346,Firefox,Messaging System,RESOLVED,FIXED,S3,P1,2024-10-08T13:43:27Z,2024-11-11T16:24:08Z,---,unspecified,[Remote Settings] First pass - Copy translated RootCA Infobar strings from Pontoon to Remote Settings
1923363,Firefox,Toolbars and Customization,VERIFIED,FIXED,S3,P2,2024-10-08T14:36:15Z,2024-10-25T04:14:31Z,133 Branch,Firefox 133,"""List all tabs"" button fails to open from overflow menu with large numbers of tabs"
1923366,Firefox,Sidebar,RESOLVED,FIXED,--,--,2024-10-08T14:43:56Z,2024-10-09T21:50:29Z,133 Branch,unspecified,Remove sidebar.opened scalar from Scalars.yaml
1923367,Firefox,Theme,VERIFIED,FIXED,--,P1,2024-10-08T14:50:06Z,2024-10-12T09:51:17Z,133 Branch,unspecified,Go back to using the dropdown icon for all-tabs button when it's in the tabs toolbar
1923374,Firefox,Address Bar,VERIFIED,FIXED,--,--,2024-10-08T15:01:26Z,2024-10-09T10:04:57Z,133 Branch,other,Perma late beta browser/components/urlbar/tests/browser/browser_searchModeSwitcher_basic.js | gURLBar.searchMode should exist as expected - false == true - when Gecko 133 switches to beta on 2024-11-08
1923381,Firefox,Address Bar,RESOLVED,FIXED,N/A,P2,2024-10-08T15:19:22Z,2025-01-23T09:54:43Z,136 Branch,unspecified,Reenable ScotchBonnet in performance tests
1923383,Firefox,Address Bar,RESOLVED,FIXED,S4,P3,2024-10-08T15:25:18Z,2026-05-20T09:19:15Z,153 Branch,unspecified,Reenable ScotchBonnet in browser_test_focus_urlbar.js
1923388,Firefox,Address Bar,RESOLVED,FIXED,S4,P3,2024-10-08T15:32:05Z,2026-05-28T09:12:24Z,153 Branch,unspecified,Reenable ScotchBonnet in browser_toolbarKeyNav.js
1923448,Firefox,Shell Integration,RESOLVED,FIXED,S3,P3,2024-10-08T19:03:18Z,2024-11-13T09:51:50Z,134 Branch,Firefox 133,Generalized Windows Pinning
1923512,Firefox,Sidebar,VERIFIED,FIXED,--,--,2024-10-08T21:33:15Z,2024-10-11T10:58:12Z,133 Branch,unspecified,Vertical tabs' X Close buttons are flush with the right edge of the tab. No padding or spacing.
1923550,Firefox,Address Bar,RESOLVED,FIXED,S3,P3,2024-10-09T04:39:59Z,2024-10-16T21:50:43Z,133 Branch,unspecified,Quick actions search mode preview is formatted incorrectly
1923575,Firefox,Sidebar,VERIFIED,FIXED,S3,P1,2024-10-09T09:02:58Z,2024-10-22T17:51:28Z,133 Branch,Trunk,sidebar.revamp splitter hover effect overlaps urlbar suggestions
1923593,Firefox,Tabbed Browser,VERIFIED,FIXED,S3,P3,2024-10-09T10:53:05Z,2024-10-23T21:24:48Z,133 Branch,Firefox 130,drag-n-drop from all tabs list to bookmarks toolbar creates two different bookmarks
1923635,Firefox,Tabbed Browser,RESOLVED,FIXED,--,--,2024-10-09T13:59:19Z,2024-10-09T21:50:48Z,133 Branch,unspecified,Various MozTabbrowserTabs cleanup
1923651,Firefox,Tabbed Browser,RESOLVED,FIXED,N/A,P1,2024-10-09T14:46:23Z,2024-10-31T21:03:11Z,134 Branch,unspecified,"tab group UI: enable ""move group to new window"""
1923652,Firefox,Tabbed Browser,RESOLVED,FIXED,N/A,P1,2024-10-09T14:47:10Z,2024-11-23T09:03:02Z,134 Branch,unspecified,"tab group UI: enable ""save and close group"""
1923653,Firefox,Tabbed Browser,RESOLVED,FIXED,N/A,P1,2024-10-09T14:48:19Z,2024-11-21T21:56:54Z,134 Branch,unspecified,"tab group UI: enable ""delete group"""
1923655,Firefox,File Handling,VERIFIED,FIXED,S2,P1,2024-10-09T14:50:55Z,2024-10-16T04:36:28Z,133 Branch,unspecified,prompt to launch external application (protocol handler) can be empty when navigation happens in unloaded frame
1923686,Firefox,Address Bar,VERIFIED,FIXED,S3,P2,2024-10-09T16:45:04Z,2024-11-20T09:41:19Z,134 Branch,Firefox 133,Accidentally searching URL when scotch bonnet is enabled
1923689,Firefox,Search,VERIFIED,FIXED,N/A,P2,2024-10-09T16:52:32Z,2024-11-14T11:38:49Z,---,unspecified,Implement Basic Configuration Processing on the Rust based SearchEngineSelector
1923704,Firefox,New Tab Page,RESOLVED,FIXED,--,--,2024-10-09T18:19:28Z,2025-03-18T20:42:50Z,---,unspecified,[Wallpapers] Add Anniversary Wallpapers to RS
1923726,Firefox,Messaging System,RESOLVED,FIXED,--,P2,2024-10-09T19:57:53Z,2024-12-03T09:14:28Z,135 Branch,unspecified,Add missing rollouts as test messages in NimbusRolloutMessageProvider
1923752,Firefox,Sidebar,VERIFIED,FIXED,--,P2,2024-10-09T22:27:49Z,2024-11-09T09:38:08Z,134 Branch,unspecified,Hide new tab button that pops up in the toolbar upon switching to vertical tabs
1923753,Firefox,Sidebar,RESOLVED,FIXED,--,P1,2024-10-09T22:29:46Z,2024-10-31T04:52:58Z,134 Branch,unspecified,Update assets for History and Tabs from other devices empty states
1923836,Firefox,Sidebar,RESOLVED,FIXED,--,--,2024-10-10T10:33:34Z,2024-10-11T06:23:13Z,133 Branch,unspecified,URL bar drop-down renders behind notification bars
1923844,Firefox,Sidebar,VERIFIED,FIXED,S4,P2,2024-10-10T12:10:53Z,2024-10-12T09:53:05Z,133 Branch,unspecified,Hide sidebar animation reveals desktop during the animation
1923865,Firefox,Tabbed Browser,RESOLVED,FIXED,N/A,P3,2024-10-10T13:36:15Z,2024-10-15T21:48:45Z,133 Branch,unspecified,update API for gBrowser.addTabGroup
1923868,Firefox,Messaging System,RESOLVED,FIXED,--,P1,2024-10-10T13:41:59Z,2024-11-26T09:40:19Z,135 Branch,unspecified,Support setting Firefox as default based on installer attribution campaign
1923877,Firefox,Sidebar,RESOLVED,FIXED,S4,P3,2024-10-10T14:13:21Z,2025-01-14T17:50:13Z,---,Firefox 132,Styling of sidebar panels needs adjustments
1923878,Firefox,Messaging System,VERIFIED,FIXED,S2,--,2024-10-10T14:16:19Z,2024-10-14T08:40:03Z,---,Firefox 131,[Rollout] Sync microsurvey strings are displayed instead of the Search ones on all localizations
1923897,Firefox,New Tab Page,VERIFIED,FIXED,--,--,2024-10-10T15:41:43Z,2024-10-11T10:58:46Z,133 Branch,unspecified,Logic calculating matches_selected_topic telemetry attribute may block certain telemetry events from firing if set incorrectly
1923900,Firefox,Sidebar,RESOLVED,FIXED,--,--,2024-10-10T15:54:24Z,2024-10-12T09:53:21Z,133 Branch,unspecified,Record sidebar-customize for toggling chatbot and bookmarks
1923944,Firefox,Messaging System,RESOLVED,FIXED,S3,P1,2024-10-10T18:52:51Z,2024-11-07T22:08:45Z,---,unspecified,[Experiment] Configure and launch Spotlight Modal: Multi-Action CTA
1923946,Firefox,Sidebar,RESOLVED,FIXED,--,--,2024-10-10T19:00:16Z,2024-10-16T21:51:05Z,133 Branch,Firefox 133,Update sidebar telemetry for resizing and panel toggling
1923972,Firefox,Sidebar,RESOLVED,FIXED,--,P1,2024-10-10T20:48:34Z,2024-10-24T04:15:59Z,133 Branch,Firefox 133,Telemetry for icons on the sidebar
1924001,Firefox,General,RESOLVED,FIXED,--,--,2024-10-11T00:57:43Z,2024-10-22T10:01:09Z,133 Branch,unspecified,"Perma [tier 2] Linting opt /builds/worker/checkouts/gecko/browser/components/BrowserGlue.sys.mjs:1365:13 | Unknown property access Services.telemetry.setEventRecordingEnabled, Interfaces: nsITelemetry (mozilla/valid-services-property)"
1924004,Firefox,New Tab Page,RESOLVED,FIXED,--,--,2024-10-11T01:28:32Z,2024-10-25T04:14:40Z,133 Branch,unspecified,Newtab contile cache should be moved to persistent cache
1924036,Firefox,Tabbed Browser,RESOLVED,FIXED,--,--,2024-10-11T07:42:36Z,2024-10-12T09:54:11Z,133 Branch,unspecified,Remove obsolete showOnlyTheseTabs API
1924041,Firefox,Tabbed Browser,RESOLVED,FIXED,--,--,2024-10-11T07:55:36Z,2024-10-12T09:54:15Z,133 Branch,unspecified,"Stop setting the ""hashiddentabs"" attribute"
1924071,Firefox,Search,RESOLVED,FIXED,N/A,P3,2024-10-11T11:21:29Z,2024-11-08T15:58:08Z,134 Branch,unspecified,Remove the purpose option from search URLs
1924083,Firefox,Sidebar,RESOLVED,FIXED,S3,P1,2024-10-11T12:56:27Z,2024-10-23T16:18:41Z,133 Branch,unspecified,4.84 - 2.02% google-mail ContentfulSpeedIndex / google-mail loadtime + 18 more (Windows) regression on Fri October 4 2024
1924095,Firefox,Profile Backup,RESOLVED,FIXED,S4,P3,2024-10-11T13:21:13Z,2024-11-07T04:35:10Z,134 Branch,unspecified,"Backup regeneration is triggered by normal cookie deletion, not just user-triggered deletion"
1924105,Firefox,Tabbed Browser,RESOLVED,FIXED,--,--,2024-10-11T13:56:09Z,2024-10-15T04:21:59Z,133 Branch,unspecified,Move tab tests from browser/base/ to browser/components/tabbrowser/
1924107,Firefox,Sidebar,VERIFIED,FIXED,S2,P1,2024-10-11T14:02:08Z,2024-10-22T04:10:04Z,133 Branch,unspecified,"History sidebar has a ""..."" menu button that is not labeled"
1924126,Firefox,Sidebar,VERIFIED,FIXED,S3,P1,2024-10-11T14:47:09Z,2024-10-22T04:10:09Z,133 Branch,unspecified,Tabs in the lists of History and Synced tabs sidebars do not open context menu
1924129,Firefox,Tabbed Browser,RESOLVED,FIXED,--,--,2024-10-11T14:56:12Z,2024-10-15T16:20:43Z,133 Branch,unspecified,"When moving tabs, calculate the distance tabs need to shift by looking at the first and last moving tab rather than multiplying the size of one tab by the number of moving tabs"
1924163,Firefox,New Tab Page,RESOLVED,FIXED,--,--,2024-10-11T17:10:45Z,2024-10-12T09:54:25Z,133 Branch,unspecified,[Contextual Content] Reduce font sizes on cards in list feed
1924175,Firefox,Firefox Accounts,RESOLVED,FIXED,--,--,2024-10-11T18:30:26Z,2024-10-19T21:54:58Z,133 Branch,unspecified,"oauth flows should support a ""service"" param, and handle the fact sync might not be enabled in the webchannel response."
1924192,Firefox,Translations,RESOLVED,FIXED,--,P2,2024-10-11T19:42:44Z,2024-10-19T06:37:51Z,133 Branch,unspecified,Set up infrastructure for Translations end-to-end testing in Firefox CI
1924193,Firefox,Tabbed Browser,RESOLVED,FIXED,S3,P3,2024-10-11T19:43:04Z,2025-01-29T12:47:09Z,137 Branch,unspecified,Scrolling in vertical tabs is super slow and janky
1924228,Firefox,Address Bar,RESOLVED,FIXED,N/A,P3,2024-10-11T20:23:39Z,2024-10-17T10:01:18Z,133 Branch,unspecified,Localize strings for Searchmode Switcher button
1924254,Firefox,Tabbed Browser,RESOLVED,FIXED,S4,P5,2024-10-11T23:42:03Z,2024-10-12T04:54:43Z,133 Branch,unspecified,Perma tier2 mozlint.errors.LinterParseError: tools/lint/rejected-words.yml: The exclude directive contains the following paths that don't exist:
1924349,Firefox,Sidebar,RESOLVED,FIXED,--,P3,2024-10-13T09:40:12Z,2025-04-11T03:10:01Z,139 Branch,Firefox 133,Add other sorting options in History sidebar
1924466,Firefox,General,RESOLVED,FIXED,--,--,2024-10-14T08:55:18Z,2024-10-16T21:51:14Z,133 Branch,unspecified,Remove inline event handlers from the overflow customize context menu
1924496,Firefox,Theme,RESOLVED,FIXED,--,--,2024-10-14T11:21:56Z,2024-10-18T09:43:09Z,133 Branch,unspecified,"Replace tab-loading.png, tab-connecting.png, and their 2x / inverted variants with loading.svg"
1924532,Firefox,Tabbed Browser,RESOLVED,FIXED,--,--,2024-10-14T14:55:32Z,2024-10-15T21:49:14Z,133 Branch,unspecified,Move tabMediaIndicator tests to browser/components/tabbrowser/
1924534,Firefox,Sidebar,RESOLVED,FIXED,--,--,2024-10-14T15:04:19Z,2024-10-25T04:14:46Z,133 Branch,unspecified,Add a fade out effect to overflowing vertical tabs
1924566,Firefox,Session Restore,RESOLVED,FIXED,S4,P5,2024-10-14T17:54:32Z,2024-10-16T21:51:31Z,133 Branch,unspecified,Intermittent TV browser/components/sessionstore/test/browser_tab_groups_restore_simple.js | leaked 2 window(s) until shutdown [url = about:blank]
1924576,Firefox,Sidebar,RESOLVED,FIXED,S3,P2,2024-10-14T19:43:01Z,2025-02-27T09:11:53Z,137 Branch,unspecified,"""connect additional devices"" link in new sidebar empty state for add a device in sync tabs does not function"
1924591,Firefox,Messaging System,RESOLVED,FIXED,--,--,2024-10-14T21:37:55Z,2024-10-23T09:40:50Z,133 Branch,unspecified,"The ""Import from previous browser"" checkbox label has low color contrast with Increase contrast mode"
1924597,Firefox,New Tab Page,RESOLVED,FIXED,--,--,2024-10-14T21:58:51Z,2024-10-30T04:04:09Z,134 Branch,unspecified,Migrate weather region/locale config prefs from Nimbus to Services.prefs
1924614,Firefox,Messaging System,RESOLVED,FIXED,--,--,2024-10-15T01:30:42Z,2024-10-16T21:51:35Z,133 Branch,Firefox 133,Land new strings for ASRouter spotlight message to encourage users to sync to keep their data safe
1924650,Firefox,Theme,VERIFIED,FIXED,--,--,2024-10-15T08:37:37Z,2024-10-16T21:51:51Z,133 Branch,Firefox 132,Visibility issues with install dialog “Cancel” button and optional permissions dialog “Deny” button when HCM is enabled
1924661,Firefox,Address Bar,RESOLVED,FIXED,--,--,2024-10-15T09:31:11Z,2024-10-16T21:51:54Z,133 Branch,unspecified,Remove contextual search from scotchBonnet temporarily
1924666,Firefox,Address Bar,VERIFIED,FIXED,S2,P1,2024-10-15T09:50:18Z,2024-11-02T09:29:16Z,134 Branch,unspecified,Contextual Search should show configuration engines that arent enabled
1924670,Firefox,Sidebar,RESOLVED,FIXED,--,--,2024-10-15T09:58:43Z,2024-10-15T11:41:47Z,---,unspecified,[META][QA][QA-2688] Test and sign off new users sidebar experiment in Firefox 133
1924686,Firefox,Sidebar,VERIFIED,FIXED,S2,--,2024-10-15T11:13:05Z,2024-10-15T12:29:26Z,---,Trunk,"[Experiment] Unenrolling from any ""sidebar + GenAI"" experiment does not revert the experience to the default one"
1924693,Firefox,Search,RESOLVED,FIXED,S2,P1,2024-10-15T11:28:54Z,2025-07-23T22:23:35Z,143 Branch,unspecified,Rakuten search provider shows 404 error
1924848,Firefox,Messaging System,RESOLVED,FIXED,--,P2,2024-10-15T19:03:18Z,2024-10-25T15:58:37Z,133 Branch,unspecified,pageActionInUrlbar trigger doesn't have the right wait for ASRouter
1924873,Firefox,New Tab Page,RESOLVED,FIXED,--,--,2024-10-15T20:40:31Z,2024-11-01T13:42:26Z,---,unspecified,Add telemetry for fakespot feed
1924911,Firefox,Address Bar,RESOLVED,FIXED,--,--,2024-10-16T01:05:36Z,2024-10-17T04:19:51Z,133 Branch,unspecified,Remote tab icon overlapped by text when using compact mode
1924926,Firefox,Address Bar,VERIFIED,FIXED,S4,P3,2024-10-16T03:43:30Z,2024-12-18T04:32:57Z,135 Branch,Firefox 132,"Sentences ending with unicode full-stop ""。"" are wrongly recognized as a Domain Name."
1924948,Firefox,Search,RESOLVED,FIXED,N/A,P3,2024-10-16T08:08:41Z,2024-10-17T20:54:02Z,133 Branch,unspecified,Add scunnane to the list of Search reviewers
1924968,Firefox,Address Bar,VERIFIED,FIXED,--,--,2024-10-16T09:30:29Z,2024-10-17T20:54:05Z,133 Branch,Firefox 133,The deduplication of history results that only differ by their ref should take bookmark results into account
1924971,Firefox,Downloads Panel,RESOLVED,FIXED,--,--,2024-10-16T09:48:07Z,2024-10-31T16:19:24Z,134 Branch,unspecified,Remove inline event handlers from downloads panel
1925004,Firefox,Security,VERIFIED,FIXED,--,--,2024-10-16T12:57:02Z,2024-10-17T10:01:26Z,133 Branch,unspecified,Perma browser/base/content/test/about/browser_aboutCertError.js | Test timed out - when Gecko 133 merges to beta on 2024-10-28
1925058,Firefox,New Tab Page,RESOLVED,FIXED,--,--,2024-10-16T15:55:16Z,2024-10-17T20:54:18Z,133 Branch,unspecified,"Make it so that if spocs or sponsored topsites are disabled, we don't create needless telemetry for them"
1925095,Firefox,Messaging System,RESOLVED,FIXED,--,P1,2024-10-16T18:42:52Z,2026-03-20T04:56:01Z,150 Branch,unspecified,[FxMS Docs] Add documentation for MenuMessage
1925129,Firefox,Address Bar,VERIFIED,FIXED,S3,P1,2024-10-16T21:56:37Z,2024-10-21T09:33:55Z,133 Branch,unspecified,Tab to search tips should not be shown with ScotchBonnet / Contextual search enabled
1925235,Firefox,Address Bar,VERIFIED,FIXED,S3,P3,2024-10-17T09:38:44Z,2025-01-14T21:26:21Z,136 Branch,unspecified,Searchmode defaults to Google after browser restart
1925251,Firefox,Theme,RESOLVED,FIXED,--,--,2024-10-17T10:38:34Z,2024-10-17T20:54:40Z,133 Branch,unspecified,Remove support for --lwt-tab-loading-fill-inactive
1925258,Firefox,Tabbed Browser,RESOLVED,FIXED,--,--,2024-10-17T11:54:15Z,2024-11-11T15:52:49Z,134 Branch,unspecified,Remove comment pretending we could soon have a transition between connecting and loading throbber states
1925289,Firefox,Messaging System,RESOLVED,FIXED,--,P2,2024-10-17T14:30:37Z,2026-09-05T20:59:40Z,157 Branch,unspecified,Allow incrementing visitCounts for patterns in the openURL trigger in messaging system
1925312,Firefox,Tabbed Browser,VERIFIED,FIXED,S2,P1,2024-10-17T15:46:43Z,2024-11-04T21:35:08Z,134 Branch,Firefox 133,Tabs not dragging properly between hidden tabs
1925332,Firefox,Address Bar,RESOLVED,FIXED,S3,P2,2024-10-17T17:27:32Z,2024-10-24T04:16:16Z,133 Branch,unspecified,"""Not Secure"" Label Is Illegible When the Width Is Too Small to Show Its Text"
1925339,Firefox,New Tab Page,RESOLVED,FIXED,--,--,2024-10-17T18:06:50Z,2024-10-19T06:38:30Z,133 Branch,unspecified,Recommended story card's context menus under other story cards
1925355,Firefox,Address Bar,RESOLVED,FIXED,--,--,2024-10-17T18:53:43Z,2024-10-18T21:27:00Z,133 Branch,unspecified,Remove contextual.services.quicksuggest legacy telemetry scalars
1925377,Firefox,Sync,RESOLVED,FIXED,S3,P2,2024-10-17T20:08:15Z,2024-10-29T09:37:48Z,134 Branch,unspecified,"Update treatment of ""Turn on Syncing..."" option in the avatar and app menus"
1925380,Firefox,New Tab Page,VERIFIED,FIXED,S3,P1,2024-10-17T20:33:37Z,2024-11-19T15:55:49Z,134 Branch,unspecified,Clicking (and holding the click) on any of the wallpapers preview in the category header will show a blinking cursor
1925388,Firefox,Sync,RESOLVED,FIXED,--,--,2024-10-17T20:48:37Z,2026-09-09T19:39:05Z,---,unspecified,[meta] Decouple sync from the browser
1925425,Firefox,Data Loss Prevention,RESOLVED,FIXED,--,--,2024-10-18T03:40:01Z,2024-11-07T04:35:17Z,134 Branch,unspecified,Remove the -allow-content-analysis command line flag in Release/ESR
1925426,Firefox,Address Bar,VERIFIED,FIXED,N/A,P3,2024-10-18T04:42:31Z,2024-10-24T04:16:26Z,133 Branch,unspecified,Test autofill by typing a full or partial restrict keyword to trigger search mode
1925451,Firefox,Sidebar,VERIFIED,FIXED,S3,P1,2024-10-18T08:10:31Z,2024-10-30T04:04:34Z,134 Branch,Firefox 133,Tabs disappearing (vertical tabs)
1925459,Firefox,Address Bar,RESOLVED,FIXED,S4,P3,2024-10-18T08:53:19Z,2024-12-06T09:29:58Z,135 Branch,unspecified,Many QuickSuggest.SuggestBackendRust Ingest error in test logs
1925469,Firefox,Sidebar,RESOLVED,FIXED,--,P1,2024-10-18T09:35:47Z,2024-10-23T09:41:20Z,133 Branch,unspecified,Change sidebar tools icons to 16x16
1925479,Firefox,Site Permissions,RESOLVED,FIXED,N/A,P3,2024-10-18T10:09:15Z,2024-10-29T04:20:22Z,134 Branch,unspecified,Remove security.external_protocol_requires_permission pref
1925488,Firefox,General,RESOLVED,FIXED,--,--,2024-10-18T10:58:34Z,2024-10-23T21:25:06Z,133 Branch,unspecified,Remove inline event handlers from the customization panel
1925496,Firefox,Address Bar,VERIFIED,FIXED,S2,P1,2024-10-18T11:40:22Z,2024-11-09T10:40:13Z,134 Branch,unspecified,Firefox Desktop Address Bar Spoofing Using Arabic Punycode and a long URL
1925516,Firefox,Session Restore,RESOLVED,FIXED,--,--,2024-10-18T13:00:53Z,2024-10-19T21:55:16Z,133 Branch,unspecified,Convert TabStateInternal to a modern JS class
1925532,Firefox,Address Bar,VERIFIED,FIXED,S3,P3,2024-10-18T13:40:38Z,2024-11-12T17:12:36Z,134 Branch,Trunk,Entering searchmode via auto-complete (tab) does not dismiss the heuristic
1925543,Firefox,Messaging System,VERIFIED,FIXED,S3,P1,2024-10-18T14:10:29Z,2024-10-31T18:01:30Z,---,Trunk,[Experiment] The “Set Up” checklist cannot be opened again if the browser was restarted while it was open
1925544,Firefox,Tabbed Browser,RESOLVED,FIXED,--,--,2024-10-18T14:13:38Z,2024-10-25T15:45:03Z,---,unspecified,High freq Linux browser/base/content/test/tabPrompts/browser_contentOrigins.js | Found an unexpected unknown window with document URI: chrome://global/content/commonDialog.xhtml and title: Authentication Req - when Gecko 133 switches to beta on 2024-10-28
1925556,Firefox,Messaging System,VERIFIED,FIXED,S2,--,2024-10-18T14:37:26Z,2024-10-21T09:48:49Z,---,Trunk,[Experiment] “Finish setup” button is still displayed even if the whole “Set Up” checklist has been completed
1925577,Firefox,General,RESOLVED,FIXED,S3,P1,2024-10-18T15:01:56Z,2024-10-26T09:29:29Z,133 Branch,unspecified,Skeleton UI needs updating for vertical tabs
1925643,Firefox,Address Bar,VERIFIED,FIXED,S2,P1,2024-10-18T18:26:23Z,2024-10-23T09:41:37Z,133 Branch,unspecified,About Chiclets Aren't Shown When Scotch Bonnet is Enabled
1925651,Firefox,Firefox Accounts,RESOLVED,FIXED,--,--,2024-10-18T19:05:57Z,2024-10-19T06:38:57Z,133 Branch,unspecified,Multiple webchannel messages might be in-flight at the same time
1925724,Firefox,Tabbed Browser,RESOLVED,FIXED,--,--,2024-10-19T03:24:27Z,2024-10-24T09:48:06Z,133 Branch,unspecified,Add UI for (off by default) page wireframes for tab preview
1925734,Firefox,Address Bar,RESOLVED,FIXED,N/A,P1,2024-10-19T05:44:28Z,2024-10-22T10:01:21Z,133 Branch,unspecified,"Remove UrlbarProviderWeather, the weatherKeywords Nimbus variable, and JS-backend support for weather suggestions"
1925735,Firefox,Address Bar,RESOLVED,FIXED,N/A,P1,2024-10-19T05:50:47Z,2024-10-23T21:25:13Z,133 Branch,unspecified,Update weather suggestions tests
1925738,Firefox,Tabbed Browser,RESOLVED,FIXED,S3,P1,2024-10-19T07:09:46Z,2024-10-22T04:10:43Z,133 Branch,unspecified,One-letter group label isn't centered horizontally
1925743,Firefox,Tabbed Browser,RESOLVED,FIXED,S3,P1,2024-10-19T08:10:18Z,2024-10-22T04:10:48Z,133 Branch,unspecified,Collapsed tab group labels look unbalanced
1925772,Firefox,Shell Integration,RESOLVED,FIXED,S3,--,2024-10-19T13:16:57Z,2025-07-30T09:35:39Z,143 Branch,Firefox 128,"When downloading a file using Private Browsing window, the Taskbar Button Progress Bar is displayed on Main window instead of Private Browsing window"
1925780,Firefox,Firefox Accounts,RESOLVED,FIXED,--,--,2024-10-19T15:31:13Z,2024-10-22T04:10:52Z,133 Branch,unspecified,Verified account checks aren't appropriate for oauth flows
1925823,Firefox,Screenshots,RESOLVED,FIXED,--,--,2024-10-20T03:06:42Z,2025-02-18T04:52:56Z,137 Branch,unspecified,Stop disabling screenshots component in mochitest harness
1925842,Firefox,Tabbed Browser,RESOLVED,FIXED,--,--,2024-10-20T11:18:52Z,2024-10-22T04:11:03Z,133 Branch,unspecified,Rename _numPinnedTabs to pinnedTabCount
1925843,Firefox,Tabbed Browser,RESOLVED,FIXED,S2,P1,2024-10-20T11:26:17Z,2024-10-22T04:11:07Z,133 Branch,unspecified,"Uncaught TypeError: can't access property ""toggleAttribute"", tabs[groupDropIndex] is undefined"
1925865,Firefox,Messaging System,RESOLVED,FIXED,--,P1,2024-10-20T19:52:28Z,2024-10-24T04:16:44Z,133 Branch,unspecified,Add showOtherBookmarks to the feature manifest for bookmarks
1925948,Firefox,Messaging System,VERIFIED,FIXED,S2,--,2024-10-21T09:36:11Z,2024-10-21T13:34:30Z,---,Trunk,[Experiment] The “Set Up” checklist does not contain the options that it is supposed to have
1925955,Firefox,Messaging System,VERIFIED,FIXED,S2,--,2024-10-21T10:14:18Z,2024-10-21T13:35:18Z,---,Trunk,[Experiment] The experiment recipe targets all the OSes
1925997,Firefox,Session Restore,RESOLVED,FIXED,N/A,P1,2024-10-21T12:31:57Z,2024-10-22T04:11:15Z,133 Branch,unspecified,Convert TabGroupStateInternal to a modern JS class
1926055,Firefox,Tabbed Browser,RESOLVED,FIXED,--,--,2024-10-21T16:25:14Z,2024-11-04T21:35:20Z,134 Branch,unspecified,Initial work for MVP of Tab Unloading in tab context menu
1926056,Firefox,New Tab Page,RESOLVED,FIXED,--,--,2024-10-21T16:25:59Z,2024-10-25T15:58:41Z,133 Branch,unspecified,newtab standard ad sizing
1926058,Firefox,Tabbed Browser,RESOLVED,FIXED,--,P1,2024-10-21T16:29:41Z,2024-10-22T04:11:22Z,133 Branch,unspecified,Dragging tab to create group is broken when there are pinned tabs
1926065,Firefox,Sidebar,RESOLVED,FIXED,--,P1,2024-10-21T16:49:11Z,2024-10-25T04:14:58Z,133 Branch,unspecified,Strings Sidebar callout for experiment
1926100,Firefox,Translations,VERIFIED,FIXED,S3,P1,2024-10-21T19:33:05Z,2024-11-27T04:02:32Z,135 Branch,unspecified,MozIntGemm is not working for larger translation models
1926108,Firefox,Firefox Accounts,RESOLVED,FIXED,S2,P2,2024-10-21T20:05:39Z,2024-10-22T04:11:27Z,133 Branch,unspecified,Fix available sync engines reported for the oauth flows.
1926116,Firefox,Sidebar,RESOLVED,FIXED,--,P2,2024-10-21T20:32:42Z,2024-11-09T09:38:14Z,134 Branch,unspecified,Update tooltips for sidebar tools that have shortcuts
1926118,Firefox,Address Bar,RESOLVED,FIXED,N/A,P1,2024-10-21T20:54:40Z,2025-04-24T09:24:17Z,139 Branch,unspecified,Reenable the browser_urlbar_keyed_search.js and browser_urlbar_search.js perf tests
1926119,Firefox,Sidebar,RESOLVED,FIXED,S4,P1,2024-10-21T20:55:12Z,2024-10-23T21:25:30Z,133 Branch,unspecified,Remove an extra paragraph from the History sidebar panel empty state
1926120,Firefox,Toolbars and Customization,VERIFIED,FIXED,S3,P1,2024-10-21T21:00:32Z,2024-10-24T21:19:30Z,133 Branch,unspecified,Revert bug change from 1921819 since its harder to click tabs in full screen mode
1926151,Firefox,Shell Integration,RESOLVED,FIXED,S3,P3,2024-10-22T00:54:20Z,2024-11-01T05:21:06Z,134 Branch,unspecified,Pinning fails for some shortcut locations with `ITaskbarManager` that previously worked with `IPinnedList3`.
1926186,Firefox,Tabbed Browser,RESOLVED,FIXED,S4,P5,2024-10-22T05:09:11Z,2024-12-06T16:44:21Z,---,unspecified,Intermittent browser/components/tabbrowser/test/browser/tabs/browser_multiselect_tabs_unload_with_beforeunload.js | single tracking bug
1926239,Firefox,Address Bar,RESOLVED,FIXED,--,--,2024-10-22T09:33:41Z,2024-10-22T21:40:36Z,133 Branch,unspecified,Reenable tab-search while contextual search is disabled
1926241,Firefox,Address Bar,RESOLVED,FIXED,N/A,P3,2024-10-22T09:36:39Z,2024-11-09T09:38:18Z,134 Branch,unspecified,Provide action to search with engine when autofilling url
1926248,Firefox,Tabbed Browser,RESOLVED,FIXED,N/A,P1,2024-10-22T09:53:59Z,2024-10-22T21:40:49Z,133 Branch,unspecified,"Opening the tab group create or edit panel should focus the name field, and Enter should close the panel"
1926254,Firefox,Tabbed Browser,VERIFIED,FIXED,N/A,P2,2024-10-22T10:20:26Z,2025-01-03T21:53:43Z,135 Branch,unspecified,Esc key should cancel rather than accept the tab group create panel
1926293,Firefox,Tabbed Browser,RESOLVED,FIXED,S3,P1,2024-10-22T12:36:55Z,2024-10-28T21:30:33Z,134 Branch,unspecified,Moving tab to existing group in another window breaks both windows
1926295,Firefox,Tabbed Browser,RESOLVED,FIXED,S3,P2,2024-10-22T12:49:01Z,2024-10-24T04:17:04Z,133 Branch,unspecified,Tab group panel: color swatches lack focus indicator
1926315,Firefox,Address Bar,RESOLVED,FIXED,--,--,2024-10-22T14:33:28Z,2024-10-24T04:17:08Z,133 Branch,Firefox 133,Add telemetry for relevance ranking of Firefox Suggest
1926343,Firefox,Messaging System,RESOLVED,FIXED,--,P1,2024-10-22T16:16:34Z,2024-10-24T09:48:09Z,133 Branch,unspecified,Set min-width on AboutWelcome Single Select Picker tiles based on icon width
1926348,Firefox,Data Loss Prevention,RESOLVED,FIXED,--,--,2024-10-22T16:39:44Z,2024-10-30T09:33:07Z,134 Branch,unspecified,Add pref for blocking content analysis for different interception points
1926354,Firefox,Tabbed Browser,RESOLVED,FIXED,S3,P1,2024-10-22T16:48:59Z,2024-11-08T15:58:17Z,134 Branch,unspecified,Drag and drop tab groups inside a group triggers new group creation
1926359,Firefox,Tabbed Browser,RESOLVED,FIXED,S3,P2,2024-10-22T17:09:55Z,2024-10-30T09:57:14Z,133 Branch,unspecified,Tab groups hairline should extend across group when reordering/adding new tabs
1926360,Firefox,Sidebar,VERIFIED,FIXED,S3,P2,2024-10-22T17:10:15Z,2024-12-07T09:13:20Z,135 Branch,unspecified,Fx View and List all tabs icons don't stay customized switching from vertical to horizontal tabs and back again.
1926362,Firefox,Data Loss Prevention,RESOLVED,FIXED,--,--,2024-10-22T17:11:06Z,2024-12-06T21:54:46Z,135 Branch,unspecified,Send cancel to DLP for abandoned operations
1926371,Firefox,Tabbed Browser,VERIFIED,FIXED,S3,P2,2024-10-22T17:49:26Z,2024-11-12T21:52:01Z,134 Branch,unspecified,"""Remove from group"" moves tab into another group"
1926378,Firefox,Screenshots,VERIFIED,FIXED,S2,P1,2024-10-22T17:59:37Z,2024-10-25T04:15:04Z,133 Branch,Firefox 133,"The ""save visible"" / ""save full page"" panel is mostly invisible now that the z-index of the content area changed vs. the toolbox"
1926379,Firefox,Address Bar,RESOLVED,FIXED,N/A,P1,2024-10-22T18:06:26Z,2024-12-17T18:39:00Z,---,unspecified,[meta] NER Yelp suggestions
1926381,Firefox,Address Bar,RESOLVED,FIXED,N/A,P1,2024-10-22T18:11:42Z,2024-10-24T21:20:00Z,133 Branch,unspecified,Integrate MLSuggest with UrlbarProviderQuickSuggest
1926382,Firefox,Tabbed Browser,RESOLVED,FIXED,S3,P1,2024-10-22T18:13:23Z,2024-11-15T21:08:49Z,134 Branch,unspecified,Group label covers tab when dragging a tab
1926390,Firefox,Tabbed Browser,RESOLVED,FIXED,--,--,2024-10-22T18:45:07Z,2024-11-18T21:36:01Z,134 Branch,unspecified,Add telemetry for tab unloading
1926394,Firefox,Tabbed Browser,VERIFIED,FIXED,S4,P3,2024-10-22T18:48:44Z,2024-10-25T04:15:08Z,133 Branch,unspecified,No animation when dragging a tab over other tabs in a tab group
1926396,Firefox,Tabbed Browser,RESOLVED,FIXED,--,--,2024-10-22T18:52:09Z,2025-01-17T05:06:00Z,136 Branch,unspecified,Consider switching to an already-loaded tab after unloading tabs
1926402,Firefox,Messaging System,RESOLVED,FIXED,S3,P2,2024-10-22T19:07:55Z,2026-05-07T17:05:47Z,---,unspecified,Graphics in HCM Night Sky need color changes
1926403,Firefox,Messaging System,RESOLVED,FIXED,S3,P1,2024-10-22T19:17:00Z,2024-11-22T20:35:04Z,---,unspecified,[Remote Settings] Configure and launch RootCA Moment Page (MR1) - 101 and lower
1926435,Firefox,Address Bar,VERIFIED,FIXED,S2,P1,2024-10-22T22:00:27Z,2024-10-31T16:19:29Z,134 Branch,Trunk,"Pressing ""Escape"" to revert to loaded address in address bar doesn't work"
1926553,Firefox,PDF Viewer,RESOLVED,FIXED,--,--,2024-10-23T12:13:52Z,2024-10-26T09:29:51Z,133 Branch,unspecified,Update PDF.js to new version bde36f28bee3a01495375ae88d6ac2e3bf217c74 from 2024-10-23 11:54:07
1926554,Firefox,Sidebar,RESOLVED,FIXED,--,--,2024-10-23T12:14:03Z,2024-10-23T16:08:15Z,133 Branch,unspecified,4.42 - 3.89% tart / tart (Windows) regression on Fri October 4 2024
1926562,Firefox,Messaging System,RESOLVED,FIXED,--,--,2024-10-23T12:41:17Z,2024-10-30T13:05:56Z,---,unspecified,[META][QA][QA-2711] [Experiment] Recommend Bookmark Toolbar
1926563,Firefox,Messaging System,VERIFIED,FIXED,S2,P1,2024-10-23T12:43:48Z,2024-10-24T12:16:20Z,---,Trunk,"[Experiment] The ""Keep bookmarks toolbar open?"" message is not triggered in the treatment-b branch"
1926582,Firefox,Tabbed Browser,RESOLVED,FIXED,--,--,2024-10-23T13:31:54Z,2024-10-25T04:15:16Z,133 Branch,unspecified,Rename things related to moving multiselected tabs together to avoid confusion with tab groups
1926585,Firefox,Messaging System,RESOLVED,FIXED,--,--,2024-10-23T13:46:53Z,2024-10-25T04:15:21Z,133 Branch,unspecified,fxa_cta MenuMessage must append the source to the end of the utm_content param passed to the FxA sign-in page
1926618,Firefox,New Tab Page,RESOLVED,FIXED,--,--,2024-10-23T15:20:14Z,2024-10-26T09:30:08Z,133 Branch,unspecified,Add l10n strings for anniversary wallpapers
1926647,Firefox,Sidebar,VERIFIED,FIXED,S3,P1,2024-10-23T17:30:59Z,2024-10-25T04:15:28Z,133 Branch,unspecified,"With new sidebar enabled, opening private windows always have the sidebar expanded."
1926683,Firefox,Sidebar,RESOLVED,FIXED,S3,P2,2024-10-23T20:25:51Z,2025-07-18T12:53:34Z,142 Branch,Trunk,"For a pinned tab in vertical tabs sidebar, clicking the tab steals keyboard focus"
1926788,Firefox,Sidebar,VERIFIED,FIXED,S4,P2,2024-10-24T08:36:27Z,2024-11-21T04:54:36Z,134 Branch,unspecified,Tool's icons in the sidebar should have 'icon' color.
1926815,Firefox,General,RESOLVED,FIXED,--,--,2024-10-24T10:05:11Z,2024-10-28T21:30:45Z,134 Branch,unspecified,Remove inline event handler from full screen warning notification
1926831,Firefox,Tabbed Browser,VERIFIED,FIXED,S4,--,2024-10-24T11:28:40Z,2024-11-20T17:21:12Z,134 Branch,unspecified,Dropping a pinned tab over the tab area will result in a moving animation of the pinned tab
1926834,Firefox,Tabbed Browser,RESOLVED,FIXED,--,--,2024-10-24T11:44:23Z,2024-10-25T04:15:40Z,133 Branch,unspecified,getTabTooltip should cache value of pid pref
1926893,Firefox,Sidebar,VERIFIED,FIXED,S3,P1,2024-10-24T15:06:45Z,2024-11-06T05:08:02Z,134 Branch,unspecified,attention notification dot is misplaced for vertical tabs
1926896,Firefox,Messaging System,VERIFIED,FIXED,S2,P1,2024-10-24T15:10:07Z,2024-10-30T16:32:01Z,---,unspecified,[Experiment] The spotlights from the Fox Doodle Multi-Action CTA “Early day” and “Existing users” experiments are not displayed after startup
1926897,Firefox,Messaging System,VERIFIED,FIXED,S2,P1,2024-10-24T15:16:52Z,2024-10-30T16:34:12Z,---,unspecified,[Experiment] The spotlights of the treatment branches from the Fox Doodle Multi-Action CTA “Early day” experiment are not displayed due to targeting conflict
1926904,Firefox,PDF Viewer,RESOLVED,FIXED,--,--,2024-10-24T15:29:42Z,2024-10-27T13:09:14Z,---,Firefox 131,drawn objects are on top of tools control panel in pdf editor
1926909,Firefox,Messaging System,VERIFIED,FIXED,S2,P1,2024-10-24T15:38:00Z,2024-10-30T16:02:23Z,---,unspecified,[Experiment] Linux users are enrolled in the Fox Doodle Multi-Action CTA “Early day” and “Existing users” experiments
1926961,Firefox,Firefox Accounts,RESOLVED,FIXED,S2,P2,2024-10-24T18:03:10Z,2024-10-25T15:58:45Z,133 Branch,unspecified,Firefox should not fetch keys in oauth flows even if it gets the keyFetchToken
1926963,Firefox,New Tab Page,RESOLVED,FIXED,--,--,2024-10-24T18:24:10Z,2024-10-26T09:31:18Z,133 Branch,unspecified,Change FAKESPOT_ENABLED pref in DiscoveryStream
1926973,Firefox,Tabbed Browser,RESOLVED,FIXED,--,--,2024-10-24T19:25:28Z,2025-04-15T09:42:45Z,139 Branch,unspecified,Gray out tabs that are explicitly unloaded
1926979,Firefox,Toolbars and Customization,VERIFIED,FIXED,S3,P1,2024-10-24T20:13:16Z,2024-11-27T21:26:44Z,135 Branch,unspecified,Decrease window minimum width when vertical tabs are enabled.
1926981,Firefox,Tabbed Browser,RESOLVED,FIXED,--,--,2024-10-24T20:36:07Z,2024-11-11T10:37:03Z,---,unspecified,4.73 - 2.02% pdfpaint xfa_issue14315.pdf / pdfpaint tiling-pattern-box.pdf + 64 more (Linux) regression on Thu October 17 2024
1926984,Firefox,Firefox Accounts,RESOLVED,FIXED,S2,P2,2024-10-24T20:51:33Z,2024-10-25T15:58:50Z,133 Branch,unspecified,oauth login flows don't always remember the previously signed in user.
1926991,Firefox,Tabbed Browser,RESOLVED,FIXED,--,P3,2024-10-24T21:48:04Z,2024-10-26T09:31:39Z,133 Branch,unspecified,"Improve color choices in wireframe preview, especially for dark more"
1927004,Firefox,Sync,RESOLVED,FIXED,S3,P2,2024-10-24T23:24:05Z,2024-10-30T09:33:11Z,134 Branch,unspecified,Migrate syncsSetup.properties strings to Fluent
1927010,Firefox,Address Bar,RESOLVED,FIXED,N/A,P1,2024-10-25T01:09:33Z,2024-10-26T09:31:44Z,133 Branch,unspecified,City-based weather suggestions should prefer cities in the client's region
1927045,Firefox,Address Bar,RESOLVED,FIXED,N/A,P1,2024-10-25T06:36:05Z,2024-10-26T09:31:55Z,133 Branch,unspecified,Yelp ML suggestions don't have an icon
1927094,Firefox,Tabbed Browser,RESOLVED,FIXED,N/A,P1,2024-10-25T10:42:34Z,2024-11-14T21:20:04Z,134 Branch,unspecified,"on_wheel handler consulting lineScrollAmount getter which iterates over all tabs, which makes it slow (should cache line scroll amount somehow)"
1927097,Firefox,Data Loss Prevention,RESOLVED,FIXED,S4,--,2024-10-25T10:58:11Z,2025-02-24T19:48:25Z,---,unspecified,Only the first file name is shown in the scanning window when using drag and drop on a folder with an allowed file and a warning one
1927101,Firefox,Headless,RESOLVED,FIXED,S3,P3,2024-10-25T11:19:57Z,2024-11-04T21:35:28Z,134 Branch,Firefox 131,[Headless] nsFilePicker::GtkFileChooserNew crash under automation
1927111,Firefox,Address Bar,VERIFIED,FIXED,S3,P1,2024-10-25T12:03:25Z,2024-10-30T21:57:21Z,134 Branch,unspecified,The address bar stays static during macOS full-screen animations once focused at least once
1927113,Firefox,Address Bar,VERIFIED,FIXED,S3,P2,2024-10-25T12:22:01Z,2024-11-09T09:38:31Z,134 Branch,unspecified,Search mode transfers to other tabs while cycling tabs when persisted search enabled
1927117,Firefox,Enterprise Policies,RESOLVED,FIXED,--,--,2024-10-25T12:37:15Z,2024-10-26T09:32:03Z,133 Branch,unspecified,Mac SSO didn't get put in the policies schema
1927120,Firefox,Tabbed Browser,RESOLVED,FIXED,--,--,2024-10-25T12:38:48Z,2024-11-11T10:37:07Z,---,unspecified,2.78 - 2.51% google-mail loadtime / google-mail loadtime (Linux) regression on Thu October 17 2024
1927124,Firefox,Address Bar,RESOLVED,FIXED,N/A,P1,2024-10-25T12:46:32Z,2024-10-28T21:30:58Z,134 Branch,unspecified,Ensure tests are passing with ScotchBonnet enabled
1927129,Firefox,Data Loss Prevention,VERIFIED,FIXED,S3,--,2024-10-25T12:56:42Z,2024-12-10T10:26:05Z,---,Firefox 133,Blocked dialog displayed after canceling paste of warning text in Google Docs/OneDrive
1927131,Firefox,Data Loss Prevention,VERIFIED,FIXED,S4,--,2024-10-25T12:59:01Z,2024-12-06T21:29:04Z,135 Branch,Firefox 133,Blocked dialog displayed in Google Docs / OneDrive docs after canceling an ongoing scan
1927155,Firefox,General,RESOLVED,FIXED,--,--,2024-10-25T14:23:14Z,2024-12-06T17:19:33Z,135 Branch,unspecified,Remove inline event handlers from customize popups/panels
1927194,Firefox,New Tab Page,RESOLVED,FIXED,--,--,2024-10-25T18:54:10Z,2024-10-26T09:32:06Z,133 Branch,unspecified,wallpaper_click telemetry event not triggering in Glean viewer
1927207,Firefox,Messaging System,VERIFIED,FIXED,S3,P1,2024-10-25T20:20:07Z,2025-10-09T03:37:07Z,145 Branch,unspecified,The import browser data button menu doesn't conform to HCM standards
1927220,Firefox,Address Bar,RESOLVED,FIXED,S3,P2,2024-10-25T21:33:58Z,2024-11-04T21:35:31Z,134 Branch,unspecified,Broken check for insert location in _initStripOnShare in UrlbarInput
1927230,Firefox,Sidebar,VERIFIED,FIXED,S3,P2,2024-10-25T22:56:31Z,2024-10-30T04:05:21Z,134 Branch,unspecified,No gap between tabs and new tab button for non-overflowing tabstrip
1927258,Firefox,Sidebar,RESOLVED,FIXED,S3,P2,2024-10-26T10:14:03Z,2025-03-05T20:53:29Z,138 Branch,Firefox 133,Vertical pinned tabs should have a fade affect when tabs overflow
1927304,Firefox,Keyboard Navigation,RESOLVED,FIXED,S3,--,2024-10-26T23:16:17Z,2024-10-27T22:36:20Z,133 Branch,Trunk,Ctrl+Shift+L Shortcut opens AI sidebar (and opts into AI sidebar lab experiment)
1927329,Firefox,Theme,VERIFIED,FIXED,S3,P1,2024-10-27T13:40:58Z,2024-10-29T09:38:20Z,134 Branch,Firefox 133,Private window purple mask icon in titlebar has disappeared for vertical tabs
1927369,Firefox,Messaging System,RESOLVED,FIXED,--,P1,2024-10-28T00:10:07Z,2024-12-31T09:55:16Z,135 Branch,unspecified,[FxMS Docs] Add aboutwelcome and asrouter build steps in source docs
1927373,Firefox,Messaging System,RESOLVED,FIXED,--,P1,2024-10-28T00:23:41Z,2024-11-26T04:53:15Z,135 Branch,unspecified,[FxMS Docs] Update Using ASRouter Devtools in source doc
1927385,Firefox,Messaging System,RESOLVED,FIXED,--,P1,2024-10-28T02:32:12Z,2024-11-13T09:52:10Z,134 Branch,unspecified,[FxMS Docs] Revise the Onboarding Flow documentation in Source doc
1927386,Firefox,Messaging System,RESOLVED,FIXED,--,P1,2024-10-28T03:07:47Z,2024-12-03T04:45:58Z,135 Branch,unspecified,[FxMS Docs] Update Remote CFR Messages documentation in Source doc
1927387,Firefox,Messaging System,RESOLVED,FIXED,--,P1,2024-10-28T03:21:11Z,2024-11-09T09:38:38Z,134 Branch,unspecified,[FxMS Docs] Move Simple CFR Template doc under CFR UI Template in source doc
1927408,Firefox,General,RESOLVED,FIXED,--,--,2024-10-28T08:43:56Z,2024-10-30T16:00:37Z,134 Branch,unspecified,Remove inline event handlers from titlebar-buttonbox
1927421,Firefox,Search,RESOLVED,FIXED,S4,P5,2024-10-28T10:26:56Z,2024-12-17T21:56:29Z,135 Branch,Trunk,Policy set default engine (capitalized name) is retained when policy is removed
1927428,Firefox,Sidebar,RESOLVED,FIXED,S3,P1,2024-10-28T10:55:21Z,2024-10-30T21:51:23Z,134 Branch,unspecified,[Linux] Tab text and close button (X) is misaligned in expanded vertical tabs
1927441,Firefox,General,RESOLVED,FIXED,--,--,2024-10-28T12:54:44Z,2024-10-28T21:31:19Z,134 Branch,unspecified,Errors from async tasks in `_scheduleStartupIdleTasks` are not logged
1927450,Firefox,Messaging System,VERIFIED,FIXED,S3,P1,2024-10-28T13:27:50Z,2024-10-30T22:35:19Z,---,Trunk,"[Experiment] The “Sign up or sign in to your account” button from the ""Set Up"" checklist modal does not redirect to the signup page"
1927457,Firefox,Sidebar,RESOLVED,FIXED,S4,P3,2024-10-28T13:42:53Z,2026-07-04T21:38:44Z,154 Branch,Firefox 134,Fullscreen mode (F11) does not hide the sidebar tools or vertical tabs on Windows and Linux
1927472,Firefox,Messaging System,VERIFIED,FIXED,S2,P1,2024-10-28T14:47:32Z,2024-10-30T09:47:30Z,---,Trunk,"[Experiment][Ubuntu] The ""Add"" and ""Decline"" bookmark messages from the ""Treatment A"" branch of the experiment are not triggered on Ubuntu 22.04 version and above"
1927475,Firefox,General,RESOLVED,FIXED,--,--,2024-10-28T14:57:00Z,2024-10-31T16:19:55Z,134 Branch,unspecified,Remove the remaining context menu inline event handlers
1927499,Firefox,Sidebar,VERIFIED,FIXED,S3,P1,2024-10-28T15:42:26Z,2024-10-30T04:05:54Z,134 Branch,unspecified,Sidebar is showing in extensions popup when closing multiple tabs (and potentially in other popups)
1927502,Firefox,Messaging System,RESOLVED,FIXED,--,P1,2024-10-28T15:56:41Z,2024-11-07T04:35:42Z,134 Branch,unspecified,[FxMS Docs] Add documentation for Multi Message tooling template in the source doc
1927504,Firefox,Messaging System,RESOLVED,FIXED,--,P1,2024-10-28T16:01:56Z,2025-02-19T05:00:20Z,137 Branch,unspecified,[FxMS Docs] Revise the Feature Callout UI template documentation in the source doc
1927510,Firefox,Messaging System,RESOLVED,FIXED,--,P1,2024-10-28T16:31:06Z,2024-12-02T18:21:33Z,---,unspecified,[Experiment] Configure & launch Desktop Feature Callout for Mobile acquisition & engagement (signed in account)
1927514,Firefox,Messaging System,RESOLVED,FIXED,--,P1,2024-10-28T16:38:31Z,2024-12-05T10:01:30Z,135 Branch,unspecified,[FxMS Docs] Update aboutwelcome UI template documentation in source doc
1927515,Firefox,Messaging System,RESOLVED,FIXED,--,P1,2024-10-28T16:40:28Z,2024-11-11T21:42:17Z,134 Branch,unspecified,[FxMS Docs] Update Spotlight UI template documentation in source doc
1927522,Firefox,Messaging System,RESOLVED,FIXED,--,P1,2024-10-28T17:22:14Z,2024-12-06T09:30:02Z,135 Branch,unspecified,[FxMS Docs] Add Skylight documentation in Messaging System source doc
1927527,Firefox,Session Restore,RESOLVED,FIXED,N/A,P2,2024-10-28T17:45:14Z,2025-04-02T16:24:38Z,139 Branch,unspecified,Session restore: test that closed tab groups are successfully cleaned up by onIdleDaily
1927540,Firefox,Tabbed Browser,VERIFIED,FIXED,S3,P1,2024-10-28T18:39:39Z,2024-11-20T12:26:06Z,134 Branch,unspecified,Can't drag a tab out of group if no ungrouped tabs exist
1927614,Firefox,Messaging System,RESOLVED,FIXED,--,P2,2024-10-28T22:33:09Z,2025-02-13T17:32:31Z,---,unspecified,[Spike] Test multi-profile set-to-default spotlight message
1927615,Firefox,Sidebar,RESOLVED,FIXED,--,P2,2024-10-28T22:38:17Z,2026-07-12T04:36:15Z,154 Branch,unspecified,Add a test verifying that the private browisng indicator is visible
1927618,Firefox,Messaging System,RESOLVED,FIXED,--,P2,2024-10-28T22:57:49Z,2025-09-16T17:28:26Z,---,unspecified,[Spike] Build test multi-profile survey experiment
1927625,Firefox,New Tab Page,VERIFIED,FIXED,--,P1,2024-10-28T23:21:29Z,2024-11-01T05:21:17Z,134 Branch,unspecified,"New ""rectangle"" ad type or other spoc can appear in a topsite position"
1927644,Firefox,Sync,RESOLVED,FIXED,--,--,2024-10-29T01:03:09Z,2024-11-13T09:52:19Z,134 Branch,unspecified,Add UI control to about:preferences#sync to allow turning Sync on and off
1927750,Firefox,Messaging System,RESOLVED,FIXED,--,P1,2024-10-29T13:32:49Z,2025-02-04T04:47:55Z,136 Branch,unspecified,Land fullscreen about:welcome by default and associated style updates
1927755,Firefox,New Tab Page,RESOLVED,FIXED,--,--,2024-10-29T13:40:22Z,2024-11-05T09:31:02Z,134 Branch,unspecified,Medium rectangle images fetched from the UAPI are being proxied through the Pocket CDN
1927761,Firefox,Messaging System,RESOLVED,FIXED,--,P1,2024-10-29T13:55:33Z,2024-11-25T16:49:05Z,---,unspecified,[Experiment] Configure and Launch sign-up / sign-in card in new profile onboarding
1927765,Firefox,Session Restore,RESOLVED,FIXED,N/A,P2,2024-10-29T14:05:37Z,2024-12-13T13:41:33Z,135 Branch,unspecified,Removing closed tab data should handle tab groups
1927767,Firefox,Session Restore,RESOLVED,FIXED,N/A,P2,2024-10-29T14:08:43Z,2024-12-31T09:55:21Z,135 Branch,unspecified,Handle the deferred restore case for tab groups
1927768,Firefox,Session Restore,RESOLVED,FIXED,N/A,P2,2024-10-29T14:09:41Z,2024-12-20T09:47:15Z,135 Branch,unspecified,Purging domain data should handle tabs in closed tab groups
1927770,Firefox,Session Restore,RESOLVED,FIXED,N/A,P2,2024-10-29T14:12:12Z,2024-12-12T21:41:05Z,135 Branch,unspecified,"Add closed tab groups to ""History > Recently Closed Tabs"" menu"
1927774,Firefox,Session Restore,RESOLVED,FIXED,N/A,P2,2024-10-29T14:13:10Z,2024-11-26T09:40:23Z,135 Branch,unspecified,"Add closed tab groups to ""History > Recently Closed Tabs"" app menu popup"
1927776,Firefox,Data Loss Prevention,RESOLVED,FIXED,S3,--,2024-10-29T14:17:33Z,2024-10-31T09:40:15Z,134 Branch,Firefox 134,Firefox DLP scans the pasted content from other webpages twice in Google/OneDrive Documents
1927780,Firefox,Address Bar,RESOLVED,FIXED,--,P1,2024-10-29T14:26:00Z,2024-12-09T14:36:59Z,135 Branch,unspecified,Reenable browser_mouseout_notification_panel.js on windows
1927789,Firefox,Tabbed Browser,RESOLVED,FIXED,--,--,2024-10-29T15:02:22Z,2024-10-30T04:06:27Z,134 Branch,unspecified,Add sthompson as a peer for Tabbed Browser
1927796,Firefox,Data Loss Prevention,VERIFIED,FIXED,S3,--,2024-10-29T15:15:06Z,2024-12-05T18:13:06Z,135 Branch,Firefox 134,Blocked dialog stacks 2-3 times after pasting content in Google/OneDrive Documents
1927820,Firefox,Messaging System,VERIFIED,FIXED,S2,P1,2024-10-29T16:10:06Z,2024-10-30T16:29:09Z,---,unspecified,[Experiment] Clicking the “Start browsing” button from the Fox Doodle Multi-Action spotlight doesn’t pin Firefox to the Start menu while enrolled in the Treatment A of the experiment
1927857,Firefox,New Tab Page,RESOLVED,FIXED,--,--,2024-10-29T17:39:27Z,2024-11-02T09:29:33Z,134 Branch,unspecified,[Sections Expt] Add prefs/nimbus controls for section update
1927869,Firefox,New Tab Page,RESOLVED,FIXED,--,--,2024-10-29T18:30:05Z,2024-11-08T04:22:32Z,134 Branch,unspecified,[Section Expt] Create Section Headline UI
1927870,Firefox,New Tab Page,RESOLVED,FIXED,--,--,2024-10-29T18:31:35Z,2024-11-16T09:27:54Z,134 Branch,unspecified,[Section Expt] Create Section Layout UI
1927872,Firefox,Messaging System,RESOLVED,FIXED,S3,P2,2024-10-29T18:32:30Z,2026-09-16T19:39:35Z,---,unspecified,about:welcome screens do not reflow at 400% zoom
1927878,Firefox,Messaging System,RESOLVED,FIXED,--,P1,2024-10-29T18:49:52Z,2024-10-30T09:33:40Z,134 Branch,unspecified,[Dev Tools] Make Attribution parameters editable
1927884,Firefox,Tabbed Browser,RESOLVED,FIXED,--,P1,2024-10-29T19:07:45Z,2024-11-09T09:38:43Z,134 Branch,unspecified,Hairline should change colour when moving between groups
1927897,Firefox,Sidebar,RESOLVED,FIXED,--,P1,2024-10-29T19:44:31Z,2024-11-08T04:22:37Z,134 Branch,Firefox 133,Replace the AI chatbot tool icon in the sidebar
1927900,Firefox,Tabbed Browser,VERIFIED,FIXED,--,P1,2024-10-29T19:48:54Z,2024-11-19T15:55:56Z,134 Branch,unspecified,Group label text coloring should follow UX Spec
1927902,Firefox,New Tab Page,RESOLVED,FIXED,--,--,2024-10-29T19:54:12Z,2024-11-07T21:32:49Z,134 Branch,unspecified,[Section Expt] Update Medium DS Card UI
1927903,Firefox,Tabbed Browser,RESOLVED,FIXED,--,--,2024-10-29T19:55:16Z,2024-11-16T09:27:58Z,134 Branch,unspecified,Re-enable the browser_fullscreen_tab_preview.js  test
1927904,Firefox,New Tab Page,RESOLVED,FIXED,--,--,2024-10-29T19:55:26Z,2024-11-19T21:46:44Z,134 Branch,unspecified,[Section Expt] Create Small Card Theme for DSCard Component
1927908,Firefox,New Tab Page,RESOLVED,FIXED,--,--,2024-10-29T19:58:36Z,2024-11-02T09:29:38Z,134 Branch,unspecified,[Section Expt] Setup Firefox/Nimbus Prefs for DS Card component experimentation
1927910,Firefox,Tabbed Browser,RESOLVED,FIXED,--,P1,2024-10-29T20:03:49Z,2024-11-08T15:58:32Z,134 Branch,unspecified,Drag and drop tab to create group creates multiple colour changes
1927915,Firefox,New Tab Page,RESOLVED,FIXED,--,--,2024-10-29T20:13:57Z,2024-11-16T09:28:01Z,134 Branch,unspecified,[Section Expt] Ad placement in sections
1927916,Firefox,New Tab Page,RESOLVED,FIXED,--,--,2024-10-29T20:15:50Z,2024-11-21T04:54:43Z,134 Branch,unspecified,[Section Expt] Update existing telemetry for section experiment
1927917,Firefox,New Tab Page,RESOLVED,FIXED,--,--,2024-10-29T20:18:24Z,2024-11-26T09:40:28Z,135 Branch,unspecified,[Section Expt] Create test suite for sections
1927927,Firefox,Tabbed Browser,VERIFIED,FIXED,S3,P2,2024-10-29T20:46:29Z,2025-01-14T21:26:30Z,136 Branch,unspecified,Moving a tab to a group should activate the group's window
1927942,Firefox,Address Bar,RESOLVED,FIXED,N/A,P3,2024-10-29T21:53:19Z,2025-12-04T09:35:39Z,147 Branch,unspecified,Consider moving UrlbarInput._on_aftercustomization to onCustomizeEnd.
1927951,Firefox,Search,VERIFIED,FIXED,--,P1,2024-10-29T23:00:38Z,2024-11-27T04:02:52Z,135 Branch,unspecified,Built in engines installed via contextual search should persist restart
1927960,Firefox,Address Bar,RESOLVED,FIXED,N/A,P1,2024-10-30T00:26:38Z,2024-11-02T09:29:42Z,134 Branch,unspecified,City-based weather suggestions should prefer cities closest to the client's geolocation
1927992,Firefox,Data Loss Prevention,VERIFIED,FIXED,S4,--,2024-10-30T07:54:35Z,2025-02-20T07:15:21Z,---,unspecified,The warning dialog stacks 2-3 times after pasting content from Google Docs to web pages or Google docs
1927994,Firefox,Tabbed Browser,RESOLVED,FIXED,S3,P1,2024-10-30T07:54:56Z,2024-12-06T17:19:38Z,135 Branch,Firefox 134,"With pinned tabs, after opening tab group, this group's tabs' layout in tab bar is moved to left"
1928064,Firefox,Data Loss Prevention,VERIFIED,FIXED,S4,--,2024-10-30T13:29:28Z,2025-02-25T09:33:05Z,137 Branch,unspecified,Content analysis notification is displayed two times when the connection to the agent cannot be established
1928073,Firefox,Firefox Accounts,RESOLVED,FIXED,S2,P2,2024-10-30T13:48:06Z,2025-12-16T17:12:45Z,148 Branch,unspecified,Use the account uid for all merge warnings
1928088,Firefox,Address Bar,VERIFIED,FIXED,--,--,2024-10-30T14:32:40Z,2024-11-09T09:38:50Z,134 Branch,unspecified,Search button search engine icons should default to magnifying glass if no icon is provided for the search engine
1928106,Firefox,PDF Viewer,RESOLVED,FIXED,--,--,2024-10-30T15:22:23Z,2024-10-31T04:53:29Z,134 Branch,unspecified,Disable HWA for pdf.js on Windows
1928107,Firefox,Nimbus Desktop Client,RESOLVED,FIXED,S3,P1,2024-10-30T15:23:26Z,2024-12-06T09:30:07Z,135 Branch,unspecified,Add a targeting context metric for the Nimbus Desktop Client
1928116,Firefox,Sidebar,RESOLVED,FIXED,--,--,2024-10-30T15:50:40Z,2024-11-09T09:38:55Z,134 Branch,Firefox 133,Update search field string in tabs from other devices
1928119,Firefox,Tabbed Browser,RESOLVED,FIXED,--,--,2024-10-30T16:09:31Z,2024-10-31T16:20:33Z,134 Branch,unspecified,Update triage owner rotation to include Jeremy and Stephen
1928125,Firefox,Messaging System,VERIFIED,FIXED,S3,P2,2024-10-30T16:44:23Z,2024-12-07T09:13:24Z,135 Branch,unspecified,'send yourself a download link' link is marked up as a button
1928129,Firefox,Theme,VERIFIED,FIXED,S4,P2,2024-10-30T16:47:03Z,2024-11-21T04:54:51Z,134 Branch,Trunk,Notification dot from the received tab is misaligned
